{
  "environment": {
    "cuda_available": true,
    "cuda_capability": [
      7,
      0
    ],
    "cuda_device": "Tesla V100-PCIE-32GB",
    "python": "3.10.8",
    "torch": "2.5.1+cu121"
  },
  "rows": [
    {
      "ablation": "full",
      "allocated_mb": 195.69384765625,
      "dataset": "tkgl-smallpedia",
      "few_shot_ratio": 1.0,
      "max_allocated_mb": 18370.71142578125,
      "method": "ssptgfm",
      "params_total": 14302623,
      "params_trainable": 14302610,
      "reserved_mb": 18898.0,
      "rough_forward_flops": 58738917376,
      "scenario": "label_split",
      "seed": 2,
      "test_ap": 0.5019742821057891,
      "test_auc": 0.7866477862543203,
      "test_edges": 163172,
      "test_ndcg": 0.9291650557033546,
      "test_tgb_hits@10": 0.10546875,
      "test_tgb_mrr": 0.08357110805075325,
      "train_align": 10110.317110103639,
      "train_candidate_rank": 0.6780120314876878,
      "train_edges": 775514,
      "train_eval_time_sec": 17930.09506827593,
      "train_kl": 33803.022473187375,
      "train_loss": 104.60693911288526,
      "train_lp": 0.1220537715454199,
      "train_meta": 0.23508506873287294,
      "train_ood_reg": 0.24002691746785068,
      "train_rank": 0.09701315630120347,
      "train_struct_aux": 0.0,
      "train_weighted_align": 101.10316880800463,
      "train_weighted_candidate_rank": 0.01356024029878563,
      "train_weighted_kl": 3.3803021633580337,
      "train_weighted_meta": 0.0011754253168099968,
      "train_weighted_ood_reg": 0.00024002692884497818,
      "train_weighted_rank": 0.0009701315416527576,
      "train_weighted_struct_aux": 0.0,
      "val_ap": 0.42149227310853055,
      "val_auc": 0.7687011718750001,
      "val_edges": 162066,
      "val_ndcg": 0.8425456713030469,
      "val_tgb_hits@10": 0.2890625,
      "val_tgb_mrr": 0.2563932396097466
    }
  ]
}