{
  "environment": {
    "cuda_available": true,
    "cuda_capability": [
      7,
      0
    ],
    "cuda_device": "Tesla V100-PCIE-32GB",
    "python": "3.10.8",
    "torch": "2.5.1+cu121"
  },
  "rows": [
    {
      "ablation": "full",
      "allocated_mb": 33.2470703125,
      "dataset": "yago15k-temporal",
      "few_shot_ratio": 1.0,
      "max_allocated_mb": 1101.64111328125,
      "method": "ssptgfm",
      "params_total": 1416735,
      "params_trainable": 1416722,
      "reserved_mb": 1220.0,
      "rough_forward_flops": 384237568,
      "scenario": "standard",
      "seed": 5,
      "test_ap": 0.15767553673710988,
      "test_auc": 0.5679128006507858,
      "test_edges": 26719,
      "test_hits@1": 0.06,
      "test_hits@10": 0.325,
      "test_hits@100": 0.5633333333333334,
      "test_hits@50": 0.5,
      "test_mrr": 0.14996779843840055,
      "test_ndcg": 0.8296569689695298,
      "train_align": 71.72477759206194,
      "train_candidate_rank": 2.0265368668325303,
      "train_edges": 3244,
      "train_eval_time_sec": 3300.8675466291606,
      "train_kl": 679.3084353754076,
      "train_loss": 1.2968504623967712,
      "train_lp": 0.5085228929399176,
      "train_meta": 0.4025784245928119,
      "train_ood_reg": 0.19531380094714085,
      "train_rank": 0.28894392838792066,
      "train_struct_aux": 0.940758144741945,
      "train_weighted_align": 0.7172477633393394,
      "train_weighted_candidate_rank": 0.10132684505767464,
      "train_weighted_kl": 0.06793084173952624,
      "train_weighted_meta": 0.002012892066729537,
      "train_weighted_ood_reg": 0.00019531381104123715,
      "train_weighted_rank": 0.0028894392085466246,
      "train_weighted_struct_aux": 0.0009407581890808754,
      "val_ap": 0.15124564090307221,
      "val_auc": 0.562100109196689,
      "val_edges": 6738,
      "val_hits@1": 0.11,
      "val_hits@10": 0.4066666666666667,
      "val_hits@100": 0.53,
      "val_hits@50": 0.47,
      "val_mrr": 0.22066560928999773,
      "val_ndcg": 0.8035548143103906
    }
  ]
}