{
  "environment": {
    "cuda_available": true,
    "cuda_capability": [
      7,
      0
    ],
    "cuda_device": "Tesla V100-PCIE-32GB",
    "python": "3.10.8",
    "torch": "2.5.1+cu121"
  },
  "rows": [
    {
      "ablation": "full",
      "allocated_mb": 195.55908203125,
      "dataset": "tkgl-smallpedia",
      "few_shot_ratio": 1.0,
      "max_allocated_mb": 18239.798828125,
      "method": "ssptgfm",
      "params_total": 14285328,
      "params_trainable": 14285328,
      "reserved_mb": 18752.0,
      "rough_forward_flops": 58738917376,
      "scenario": "label_split",
      "seed": 4,
      "test_ap": 0.4191152690078437,
      "test_auc": 0.7342040861818632,
      "test_edges": 163172,
      "test_hits@1": 0.0425,
      "test_hits@10": 0.0825,
      "test_hits@100": 0.1125,
      "test_hits@50": 0.105,
      "test_mrr": 0.056527163158617555,
      "test_ndcg": 0.893106596676558,
      "train_align": 7385.3232403568345,
      "train_edges": 775514,
      "train_eval_time_sec": 18200.857244793326,
      "train_kl": 25414.42383951797,
      "train_loss": 764.1232485346682,
      "train_lp": 0.17461584349612788,
      "train_meta": 0.17556547461138194,
      "train_ood_reg": 0.2005827026661597,
      "train_weighted_align": 738.5323359193358,
      "train_weighted_kl": 25.414425059553917,
      "train_weighted_meta": 0.0008778273538579466,
      "train_weighted_ood_reg": 0.001002913489658445,
      "val_ap": 0.4271369550175006,
      "val_auc": 0.7558741948822073,
      "val_edges": 162066,
      "val_ndcg": 0.8962138080867644
    },
    {
      "ablation": "baseline",
      "dataset": "tkgl-smallpedia",
      "few_shot_ratio": 1.0,
      "method": "lm_mlp",
      "params_total": 187649,
      "params_trainable": 187649,
      "scenario": "label_split",
      "seed": 4,
      "test_ap": 0.07587481616829032,
      "test_auc": 0.609637979306498,
      "test_edges": 163172,
      "test_hits@1": 0.0,
      "test_hits@10": 0.0,
      "test_hits@100": 0.0025,
      "test_hits@50": 0.0,
      "test_mrr": 0.00025824996758025187,
      "test_ndcg": 0.8037810302774965,
      "train_edges": 775514,
      "train_eval_time_sec": 2265.14674320817,
      "val_ap": 0.12913544748133304,
      "val_auc": 0.7036675711927176,
      "val_edges": 162066,
      "val_ndcg": 0.8334115675974152
    },
    {
      "ablation": "baseline",
      "dataset": "tkgl-smallpedia",
      "few_shot_ratio": 1.0,
      "method": "structure_mlp",
      "params_total": 89729,
      "params_trainable": 89729,
      "scenario": "label_split",
      "seed": 4,
      "test_ap": 0.4460683546196152,
      "test_auc": 0.7850588188982139,
      "test_edges": 163172,
      "test_hits@1": 0.035,
      "test_hits@10": 0.105,
      "test_hits@100": 0.1175,
      "test_hits@50": 0.115,
      "test_mrr": 0.05631282471379075,
      "test_ndcg": 0.9037477857679818,
      "train_edges": 775514,
      "train_eval_time_sec": 24146.19138982147,
      "val_ap": 0.4466839376486505,
      "val_auc": 0.7924917811491278,
      "val_edges": 162066,
      "val_ndcg": 0.9040377464546134
    }
  ]
}