{
  "environment": {
    "cuda_available": true,
    "cuda_capability": [
      7,
      0
    ],
    "cuda_device": "Tesla V100-PCIE-32GB",
    "python": "3.10.8",
    "torch": "2.5.1+cu121"
  },
  "rows": [
    {
      "ablation": "full",
      "allocated_mb": 33.1123046875,
      "dataset": "yago15k-temporal",
      "few_shot_ratio": 1.0,
      "max_allocated_mb": 252.873046875,
      "method": "ssptgfm",
      "params_total": 1399440,
      "params_trainable": 1399440,
      "reserved_mb": 324.0,
      "rough_forward_flops": 384237568,
      "scenario": "standard",
      "seed": 4,
      "test_ap": 0.1386739203285892,
      "test_auc": 0.5932054666027177,
      "test_edges": 26719,
      "test_hits@1": 0.095,
      "test_hits@10": 0.31,
      "test_hits@100": 0.51,
      "test_hits@50": 0.4525,
      "test_mrr": 0.17644593940128975,
      "test_ndcg": 0.8195067444901059,
      "train_align": 298.38665373648627,
      "train_edges": 3244,
      "train_eval_time_sec": 2214.1678824089468,
      "train_kl": 1478.7685368424754,
      "train_loss": 16.166779530755544,
      "train_lp": 0.5028154687103579,
      "train_meta": 0.5021216497930178,
      "train_ood_reg": 0.22544198584253505,
      "val_ap": 0.14915216001353904,
      "val_auc": 0.6164900997880118,
      "val_edges": 6738,
      "val_ndcg": 0.8029668024352841
    },
    {
      "ablation": "baseline",
      "dataset": "yago15k-temporal",
      "few_shot_ratio": 1.0,
      "method": "lm_mlp",
      "params_total": 117633,
      "params_trainable": 117633,
      "scenario": "standard",
      "seed": 4,
      "test_ap": 0.14555965032246965,
      "test_auc": 0.7027875221615107,
      "test_edges": 26719,
      "test_hits@1": 0.0,
      "test_hits@10": 0.015,
      "test_hits@100": 0.2375,
      "test_hits@50": 0.1225,
      "test_mrr": 0.010645876222268268,
      "test_ndcg": 0.8201935166688415,
      "train_edges": 3244,
      "train_eval_time_sec": 49.744198214262724,
      "val_ap": 0.18780311918544831,
      "val_auc": 0.7563664008818904,
      "val_edges": 6738,
      "val_ndcg": 0.8160056186923093
    },
    {
      "ablation": "baseline",
      "dataset": "yago15k-temporal",
      "few_shot_ratio": 1.0,
      "method": "structure_mlp",
      "params_total": 19713,
      "params_trainable": 19713,
      "scenario": "standard",
      "seed": 4,
      "test_ap": 0.1392221597989381,
      "test_auc": 0.6522826425631184,
      "test_edges": 26719,
      "test_hits@1": 0.08,
      "test_hits@10": 0.22,
      "test_hits@100": 0.6,
      "test_hits@50": 0.3725,
      "test_mrr": 0.14074848782316984,
      "test_ndcg": 0.8171065632323987,
      "train_edges": 3244,
      "train_eval_time_sec": 2181.8689012229443,
      "val_ap": 0.1416952743790077,
      "val_auc": 0.6151304814090303,
      "val_edges": 6738,
      "val_ndcg": 0.7958136922655097
    }
  ]
}