{
  "environment": {
    "cuda_available": true,
    "cuda_capability": [
      7,
      0
    ],
    "cuda_device": "Tesla V100-PCIE-32GB",
    "python": "3.10.8",
    "torch": "2.5.1+cu121"
  },
  "rows": [
    {
      "ablation": "full",
      "allocated_mb": 62.34765625,
      "dataset": "icews14",
      "few_shot_ratio": 1.0,
      "max_allocated_mb": 1757.5625,
      "method": "ssptgfm",
      "params_total": 4627743,
      "params_trainable": 4627730,
      "reserved_mb": 1988.0,
      "rough_forward_flops": 4794548224,
      "scenario": "standard",
      "seed": 3,
      "test_ap": 0.7229352316295155,
      "test_auc": 0.9299957894204027,
      "test_edges": 14378,
      "test_hits@1": 0.306,
      "test_hits@10": 0.66,
      "test_hits@100": 0.844,
      "test_hits@50": 0.804,
      "test_mrr": 0.4234710913164057,
      "test_ndcg": 0.9561192904689435,
      "train_align": 1163.5892378264782,
      "train_edges": 61760,
      "train_eval_time_sec": 3590.2282495312393,
      "train_kl": 4993.646828565411,
      "train_loss": 60.998056187349206,
      "train_lp": 0.3185522955422308,
      "train_meta": 0.31102092271926357,
      "train_ood_reg": 0.20824281859631633,
      "train_rank": 0.15549763114575077,
      "train_struct_aux": 1.454195736436283,
      "train_weighted_align": 58.179462911568436,
      "train_weighted_kl": 2.49682352846744,
      "train_weighted_meta": 0.0015551045810913338,
      "train_weighted_ood_reg": 0.00020824282843272623,
      "train_weighted_rank": 0.00015549763865077267,
      "train_weighted_struct_aux": 0.0014541958072953219,
      "val_ap": 0.707326648865186,
      "val_auc": 0.9192608026402954,
      "val_edges": 14592,
      "val_hits@1": 0.235,
      "val_hits@10": 0.57,
      "val_hits@100": 0.815,
      "val_hits@50": 0.765,
      "val_mrr": 0.3384755136223987,
      "val_ndcg": 0.9523021111114681
    }
  ]
}