{
  "environment": {
    "cuda_available": true,
    "cuda_capability": [
      7,
      0
    ],
    "cuda_device": "Tesla V100-PCIE-32GB",
    "python": "3.10.8",
    "torch": "2.5.1+cu121"
  },
  "rows": [
    {
      "ablation": "full",
      "allocated_mb": 48.81201171875,
      "dataset": "tkgl-yago",
      "few_shot_ratio": 1.0,
      "max_allocated_mb": 10631.80859375,
      "method": "ssptgfm",
      "params_total": 2230544,
      "params_trainable": 2230544,
      "reserved_mb": 10824.0,
      "rough_forward_flops": 24227184640,
      "scenario": "label_split",
      "seed": 4,
      "test_ap": 0.8970531908449701,
      "test_auc": 0.9494577841774833,
      "test_edges": 40052,
      "test_hits@1": 0.85,
      "test_hits@10": 0.9,
      "test_hits@100": 0.925,
      "test_hits@50": 0.92,
      "test_mrr": 0.8745002729676365,
      "test_ndcg": 0.9852063143957264,
      "train_align": 29520.0300396259,
      "train_edges": 323080,
      "train_eval_time_sec": 9271.204842604697,
      "train_kl": 16351.618250098596,
      "train_loss": 149.30658659079137,
      "train_lp": 0.07034634825510856,
      "train_meta": 0.1430328661572882,
      "train_ood_reg": 0.22002696769359784,
      "train_weighted_align": 147.60014663353945,
      "train_weighted_kl": 1.635161819576453,
      "train_weighted_meta": 0.000715164317276472,
      "train_weighted_ood_reg": 0.00022002697843186652,
      "val_ap": 0.843976425489782,
      "val_auc": 0.9340474249145663,
      "val_edges": 39046,
      "val_hits@1": 0.86,
      "val_hits@10": 0.9,
      "val_hits@100": 0.9,
      "val_hits@50": 0.9,
      "val_mrr": 0.876458759767142,
      "val_ndcg": 0.9780443797608289
    }
  ]
}