{
  "environment": {
    "cuda_available": true,
    "cuda_capability": [
      7,
      0
    ],
    "cuda_device": "Tesla V100-PCIE-32GB",
    "python": "3.10.8",
    "torch": "2.5.1+cu121"
  },
  "rows": [
    {
      "ablation": "full",
      "allocated_mb": 48.94677734375,
      "dataset": "tkgl-yago",
      "few_shot_ratio": 1.0,
      "max_allocated_mb": 7877.12890625,
      "method": "ssptgfm",
      "params_total": 2247839,
      "params_trainable": 2247826,
      "reserved_mb": 7970.0,
      "rough_forward_flops": 24174428160,
      "scenario": "label_split",
      "seed": 5,
      "test_ap": 0.9151471419145324,
      "test_auc": 0.9633697044236978,
      "test_edges": 40052,
      "test_ndcg": 0.9884409514719051,
      "test_tgb_hits@10": 0.91015625,
      "test_tgb_mrr": 0.8991670602138494,
      "train_align": 6540.5181779111,
      "train_candidate_rank": 0.4641178686605022,
      "train_edges": 323080,
      "train_eval_time_sec": 11792.369482442737,
      "train_kl": 22292.104265786813,
      "train_loss": 67.72181534780641,
      "train_lp": 0.08624901313506246,
      "train_meta": 0.18941548538371897,
      "train_ood_reg": 0.22805026817994198,
      "train_rank": 0.07341511857684341,
      "train_struct_aux": 0.0,
      "train_weighted_align": 65.40518028020838,
      "train_weighted_candidate_rank": 0.02320589383230756,
      "train_weighted_kl": 2.229210357419909,
      "train_weighted_meta": 0.000947077404536452,
      "train_weighted_ood_reg": 0.00022805027910482274,
      "train_weighted_rank": 0.0007341511677637629,
      "train_weighted_struct_aux": 0.0,
      "val_ap": 0.8814536736084482,
      "val_auc": 0.9585327148437501,
      "val_edges": 39046,
      "val_ndcg": 0.9755252528289394,
      "val_tgb_hits@10": 0.7421875,
      "val_tgb_mrr": 0.7063912644374196
    }
  ]
}