{
  "environment": {
    "cuda_available": true,
    "cuda_capability": [
      7,
      0
    ],
    "cuda_device": "Tesla V100-PCIE-32GB",
    "python": "3.10.8",
    "torch": "2.5.1+cu121"
  },
  "rows": [
    {
      "ablation": "full",
      "allocated_mb": 31.658203125,
      "dataset": "synthetic",
      "few_shot_ratio": 1.0,
      "max_allocated_mb": 124.35595703125,
      "method": "ssptgfm",
      "params_total": 1966288,
      "params_trainable": 1966288,
      "reserved_mb": 164.0,
      "rough_forward_flops": 288571392,
      "scenario": "new_node_inductive",
      "seed": 1,
      "test_ap": 0.18667164058672883,
      "test_auc": 0.8369822485207101,
      "test_edges": 78,
      "test_hits@1": 0.05128205128205128,
      "test_hits@10": 0.1794871794871795,
      "test_hits@100": 0.75,
      "test_hits@50": 0.6666666666666666,
      "test_mrr": 0.10872801231867914,
      "test_ndcg": 0.62771631626406,
      "train_align": 69.91292939867292,
      "train_edges": 760,
      "train_eval_time_sec": 91.61649352312088,
      "train_kl": 1381.88472202846,
      "train_loss": 4.613411183868136,
      "train_lp": 0.424677471231137,
      "train_meta": 0.3827723428340895,
      "train_ood_reg": 0.23090728079634054,
      "val_ap": 0.1585352260972151,
      "val_auc": 0.8672,
      "val_edges": 65,
      "val_ndcg": 0.5927303083798404
    },
    {
      "ablation": "baseline",
      "dataset": "synthetic",
      "few_shot_ratio": 1.0,
      "method": "lm_mlp",
      "params_total": 222721,
      "params_trainable": 222721,
      "scenario": "new_node_inductive",
      "seed": 1,
      "test_ap": 0.1562481953136425,
      "test_auc": 0.8069000657462195,
      "test_edges": 78,
      "test_hits@1": 0.019230769230769232,
      "test_hits@10": 0.14102564102564102,
      "test_hits@100": 0.8141025641025641,
      "test_hits@50": 0.7051282051282052,
      "test_mrr": 0.06534223352310416,
      "test_ndcg": 0.5955837342236745,
      "train_edges": 760,
      "train_eval_time_sec": 25.40790208429098,
      "val_ap": 0.14059013415532876,
      "val_auc": 0.7959668639053255,
      "val_edges": 65,
      "val_ndcg": 0.5684254404277957
    },
    {
      "ablation": "baseline",
      "dataset": "synthetic",
      "few_shot_ratio": 1.0,
      "method": "structure_mlp",
      "params_total": 38977,
      "params_trainable": 38977,
      "scenario": "new_node_inductive",
      "seed": 1,
      "test_ap": 0.04504598179212384,
      "test_auc": 0.5459533201840894,
      "test_edges": 78,
      "test_hits@1": 0.01282051282051282,
      "test_hits@10": 0.10897435897435898,
      "test_hits@100": 0.6153846153846154,
      "test_hits@50": 0.42948717948717946,
      "test_mrr": 0.05663065444249151,
      "test_ndcg": 0.49625267877923956,
      "train_edges": 760,
      "train_eval_time_sec": 26.025636930018663,
      "val_ap": 0.04020020136035958,
      "val_auc": 0.4893207100591716,
      "val_edges": 65,
      "val_ndcg": 0.4712996061995512
    },
    {
      "ablation": "full",
      "allocated_mb": 31.9580078125,
      "dataset": "synthetic",
      "few_shot_ratio": 1.0,
      "max_allocated_mb": 124.65576171875,
      "method": "ssptgfm",
      "params_total": 1966288,
      "params_trainable": 1966288,
      "reserved_mb": 164.0,
      "rough_forward_flops": 288571392,
      "scenario": "new_node_inductive",
      "seed": 2,
      "test_ap": 0.1940289852876423,
      "test_auc": 0.8329059829059828,
      "test_edges": 78,
      "test_hits@1": 0.038461538461538464,
      "test_hits@10": 0.21153846153846154,
      "test_hits@100": 0.7371794871794872,
      "test_hits@50": 0.6666666666666666,
      "test_mrr": 0.10290665760036091,
      "test_ndcg": 0.6516448573682855,
      "train_align": 104.14619050707135,
      "train_edges": 760,
      "train_eval_time_sec": 79.1956158876419,
      "train_kl": 1262.426777430943,
      "train_loss": 6.346820141587939,
      "train_lp": 0.5055326188781432,
      "train_meta": 0.5067508587879794,
      "train_ood_reg": 0.2307221189673458,
      "val_ap": 0.1880060824234709,
      "val_auc": 0.8837869822485208,
      "val_edges": 65,
      "val_ndcg": 0.6131356931524575
    },
    {
      "ablation": "baseline",
      "dataset": "synthetic",
      "few_shot_ratio": 1.0,
      "method": "lm_mlp",
      "params_total": 222721,
      "params_trainable": 222721,
      "scenario": "new_node_inductive",
      "seed": 2,
      "test_ap": 0.1435381655787202,
      "test_auc": 0.8069066403681788,
      "test_edges": 78,
      "test_hits@1": 0.01282051282051282,
      "test_hits@10": 0.1346153846153846,
      "test_hits@100": 0.8012820512820513,
      "test_hits@50": 0.6923076923076923,
      "test_mrr": 0.06555424596676013,
      "test_ndcg": 0.5888483366781604,
      "train_edges": 760,
      "train_eval_time_sec": 25.092080134898424,
      "val_ap": 0.14091791078297622,
      "val_auc": 0.7910011834319526,
      "val_edges": 65,
      "val_ndcg": 0.5799749462444492
    },
    {
      "ablation": "baseline",
      "dataset": "synthetic",
      "few_shot_ratio": 1.0,
      "method": "structure_mlp",
      "params_total": 38977,
      "params_trainable": 38977,
      "scenario": "new_node_inductive",
      "seed": 2,
      "test_ap": 0.04535070552500366,
      "test_auc": 0.5426594345825115,
      "test_edges": 78,
      "test_hits@1": 0.00641025641025641,
      "test_hits@10": 0.11538461538461539,
      "test_hits@100": 0.5961538461538461,
      "test_hits@50": 0.4166666666666667,
      "test_mrr": 0.05280334625160251,
      "test_ndcg": 0.502453314616562,
      "train_edges": 760,
      "train_eval_time_sec": 29.247210942208767,
      "val_ap": 0.03959739570105896,
      "val_auc": 0.4939739644970415,
      "val_edges": 65,
      "val_ndcg": 0.4708068002078312
    },
    {
      "ablation": "full",
      "allocated_mb": 31.9580078125,
      "dataset": "synthetic",
      "few_shot_ratio": 1.0,
      "max_allocated_mb": 124.65576171875,
      "method": "ssptgfm",
      "params_total": 1966288,
      "params_trainable": 1966288,
      "reserved_mb": 164.0,
      "rough_forward_flops": 288571392,
      "scenario": "new_node_inductive",
      "seed": 3,
      "test_ap": 0.1476944600985091,
      "test_auc": 0.8324128862590401,
      "test_edges": 78,
      "test_hits@1": 0.04487179487179487,
      "test_hits@10": 0.23717948717948717,
      "test_hits@100": 0.8076923076923077,
      "test_hits@50": 0.7051282051282052,
      "test_mrr": 0.11506250700960699,
      "test_ndcg": 0.5954698454406235,
      "train_align": 68.01998785563877,
      "train_edges": 760,
      "train_eval_time_sec": 90.89202883839607,
      "train_kl": 1497.9092734200615,
      "train_loss": 4.596196613141468,
      "train_lp": 0.4437862586762224,
      "train_meta": 0.4450872756008591,
      "train_ood_reg": 0.23077850096992084,
      "val_ap": 0.16307516494338015,
      "val_auc": 0.8475834319526627,
      "val_edges": 65,
      "val_ndcg": 0.6055327213124919
    },
    {
      "ablation": "baseline",
      "dataset": "synthetic",
      "few_shot_ratio": 1.0,
      "method": "lm_mlp",
      "params_total": 222721,
      "params_trainable": 222721,
      "scenario": "new_node_inductive",
      "seed": 3,
      "test_ap": 0.1455913897038988,
      "test_auc": 0.7842800788954636,
      "test_edges": 78,
      "test_hits@1": 0.02564102564102564,
      "test_hits@10": 0.14102564102564102,
      "test_hits@100": 0.7692307692307693,
      "test_hits@50": 0.6987179487179487,
      "test_mrr": 0.07500238782969158,
      "test_ndcg": 0.5863494947785824,
      "train_edges": 760,
      "train_eval_time_sec": 26.813082844018936,
      "val_ap": 0.12924223722466824,
      "val_auc": 0.7836970414201184,
      "val_edges": 65,
      "val_ndcg": 0.5627587624983519
    },
    {
      "ablation": "baseline",
      "dataset": "synthetic",
      "few_shot_ratio": 1.0,
      "method": "structure_mlp",
      "params_total": 38977,
      "params_trainable": 38977,