{
  "environment": {
    "cuda_available": true,
    "cuda_capability": [
      7,
      0
    ],
    "cuda_device": "Tesla V100-PCIE-32GB",
    "python": "3.10.8",
    "torch": "2.5.1+cu121"
  },
  "rows": [
    {
      "ablation": "full",
      "allocated_mb": 48.81201171875,
      "dataset": "tkgl-yago",
      "few_shot_ratio": 1.0,
      "max_allocated_mb": 8342.7021484375,
      "method": "ssptgfm",
      "params_total": 2230544,
      "params_trainable": 2230544,
      "reserved_mb": 8522.0,
      "rough_forward_flops": 24227184640,
      "scenario": "label_split",
      "seed": 3,
      "test_ap": 0.8498979377185933,
      "test_auc": 0.9494841760452747,
      "test_edges": 40052,
      "test_hits@1": 0.23,
      "test_hits@10": 0.595,
      "test_hits@100": 0.845,
      "test_hits@50": 0.78,
      "test_mrr": 0.346302843754258,
      "test_ndcg": 0.9798319865644377,
      "train_align": 13958.950342579377,
      "train_edges": 323080,
      "train_eval_time_sec": 1796.2657478004694,
      "train_kl": 75599.39823217147,
      "train_loss": 735.9055190746601,
      "train_lp": 0.15658154940375915,
      "train_meta": 0.14840199547724273,
      "train_ood_reg": 0.2127175781971369,
      "train_weighted_align": 697.9475306877723,
      "train_weighted_kl": 37.79970100965255,
      "train_weighted_meta": 0.0014840198946610775,
      "train_weighted_ood_reg": 0.00021271758827750976,
      "val_ap": 0.802519293026581,
      "val_auc": 0.9328450773584841,
      "val_edges": 39046,
      "val_ndcg": 0.9730066090185759
    },
    {
      "ablation": "baseline",
      "dataset": "tkgl-yago",
      "few_shot_ratio": 1.0,
      "method": "lm_mlp",
      "params_total": 117761,
      "params_trainable": 117761,
      "scenario": "label_split",
      "seed": 3,
      "test_ap": 0.3942378589155764,
      "test_auc": 0.8292202946952444,
      "test_edges": 40052,
      "test_hits@1": 0.0,
      "test_hits@10": 0.0,
      "test_hits@100": 0.24,
      "test_hits@50": 0.12,
      "test_mrr": 0.007127162722585563,
      "test_ndcg": 0.9036414542791837,
      "train_edges": 323080,
      "train_eval_time_sec": 586.6482639983296,
      "val_ap": 0.4326870886311679,
      "val_auc": 0.8677463161843035,
      "val_edges": 39046,
      "val_ndcg": 0.9123322217908402
    },
    {
      "ablation": "baseline",
      "dataset": "tkgl-yago",
      "few_shot_ratio": 1.0,
      "method": "structure_mlp",
      "params_total": 19841,
      "params_trainable": 19841,
      "scenario": "label_split",
      "seed": 3,
      "test_ap": 0.8997776448761932,
      "test_auc": 0.9525873838355989,
      "test_edges": 40052,
      "test_hits@1": 0.87,
      "test_hits@10": 0.92,
      "test_hits@100": 0.92,
      "test_hits@50": 0.92,
      "test_mrr": 0.8951157875803643,
      "test_ndcg": 0.9851507694386317,
      "train_edges": 323080,
      "train_eval_time_sec": 2063.9685490354896,
      "val_ap": 0.8451738091061787,
      "val_auc": 0.9359844048405204,
      "val_edges": 39046,
      "val_ndcg": 0.9772909598098082
    }
  ]
}