{
  "rows": [
    {
      "ablation": "full",
      "allocated_mb": 195.69384765625,
      "dataset": "tkgl-smallpedia",
      "few_shot_ratio": 1.0,
      "max_allocated_mb": 18369.92236328125,
      "method": "ssptgfm",
      "params_total": 14302623,
      "params_trainable": 14302610,
      "reserved_mb": 18896.0,
      "rough_forward_flops": 58738917376,
      "scenario": "label_split",
      "seed": 1,
      "test_ap": 0.49961087368845936,
      "test_auc": 0.7775256061460591,
      "test_edges": 163172,
      "test_ndcg": 0.9276165779473153,
      "test_tgb_hits@10": 0.12109375,
      "test_tgb_mrr": 0.0963221516596768,
      "train_align": 10293.038765753312,
      "train_candidate_rank": 0.6851769805417516,
      "train_edges": 775514,
      "train_eval_time_sec": 17496.317476958036,
      "train_kl": 29604.545149559115,
      "train_loss": 106.01311601403609,
      "train_lp": 0.12087899472994758,
      "train_meta": 0.24180398344969334,
      "train_ood_reg": 0.1881364205211458,
      "train_rank": 0.09537737907053388,
      "train_struct_aux": 0.0,
      "train_weighted_align": 102.93038537439337,
      "train_weighted_candidate_rank": 0.013703539309968194,
      "train_weighted_kl": 2.9604544412908123,
      "train_weighted_meta": 0.0012090198917507685,
      "train_weighted_ood_reg": 0.0001881364293405165,
      "train_weighted_rank": 0.0009537737694339105,
      "train_weighted_struct_aux": 0.0,
      "val_ap": 0.40224112509739895,
      "val_auc": 0.7480102539062501,
      "val_edges": 162066,
      "val_ndcg": 0.8338063645345363,
      "val_tgb_hits@10": 0.28125,
      "val_tgb_mrr": 0.25993523603009616
    },
    {
      "ablation": "full",
      "allocated_mb": 195.69384765625,
      "dataset": "tkgl-smallpedia",
      "few_shot_ratio": 1.0,
      "max_allocated_mb": 18370.71142578125,
      "method": "ssptgfm",
      "params_total": 14302623,
      "params_trainable": 14302610,
      "reserved_mb": 18898.0,
      "rough_forward_flops": 58738917376,
      "scenario": "label_split",
      "seed": 2,
      "test_ap": 0.5019742821057891,
      "test_auc": 0.7866477862543203,
      "test_edges": 163172,
      "test_ndcg": 0.9291650557033546,
      "test_tgb_hits@10": 0.10546875,
      "test_tgb_mrr": 0.08357110805075325,
      "train_align": 10110.317110103639,
      "train_candidate_rank": 0.6780120314876878,
      "train_edges": 775514,
      "train_eval_time_sec": 17930.09506827593,
      "train_kl": 33803.022473187375,
      "train_loss": 104.60693911288526,
      "train_lp": 0.1220537715454199,
      "train_meta": 0.23508506873287294,
      "train_ood_reg": 0.24002691746785068,
      "train_rank": 0.09701315630120347,
      "train_struct_aux": 0.0,
      "train_weighted_align": 101.10316880800463,
      "train_weighted_candidate_rank": 0.01356024029878563,
      "train_weighted_kl": 3.3803021633580337,
      "train_weighted_meta": 0.0011754253168099968,
      "train_weighted_ood_reg": 0.00024002692884497818,
      "train_weighted_rank": 0.0009701315416527576,
      "train_weighted_struct_aux": 0.0,
      "val_ap": 0.42149227310853055,
      "val_auc": 0.7687011718750001,
      "val_edges": 162066,
      "val_ndcg": 0.8425456713030469,
      "val_tgb_hits@10": 0.2890625,
      "val_tgb_mrr": 0.2563932396097466
    },
    {
      "ablation": "full",
      "allocated_mb": 195.69384765625,
      "dataset": "tkgl-smallpedia",
      "few_shot_ratio": 1.0,
      "max_allocated_mb": 18370.2431640625,
      "method": "ssptgfm",
      "params_total": 14302623,
      "params_trainable": 14302610,
      "reserved_mb": 18938.0,
      "rough_forward_flops": 58738917376,
      "scenario": "label_split",
      "seed": 3,
      "test_ap": 0.5139945124530958,
      "test_auc": 0.8041260098164664,
      "test_edges": 163172,
      "test_ndcg": 0.9327281163603878,
      "test_tgb_hits@10": 0.10546875,
      "test_tgb_mrr": 0.08574360245140772,
      "train_align": 12704.291239304534,
      "train_candidate_rank": 0.8423684208761071,
      "train_edges": 775514,
      "train_eval_time_sec": 15484.445863164961,
      "train_kl": 53901.65645682622,
      "train_loss": 132.57604623689116,
      "train_lp": 0.14145786235442986,
      "train_meta": 0.2568702812149419,
      "train_ood_reg": 0.22932304652085636,
      "train_rank": 0.10200121679688591,
      "train_struct_aux": 0.0,
      "train_weighted_align": 127.04290962762222,
      "train_weighted_candidate_rank": 0.01684736805338643,
      "train_weighted_kl": 5.3901655115282265,
      "train_weighted_meta": 0.0012843513763910984,
      "train_weighted_ood_reg": 0.0002293230573992627,
      "train_weighted_rank": 0.001020012144184139,
      "train_weighted_struct_aux": 0.0,
      "val_ap": 0.5017842827379161,
      "val_auc": 0.8015136718750001,
      "val_edges": 162066,
      "val_ndcg": 0.8710564305414977,
      "val_tgb_hits@10": 0.3046875,
      "val_tgb_mrr": 0.2597097198375026
    },
    {
      "ablation": "full",
      "allocated_mb": 195.69384765625,
      "dataset": "tkgl-smallpedia",
      "few_shot_ratio": 1.0,
      "max_allocated_mb": 18369.60986328125,
      "method": "ssptgfm",
      "params_total": 14302623,
      "params_trainable": 14302610,
      "reserved_mb": 18936.0,
      "rough_forward_flops": 58738917376,
      "scenario": "label_split",
      "seed": 4,
      "test_ap": 0.5306197821306823,
      "test_auc": 0.8164195193554759,
      "test_edges": 163172,
      "test_ndcg": 0.9361828690700046,
      "test_tgb_hits@10": 0.1015625,
      "test_tgb_mrr": 0.07977908559734748,
      "train_align": 12773.998336681227,
      "train_candidate_rank": 0.8317551812616697,
      "train_edges": 775514,
      "train_eval_time_sec": 15676.999624408782,
      "train_kl": 52788.11696369144,
      "train_loss": 133.16156812674998,
      "train_lp": 0.14130354114946622,
      "train_meta": 0.2519693780059947,
      "train_ood_reg": 0.21271310191323367,
      "train_rank": 0.10076223263052253,
      "train_struct_aux": 0.0,
      "train_weighted_align": 127.73998043857796,
      "train_weighted_candidate_rank": 0.016635103241112458,
      "train_weighted_kl": 5.278811564548957,
      "train_weighted_meta": 0.0012598468612392312,
      "train_weighted_ood_reg": 0.00021271311196618332,
      "train_weighted_rank": 0.0010076223028330882,
      "train_weighted_struct_aux": 0.0,
      "val_ap": 0.5288486321066901,
      "val_auc": 0.8311767578125,
      "val_edges": 162066,
      "val_ndcg": 0.881847113996707,
      "val_tgb_hits@10": 0.296875,
      "val_tgb_mrr": 0.2575196107493199
    },
    {
      "ablation": "full",
      "allocated_mb": 195.69384765625,
      "dataset": "tkgl-smallpedia",
      "few_shot_ratio": 1.0,
      "max_allocated_mb": 18371.36474609375,
      "method": "ssptgfm",
      "params_total": 14302623,
      "params_trainable": 14302610,
      "reserved_mb": 18918.0,
      "rough_forward_flops": 58738917376,
      "scenario": "label_split",
      "seed": 5,
      "test_ap": 0.5221082350732033,
      "test_auc": 0.7997932993632854,
      "test_edges": 163172,
      "test_ndcg": 0.9331331724028369,
      "test_tgb_hits@10": 0.1640625,
      "test_tgb_mrr": 0.0984452030135467,
      "train_align": 10297.251569539783,
      "train_candidate_rank": 0.671790849252223,
      "train_edges": 775514,
      "train_eval_time_sec": 17602.36121113971,
      "train_kl": 30548.657020417915,
      "train_loss": 106.15053434781231,
      "train_lp": 0.12172766646754232,
      "train_meta": 0.23798185775449057,
      "train_ood_reg": 0.23853198043769078,
      "train_rank": 0.09500825668448237,
      "train_struct_aux": 0.0,
      "train_weighted_align": 102.97251339795945,
      "train_weighted_candidate_rank": 0.013435816666731947,
      "train_weighted_kl": 3.0548656232186713,
      "train_weighted_meta": 0.001189909262429352,
      "train_weighted_ood_reg": 0.00023853199183487708,
      "train_weighted_rank": 0.0009500825454145956,
      "train_weighted_struct_aux": 0.0,