{
  "environment": {
    "cuda_available": true,
    "cuda_capability": [
      7,
      0
    ],
    "cuda_device": "Tesla V100-PCIE-32GB",
    "python": "3.10.8",
    "torch": "2.5.1+cu121"
  },
  "rows": [
    {
      "ablation": "full",
      "allocated_mb": 72.60009765625,
      "dataset": "icews05-15",
      "few_shot_ratio": 1.0,
      "max_allocated_mb": 7450.98291015625,
      "method": "ssptgfm",
      "params_total": 5322768,
      "params_trainable": 5322768,
      "reserved_mb": 7824.0,
      "rough_forward_flops": 24506974208,
      "scenario": "standard",
      "seed": 3,
      "test_ap": 0.6768701465345831,
      "test_auc": 0.9071447335705,
      "test_edges": 74087,
      "test_hits@1": 0.03,
      "test_hits@10": 0.195,
      "test_hits@100": 0.56,
      "test_hits@50": 0.44,
      "test_mrr": 0.0927578724395875,
      "test_ndcg": 0.9597406123675518,
      "train_align": 381.69113187711883,
      "train_edges": 326918,
      "train_eval_time_sec": 24485.32331720367,
      "train_kl": 466.50656713026353,
      "train_loss": 19.546393087626097,
      "train_lp": 0.22608921515193117,
      "train_meta": 0.23001703420348799,
      "train_ood_reg": 0.19350976011626705,
      "train_weighted_align": 19.084556916098457,
      "train_weighted_kl": 0.2332532950284371,
      "train_weighted_meta": 0.0023001702896523076,
      "train_weighted_ood_reg": 0.00019350976941976046,
      "val_ap": 0.7446463084492755,
      "val_auc": 0.931311996848431,
      "val_edges": 60324,
      "val_ndcg": 0.9689577906655706
    },
    {
      "ablation": "baseline",
      "dataset": "icews05-15",
      "few_shot_ratio": 1.0,
      "method": "lm_mlp",
      "params_total": 147329,
      "params_trainable": 147329,
      "scenario": "standard",
      "seed": 3,
      "test_ap": 0.7633150686225186,
      "test_auc": 0.9163948103232211,
      "test_edges": 74087,
      "test_hits@1": 0.04,
      "test_hits@10": 0.275,
      "test_hits@100": 0.63,
      "test_hits@50": 0.55,
      "test_mrr": 0.13268846264056683,
      "test_ndcg": 0.9691337975611409,
      "train_edges": 326918,
      "train_eval_time_sec": 1443.2163498438895,
      "val_ap": 0.8274632653180147,
      "val_auc": 0.9486597154337908,
      "val_edges": 60324,
      "val_ndcg": 0.9791081278340915
    },
    {
      "ablation": "baseline",
      "dataset": "icews05-15",
      "few_shot_ratio": 1.0,
      "method": "structure_mlp",
      "params_total": 49409,
      "params_trainable": 49409,
      "scenario": "standard",
      "seed": 3,
      "test_ap": 0.8387163590149613,
      "test_auc": 0.939768432907344,
      "test_edges": 74087,
      "test_hits@1": 0.245,
      "test_hits@10": 0.63,
      "test_hits@100": 0.86,
      "test_hits@50": 0.835,
      "test_mrr": 0.3718350451243878,
      "test_ndcg": 0.9797692077343665,
      "train_edges": 326918,
      "train_eval_time_sec": 13063.7858674936,
      "val_ap": 0.8623886550991288,
      "val_auc": 0.9506328469518804,
      "val_edges": 60324,
      "val_ndcg": 0.9828878628597484
    }
  ]
}