{
  "environment": {
    "cuda_available": true,
    "cuda_capability": [
      7,
      0
    ],
    "cuda_device": "Tesla V100-PCIE-32GB",
    "python": "3.10.8",
    "torch": "2.5.1+cu121"
  },
  "rows": [
    {
      "ablation": "full",
      "allocated_mb": 33.1123046875,
      "dataset": "yago15k-temporal",
      "few_shot_ratio": 1.0,
      "max_allocated_mb": 261.0283203125,
      "method": "ssptgfm",
      "params_total": 1399440,
      "params_trainable": 1399440,
      "reserved_mb": 354.0,
      "rough_forward_flops": 384237568,
      "scenario": "standard",
      "seed": 5,
      "test_ap": 0.15072287301256238,
      "test_auc": 0.632970026314189,
      "test_edges": 26719,
      "test_hits@1": 0.0875,
      "test_hits@10": 0.265,
      "test_hits@100": 0.535,
      "test_hits@50": 0.43,
      "test_mrr": 0.1547054333801513,
      "test_ndcg": 0.8268725318224476,
      "train_align": 294.8407486899424,
      "train_edges": 3244,
      "train_eval_time_sec": 2880.882520671934,
      "train_kl": 1581.3241577148438,
      "train_loss": 16.06814477958922,
      "train_lp": 0.5299873828130254,
      "train_meta": 0.523256839331934,
      "train_ood_reg": 0.2251064092931101,
      "train_weighted_align": 14.74203769761627,
      "train_weighted_kl": 0.7906621168288639,
      "train_weighted_meta": 0.00523256827678563,
      "train_weighted_ood_reg": 0.00022510641984053556,
      "val_ap": 0.15906774310159144,
      "val_auc": 0.6477331499967269,
      "val_edges": 6738,
      "val_ndcg": 0.8081336288373191
    },
    {
      "ablation": "baseline",
      "dataset": "yago15k-temporal",
      "few_shot_ratio": 1.0,
      "method": "lm_mlp",
      "params_total": 117633,
      "params_trainable": 117633,
      "scenario": "standard",
      "seed": 5,
      "test_ap": 0.15738768083345983,
      "test_auc": 0.7206242600266788,
      "test_edges": 26719,
      "test_hits@1": 0.0025,
      "test_hits@10": 0.025,
      "test_hits@100": 0.3025,
      "test_hits@50": 0.135,
      "test_mrr": 0.01941781227039778,
      "test_ndcg": 0.826493570110971,
      "train_edges": 3244,
      "train_eval_time_sec": 51.51304620504379,
      "val_ap": 0.2110541872277765,
      "val_auc": 0.7705300006317091,
      "val_edges": 6738,
      "val_ndcg": 0.8287338087439905
    },
    {
      "ablation": "baseline",
      "dataset": "yago15k-temporal",
      "few_shot_ratio": 1.0,
      "method": "structure_mlp",
      "params_total": 19713,
      "params_trainable": 19713,
      "scenario": "standard",
      "seed": 5,
      "test_ap": 0.13862490930662055,
      "test_auc": 0.6443222718408872,
      "test_edges": 26719,
      "test_hits@1": 0.0825,
      "test_hits@10": 0.22,
      "test_hits@100": 0.6075,
      "test_hits@50": 0.4275,
      "test_mrr": 0.14595392794765005,
      "test_ndcg": 0.8171643077498444,
      "train_edges": 3244,
      "train_eval_time_sec": 3171.523009479046,
      "val_ap": 0.14339101173463353,
      "val_auc": 0.6146721850465381,
      "val_edges": 6738,
      "val_ndcg": 0.796666410424071
    }
  ]
}