{
  "environment": {
    "cuda_available": true,
    "cuda_capability": [
      7,
      0
    ],
    "cuda_device": "Tesla V100-PCIE-32GB",
    "python": "3.10.8",
    "torch": "2.5.1+cu121"
  },
  "rows": [
    {
      "ablation": "full",
      "allocated_mb": 31.658203125,
      "dataset": "synthetic",
      "few_shot_ratio": 1.0,
      "max_allocated_mb": 143.59228515625,
      "method": "ssptgfm",
      "params_total": 1966288,
      "params_trainable": 1966288,
      "reserved_mb": 184.0,
      "rough_forward_flops": 315408384,
      "scenario": "new_relation_inductive",
      "seed": 1,
      "test_ap": 0.04145987751020012,
      "test_auc": 0.509932360270559,
      "test_edges": 53,
      "test_hits@1": 0.0,
      "test_hits@10": 0.03773584905660377,
      "test_hits@100": 0.4056603773584906,
      "test_hits@50": 0.2358490566037736,
      "test_mrr": 0.018904472279398805,
      "test_ndcg": 0.4511651167006718,
      "train_align": 303.5189753941127,
      "train_edges": 844,
      "train_eval_time_sec": 168.27158151194453,
      "train_kl": 3126.071794782366,
      "train_loss": 0.511383875140122,
      "train_lp": 0.3415678332426718,
      "train_meta": 0.43954545884792295,
      "train_ood_reg": 0.22846298797854356,
      "train_weighted_align": 0.15175949462822505,
      "train_weighted_kl": 0.01563035849747913,
      "train_weighted_meta": 0.0021977272470914094,
      "train_weighted_ood_reg": 0.00022846299907541834,
      "val_ap": 0.04182856719408137,
      "val_auc": 0.490334693877551,
      "val_edges": 70,
      "val_ndcg": 0.4814780131547451
    },
    {
      "ablation": "baseline",
      "dataset": "synthetic",
      "few_shot_ratio": 1.0,
      "method": "lm_mlp",
      "params_total": 222721,
      "params_trainable": 222721,
      "scenario": "new_relation_inductive",
      "seed": 1,
      "test_ap": 0.15919105279570447,
      "test_auc": 0.8531292274830902,
      "test_edges": 53,
      "test_hits@1": 0.03773584905660377,
      "test_hits@10": 0.18867924528301888,
      "test_hits@100": 0.7924528301886793,
      "test_hits@50": 0.7452830188679245,
      "test_mrr": 0.11592112061814738,
      "test_ndcg": 0.5786548533469577,
      "train_edges": 844,
      "train_eval_time_sec": 4.757691640406847,
      "val_ap": 0.16403655524285382,
      "val_auc": 0.8467551020408164,
      "val_edges": 70,
      "val_ndcg": 0.5995253505966244
    },
    {
      "ablation": "baseline",
      "dataset": "synthetic",
      "few_shot_ratio": 1.0,
      "method": "structure_mlp",
      "params_total": 38977,
      "params_trainable": 38977,
      "scenario": "new_relation_inductive",
      "seed": 1,
      "test_ap": 0.15186886484854642,
      "test_auc": 0.7758348166607334,
      "test_edges": 53,
      "test_hits@1": 0.009433962264150943,
      "test_hits@10": 0.16981132075471697,
      "test_hits@100": 0.8113207547169812,
      "test_hits@50": 0.7169811320754716,
      "test_mrr": 0.0699971179574642,
      "test_ndcg": 0.5992276629861963,
      "train_edges": 844,
      "train_eval_time_sec": 71.6845857873559,
      "val_ap": 0.1300391935546497,
      "val_auc": 0.729130612244898,
      "val_edges": 70,
      "val_ndcg": 0.5971126386020785
    },
    {
      "ablation": "full",
      "allocated_mb": 31.9580078125,
      "dataset": "synthetic",
      "few_shot_ratio": 1.0,
      "max_allocated_mb": 143.89208984375,
      "method": "ssptgfm",
      "params_total": 1966288,
      "params_trainable": 1966288,
      "reserved_mb": 186.0,
      "rough_forward_flops": 315408384,
      "scenario": "new_relation_inductive",
      "seed": 2,
      "test_ap": 0.03692364182977889,
      "test_auc": 0.4991669633321467,
      "test_edges": 53,
      "test_hits@1": 0.0,
      "test_hits@10": 0.05660377358490566,
      "test_hits@100": 0.4056603773584906,
      "test_hits@50": 0.24528301886792453,
      "test_mrr": 0.023043837973293794,
      "test_ndcg": 0.4384888924728024,
      "train_align": 291.9912281036377,
      "train_edges": 844,
      "train_eval_time_sec": 223.15218622982502,
      "train_kl": 3110.4412449428014,
      "train_loss": 0.5003880900996072,
      "train_lp": 0.33649602106639315,
      "train_meta": 0.42208454651491983,
      "train_ood_reg": 0.23382340132125787,
      "train_weighted_align": 0.14599562090422427,
      "train_weighted_kl": 0.015552205865138344,
      "train_weighted_meta": 0.002110422676196322,
      "train_weighted_ood_reg": 0.00023382341221024814,
      "val_ap": 0.03583709639024531,
      "val_auc": 0.5052571428571428,
      "val_edges": 70,
      "val_ndcg": 0.45161824272901896
    },
    {
      "ablation": "baseline",
      "dataset": "synthetic",
      "few_shot_ratio": 1.0,
      "method": "lm_mlp",
      "params_total": 222721,
      "params_trainable": 222721,
      "scenario": "new_relation_inductive",
      "seed": 2,
      "test_ap": 0.166860302606727,
      "test_auc": 0.8319544321822713,
      "test_edges": 53,
      "test_hits@1": 0.009433962264150943,
      "test_hits@10": 0.2169811320754717,
      "test_hits@100": 0.8207547169811321,
      "test_hits@50": 0.6981132075471698,
      "test_mrr": 0.09087508360836356,
      "test_ndcg": 0.5936089127757002,
      "train_edges": 844,
      "train_eval_time_sec": 5.8904619961977005,
      "val_ap": 0.20516934951517818,
      "val_auc": 0.8256979591836735,
      "val_edges": 70,
      "val_ndcg": 0.6461812400775236
    },
    {
      "ablation": "baseline",
      "dataset": "synthetic",
      "few_shot_ratio": 1.0,
      "method": "structure_mlp",
      "params_total": 38977,
      "params_trainable": 38977,
      "scenario": "new_relation_inductive",
      "seed": 2,
      "test_ap": 0.146887786787668,
      "test_auc": 0.8194588821644714,
      "test_edges": 53,
      "test_hits@1": 0.018867924528301886,
      "test_hits@10": 0.16981132075471697,
      "test_hits@100": 0.839622641509434,
      "test_hits@50": 0.7075471698113207,
      "test_mrr": 0.08076655663988618,
      "test_ndcg": 0.5799096692089136,
      "train_edges": 844,
      "train_eval_time_sec": 136.19234530627728,
      "val_ap": 0.14586212740321686,
      "val_auc": 0.7419183673469387,
      "val_edges": 70,
      "val_ndcg": 0.6101409793400425
    },
    {
      "ablation": "full",
      "allocated_mb": 31.9580078125,
      "dataset": "synthetic",
      "few_shot_ratio": 1.0,
      "max_allocated_mb": 143.89208984375,
      "method": "ssptgfm",
      "params_total": 1966288,
      "params_trainable": 1966288,
      "reserved_mb": 184.0,
      "rough_forward_flops": 315408384,
      "scenario": "new_relation_inductive",
      "seed": 3,
      "test_ap": 0.039802339525757964,
      "test_auc": 0.48024207903168387,
      "test_edges": 53,
      "test_hits@1": 0.0,
      "test_hits@10": 0.03773584905660377,
      "test_hits@100": 0.33962264150943394,
      "test_hits@50": 0.19811320754716982,
      "test_mrr": 0.023555514121879503,
      "test_ndcg": 0.4497635692520429,
      "train_align": 316.75855718340193,
      "train_edges": 844,
      "train_eval_time_sec": 192.1145042143762,
      "train_kl": 3523.996425083705,
      "train_loss": 0.5846737500812326,
      "train_lp": 0.40584014781883787,
      "train_meta": 0.5198086005236421,
      "train_ood_reg": 0.23529444874397346,
      "train_weighted_align": 0.15837928572935717,
      "train_weighted_kl": 0.017619981679932346,
      "train_weighted_meta": 0.002599042927613482,
      "train_weighted_ood_reg": 0.00023529446090313804,
      "val_ap": 0.036858064319718095,
      "val_auc": 0.4857061224489796,
      "val_edges": 70,
      "val_ndcg": 0.4604178481148196
    },
    {
      "ablation": "baseline",
      "dataset": "synthetic",
      "few_shot_ratio": 1.0,
      "method": "lm_mlp",
      "params_total": 222721,
      "params_trainable": 222721,
      "scenario": "new_relation_inductive",
      "seed": 3,
      "test_ap": 0.18315319335482597,
      "test_auc": 0.8648344606621573,
      "test_edges": 53,