{
  "datasets": {
    "tgb_yago": {
      "existing": {
        "detail": {
          "ap": {
            "baseline": 0.8992711734548288,
            "value": 0.8767124414415418,
            "win": false
          },
          "auc": {
            "baseline": 0.9553957891667827,
            "value": 0.9499166269608023,
            "win": false
          },
          "hits@10": {
            "baseline": 0.92,
            "value": 0.787,
            "win": false
          },
          "mrr": {
            "baseline": 0.8981460575356689,
            "value": 0.6782567400739631,
            "win": false
          },
          "ndcg": {
            "baseline": 0.9855335690473936,
            "value": 0.9830586096639496,
            "win": false
          }
        },
        "path": "results/optimization_attempts/ssptgfm_tgb_yago_formula_rank_best/all_results.json",
        "wins": 0
      }
    }
  }
}