{
  "environment": {
    "cuda_available": true,
    "cuda_capability": [
      7,
      0
    ],
    "cuda_device": "Tesla V100-PCIE-32GB",
    "python": "3.10.8",
    "torch": "2.5.1+cu121"
  },
  "rows": [
    {
      "ablation": "full",
      "allocated_mb": 48.5595703125,
      "dataset": "icews14",
      "few_shot_ratio": 1.0,
      "max_allocated_mb": 1291.51416015625,
      "method": "ssptgfm",
      "params_total": 2819632,
      "params_trainable": 2819632,
      "reserved_mb": 1588.0,
      "rough_forward_flops": 2792030208,
      "scenario": "standard",
      "seed": 4,
      "test_ap": 0.39730379446655106,
      "test_auc": 0.900648241860986,
      "test_edges": 14378,
      "test_hits@1": 0.025,
      "test_hits@10": 0.13,
      "test_hits@100": 0.505,
      "test_hits@50": 0.38,
      "test_mrr": 0.06236337716921818,
      "test_ndcg": 0.897732299338795,
      "train_align": 1163.6714118508733,
      "train_edges": 61760,
      "train_eval_time_sec": 5757.032162509859,
      "train_kl": 4339.817099417892,
      "train_loss": 60.70002624661315,
      "train_lp": 0.3429107034323262,
      "train_meta": 0.34205772605012447,
      "train_ood_reg": 0.21485883798085006,
      "val_ap": 0.42632436250389727,
      "val_auc": 0.9003944864270135,
      "val_edges": 14592,
      "val_ndcg": 0.9037295691322109
    },
    {
      "ablation": "baseline",
      "dataset": "icews14",
      "few_shot_ratio": 1.0,
      "method": "lm_mlp",
      "params_total": 96193,
      "params_trainable": 96193,
      "scenario": "standard",
      "seed": 4,
      "test_ap": 0.5249641016793472,
      "test_auc": 0.9091743414465628,
      "test_edges": 14378,
      "test_hits@1": 0.02,
      "test_hits@10": 0.135,
      "test_hits@100": 0.5425,
      "test_hits@50": 0.395,
      "test_mrr": 0.06562126695601898,
      "test_ndcg": 0.921639589029293,
      "train_edges": 61760,
      "train_eval_time_sec": 348.58110709115863,
      "val_ap": 0.5321576908548713,
      "val_auc": 0.9087963559099915,
      "val_edges": 14592,
      "val_ndcg": 0.9227625865104084
    },
    {
      "ablation": "baseline",
      "dataset": "icews14",
      "few_shot_ratio": 1.0,
      "method": "structure_mlp",
      "params_total": 31969,
      "params_trainable": 31969,
      "scenario": "standard",
      "seed": 4,
      "test_ap": 0.4797527415824041,
      "test_auc": 0.8373618247929476,
      "test_edges": 14378,
      "test_hits@1": 0.165,
      "test_hits@10": 0.5175,
      "test_hits@100": 0.8075,
      "test_hits@50": 0.7425,
      "test_mrr": 0.26127612670400313,
      "test_ndcg": 0.9063561055007873,
      "train_edges": 61760,
      "train_eval_time_sec": 2497.7091487310827,
      "val_ap": 0.48594840658227856,
      "val_auc": 0.8276612885470168,
      "val_edges": 14592,
      "val_ndcg": 0.9054834700185094
    }
  ]
}