{
  "environment": {
    "cuda_available": true,
    "cuda_capability": [
      7,
      0
    ],
    "cuda_device": "Tesla V100-PCIE-32GB",
    "python": "3.10.8",
    "torch": "2.5.1+cu121"
  },
  "rows": [
    {
      "ablation": "full",
      "allocated_mb": 58.61181640625,
      "dataset": "icews05-15",
      "few_shot_ratio": 1.0,
      "max_allocated_mb": 5615.798828125,
      "method": "ssptgfm",
      "params_total": 3487252,
      "params_trainable": 3487203,
      "reserved_mb": 5982.0,
      "rough_forward_flops": 14289186816,
      "scenario": "standard",
      "seed": 1,
      "test_ap": 0.8335848765856958,
      "test_auc": 0.9373815573368741,
      "test_edges": 74087,
      "test_hits@1": 0.31666666666666665,
      "test_hits@10": 0.6733333333333333,
      "test_hits@100": 0.8466666666666667,
      "test_hits@50": 0.8066666666666666,
      "test_mrr": 0.4269901023720985,
      "test_ndcg": 0.9790595580985985,
      "train_align": 710.239066535491,
      "train_edges": 326918,
      "train_eval_time_sec": 11053.594756696373,
      "train_kl": 2978.9852355392495,
      "train_loss": 4.069093434073161,
      "train_lp": 0.2173321527385523,
      "train_meta": 0.2144762374634968,
      "train_ood_reg": 0.22335278439759276,
      "train_rank": 0.07900522310420612,
      "train_struct_aux": 1.3717721818987054,
      "train_weighted_align": 3.551195256854664,
      "train_weighted_kl": 0.2978985161092815,
      "train_weighted_meta": 0.0010723811634379388,
      "train_weighted_ood_reg": 0.00022335279503632146,
      "train_weighted_rank": 7.900522694199567e-05,
      "train_weighted_struct_aux": 0.0013717722478457696,
      "val_ap": 0.8649860328926705,
      "val_auc": 0.954222194417216,
      "val_edges": 60324,
      "val_hits@1": 0.3333333333333333,
      "val_hits@10": 0.6933333333333334,
      "val_hits@100": 0.8666666666666667,
      "val_hits@50": 0.8466666666666667,
      "val_mrr": 0.4455583913024482,
      "val_ndcg": 0.983395680006361
    }
  ]
}