{
  "rows": [
    {
      "ablation": "full",
      "allocated_mb": 72.73486328125,
      "dataset": "icews05-15",
      "few_shot_ratio": 1.0,
      "max_allocated_mb": 7451.46533203125,
      "method": "ssptgfm",
      "params_total": 5340063,
      "params_trainable": 5340050,
      "reserved_mb": 7824.0,
      "rough_forward_flops": 24506974208,
      "scenario": "standard",
      "seed": 1,
      "test_ap": 0.8482245452140704,
      "test_auc": 0.9435020002607747,
      "test_edges": 74087,
      "test_hits@1": 0.37,
      "test_hits@10": 0.68,
      "test_hits@100": 0.8466666666666667,
      "test_hits@50": 0.8166666666666667,
      "test_mrr": 0.4739359771338512,
      "test_ndcg": 0.9809990894292746,
      "train_align": 382.3917890689162,
      "train_edges": 326918,
      "train_eval_time_sec": 15463.328323796391,
      "train_kl": 700.1682559800123,
      "train_loss": 19.652759890906626,
      "train_lp": 0.1805637887881473,
      "train_meta": 0.18117016609150177,
      "train_ood_reg": 0.2085903904449469,
      "train_rank": 0.06428349625790288,
      "train_struct_aux": 1.4077358120639567,
      "train_weighted_align": 19.119589775843114,
      "train_weighted_kl": 0.3500841447228068,
      "train_weighted_meta": 0.0009058508117004927,
      "train_weighted_ood_reg": 0.00020859040036770688,
      "train_weighted_rank": 6.42834993474664e-05,
      "train_weighted_struct_aux": 0.00140773587885761,
      "val_ap": 0.8740266521514182,
      "val_auc": 0.9562741200226379,
      "val_edges": 60324,
      "val_hits@1": 0.37333333333333335,
      "val_hits@10": 0.7,
      "val_hits@100": 0.88,
      "val_hits@50": 0.84,
      "val_mrr": 0.48573092342215773,
      "val_ndcg": 0.98445968444629
    },
    {
      "ablation": "full",
      "allocated_mb": 72.73486328125,
      "dataset": "icews05-15",
      "few_shot_ratio": 1.0,
      "max_allocated_mb": 7451.82568359375,
      "method": "ssptgfm",
      "params_total": 5340063,
      "params_trainable": 5340050,
      "reserved_mb": 7824.0,
      "rough_forward_flops": 24506974208,
      "scenario": "standard",
      "seed": 2,
      "test_ap": 0.8480278617115459,
      "test_auc": 0.9465359967630971,
      "test_edges": 74087,
      "test_hits@1": 0.37,
      "test_hits@10": 0.6866666666666666,
      "test_hits@100": 0.8566666666666667,
      "test_hits@50": 0.8166666666666667,
      "test_mrr": 0.4813164364752,
      "test_ndcg": 0.981248830905244,
      "train_align": 381.29175476178034,
      "train_edges": 326918,
      "train_eval_time_sec": 21236.124771542847,
      "train_kl": 503.8835790030942,
      "train_loss": 19.4963046681389,
      "train_lp": 0.17740814489842904,
      "train_meta": 0.1777334050285739,
      "train_ood_reg": 0.2135817588054171,
      "train_rank": 0.061891485116058464,
      "train_struct_aux": 1.2644254189820867,
      "train_weighted_align": 19.064588068526906,
      "train_weighted_kl": 0.2519418017946022,
      "train_weighted_meta": 0.0008886670043450261,
      "train_weighted_ood_reg": 0.00021358176883771765,
      "train_weighted_rank": 6.18914880606663e-05,
      "train_weighted_struct_aux": 0.0012644254792997184,
      "val_ap": 0.8734381851511201,
      "val_auc": 0.9576614874020848,
      "val_edges": 60324,
      "val_hits@1": 0.3933333333333333,
      "val_hits@10": 0.6933333333333334,
      "val_hits@100": 0.8666666666666667,
      "val_hits@50": 0.8466666666666667,
      "val_mrr": 0.4979293822251223,
      "val_ndcg": 0.9845319040956373
    },
    {
      "ablation": "full",
      "allocated_mb": 72.73486328125,
      "dataset": "icews05-15",
      "few_shot_ratio": 1.0,
      "max_allocated_mb": 7451.74560546875,
      "method": "ssptgfm",
      "params_total": 5340063,
      "params_trainable": 5340050,
      "reserved_mb": 7824.0,
      "rough_forward_flops": 24506974208,
      "scenario": "standard",
      "seed": 3,
      "test_ap": 0.8421355510975949,
      "test_auc": 0.9387234980534892,
      "test_edges": 74087,
      "test_hits@1": 0.35333333333333333,
      "test_hits@10": 0.6633333333333333,
      "test_hits@100": 0.86,
      "test_hits@50": 0.8033333333333333,
      "test_mrr": 0.4573849344113603,
      "test_ndcg": 0.9800773970950274,
      "train_align": 418.85234054336763,
      "train_edges": 326918,
      "train_eval_time_sec": 13978.530940070748,
      "train_kl": 2092.7287663256557,
      "train_loss": 22.199315642979762,
      "train_lp": 0.20698201306209324,
      "train_meta": 0.20232920159037615,
      "train_ood_reg": 0.20807072999468057,
      "train_rank": 0.07716779712717553,
      "train_struct_aux": 2.1321197463413526,
      "train_weighted_align": 20.942617386123626,
      "train_weighted_kl": 1.046364432096757,
      "train_weighted_meta": 0.0010116459850896752,
      "train_weighted_ood_reg": 0.0002080707398841021,
      "train_weighted_rank": 7.716780076750103e-05,
      "train_weighted_struct_aux": 0.002132119847277205,
      "val_ap": 0.8679955842976097,
      "val_auc": 0.9523114457343118,
      "val_edges": 60324,
      "val_hits@1": 0.36666666666666664,
      "val_hits@10": 0.6933333333333334,
      "val_hits@100": 0.8866666666666667,
      "val_hits@50": 0.8533333333333334,
      "val_mrr": 0.48126521669523337,
      "val_ndcg": 0.9835909606229266
    },
    {
      "ablation": "full",
      "allocated_mb": 72.73486328125,
      "dataset": "icews05-15",
      "few_shot_ratio": 1.0,
      "max_allocated_mb": 7451.74560546875,
      "method": "ssptgfm",
      "params_total": 5340063,
      "params_trainable": 5340050,
      "reserved_mb": 7824.0,
      "rough_forward_flops": 24506974208,
      "scenario": "standard",
      "seed": 4,
      "test_ap": 0.8469147891517487,
      "test_auc": 0.9453002678457798,
      "test_edges": 74087,
      "test_hits@1": 0.36666666666666664,
      "test_hits@10": 0.68,
      "test_hits@100": 0.8533333333333334,
      "test_hits@50": 0.82,
      "test_mrr": 0.4807466304200145,
      "test_ndcg": 0.9809815176707111,
      "train_align": 396.8411386283595,
      "train_edges": 326918,
      "train_eval_time_sec": 27137.678910419345,
      "train_kl": 483.89395714823945,
      "train_loss": 20.256894523055898,
      "train_lp": 0.17062759924546145,
      "train_meta": 0.17518412290057828,
      "train_ood_reg": 0.22396692609244162,
      "train_rank": 0.05837801898514187,
      "train_struct_aux": 1.162793699414736,
      "train_weighted_align": 19.842057256957723,
      "train_weighted_kl": 0.24194699263565272,
      "train_weighted_meta": 0.0008759205942679575,
      "train_weighted_ood_reg": 0.00022396693677771988,
      "train_weighted_rank": 5.8378021755873635e-05,
      "train_weighted_struct_aux": 0.0011627937550428718,
      "val_ap": 0.8718899194059238,
      "val_auc": 0.9561051865414462,
      "val_edges": 60324,
      "val_hits@1": 0.3933333333333333,
      "val_hits@10": 0.7066666666666667,
      "val_hits@100": 0.8533333333333334,
      "val_hits@50": 0.82,
      "val_mrr": 0.48594138359370315,
      "val_ndcg": 0.9842140306527458
    },
    {
      "ablation": "full",
      "allocated_mb": 72.73486328125,
      "dataset": "icews05-15",
      "few_shot_ratio": 1.0,
      "max_allocated_mb": 7451.86572265625,
      "method": "ssptgfm",
      "params_total": 5340063,
      "params_trainable": 5340050,
      "reserved_mb": 7826.0,
      "rough_forward_flops": 24506974208,
      "scenario": "standard",
      "seed": 5,
      "test_ap": 0.8468726291433782,
      "test_auc": 0.9430732864667183,
      "test_edges": 74087,
      "test_hits@1": 0.34,
      "test_hits@10": 0.6766666666666666,
      "test_hits@100": 0.8633333333333333,
      "test_hits@50": 0.8166666666666667,
      "test_mrr": 0.4618565881911236,
      "test_ndcg": 0.9808276751490445,
      "train_align": 383.10335571135715,
      "train_edges": 326918,
      "train_eval_time_sec": 21277.151659008116,
      "train_kl": 568.3560952383698,
      "train_loss": 19.62799926416512,