,,,,,test_ap,test_ap,test_ap,test_ap,test_auc,test_auc,test_auc,test_auc,test_edges,test_edges,test_edges,test_edges,test_hits@1,test_hits@1,test_hits@1,test_hits@1,test_hits@10,test_hits@10,test_hits@10,test_hits@10,test_hits@100,test_hits@100,test_hits@100,test_hits@100,test_hits@50,test_hits@50,test_hits@50,test_hits@50,test_mrr,test_mrr,test_mrr,test_mrr,test_ndcg,test_ndcg,test_ndcg,test_ndcg,val_ap,val_ap,val_ap,val_ap,val_auc,val_auc,val_auc,val_auc,val_edges,val_edges,val_edges,val_edges,val_hits@1,val_hits@1,val_hits@1,val_hits@1,val_hits@10,val_hits@10,val_hits@10,val_hits@10,val_hits@100,val_hits@100,val_hits@100,val_hits@100,val_hits@50,val_hits@50,val_hits@50,val_hits@50,val_mrr,val_mrr,val_mrr,val_mrr,val_ndcg,val_ndcg,val_ndcg,val_ndcg
,,,,,ci95,count,mean,std,ci95,count,mean,std,ci95,count,mean,std,ci95,count,mean,std,ci95,count,mean,std,ci95,count,mean,std,ci95,count,mean,std,ci95,count,mean,std,ci95,count,mean,std,ci95,count,mean,std,ci95,count,mean,std,ci95,count,mean,std,ci95,count,mean,std,ci95,count,mean,std,ci95,count,mean,std,ci95,count,mean,std,ci95,count,mean,std,ci95,count,mean,std
dataset,method,ablation,scenario,few_shot_ratio,,,,,,,,,,,,,,,,,,,,,,,,,,,,,,,,,,,,,,,,,,,,,,,,,,,,,,,,,,,,,,,,,,,,,,,,
icews05-15,ssptgfm,full,standard,1.0,0.00217580562424127,5,0.8464350752636676,0.0024822700416478796,0.0026086658328198066,5,0.9434270098779718,0.0029760990473296886,0.0,5,74087.0,0.0,0.011503120349617205,5,0.36,0.013123346456686337,0.007562880109822943,5,0.6773333333333333,0.008628119403696519,0.0056201858411344735,5,0.8560000000000001,0.006411794687223734,0.005695627952893135,5,0.8146666666666667,0.006497862896539296,0.009592053007714504,5,0.4710481133263099,0.010943103351546402,0.00039036408231819293,5,0.9808269020498603,0.00044534725716214446,0.0020666044320023468,5,0.8719141104128172,0.002357687751305913,0.0017459050536530465,5,0.95551879664864,0.0019918175419533827,0.0,5,60324.0,0.0,0.010932357680045248,5,0.38,0.012472191289246466,0.005226666666666646,5,0.6973333333333334,0.005962847939999415,0.011240371682269018,5,0.8720000000000001,0.01282358937444755,0.011240371682269056,5,0.8386666666666667,0.01282358937444759,0.005438106476488224,5,0.4879342499919441,0.006204069260362005,0.0003246535430048082,5,0.9841984358340239,0.000370381322089236
