{
  "environment": {
    "cuda_available": true,
    "cuda_capability": [
      7,
      0
    ],
    "cuda_device": "Tesla V100-PCIE-32GB",
    "python": "3.10.8",
    "torch": "2.5.1+cu121"
  },
  "rows": [
    {
      "ablation": "full",
      "allocated_mb": 72.60009765625,
      "dataset": "icews05-15",
      "few_shot_ratio": 1.0,
      "max_allocated_mb": 7451.10302734375,
      "method": "ssptgfm",
      "params_total": 5322768,
      "params_trainable": 5322768,
      "reserved_mb": 7824.0,
      "rough_forward_flops": 24506974208,
      "scenario": "standard",
      "seed": 2,
      "test_ap": 0.7982992784346268,
      "test_auc": 0.929930034739274,
      "test_edges": 74087,
      "test_hits@1": 0.08,
      "test_hits@10": 0.38,
      "test_hits@100": 0.725,
      "test_hits@50": 0.65,
      "test_mrr": 0.18471026577395072,
      "test_ndcg": 0.9747075108306495,
      "train_align": 381.3918281183341,
      "train_edges": 326918,
      "train_eval_time_sec": 28694.210510514677,
      "train_kl": 460.79095105062976,
      "train_loss": 19.479661622608486,
      "train_lp": 0.1776795981512168,
      "train_meta": 0.18257621019082731,
      "train_ood_reg": 0.16903214350114806,
      "train_weighted_align": 19.069591729921278,
      "train_weighted_kl": 0.23039548691065287,
      "train_weighted_meta": 0.0018257620632367525,
      "train_weighted_ood_reg": 0.0001690321514615789,
      "val_ap": 0.8410070933142207,
      "val_auc": 0.9483941926832511,
      "val_edges": 60324,
      "val_ndcg": 0.9804373940898433
    },
    {
      "ablation": "baseline",
      "dataset": "icews05-15",
      "few_shot_ratio": 1.0,
      "method": "lm_mlp",
      "params_total": 147329,
      "params_trainable": 147329,
      "scenario": "standard",
      "seed": 2,
      "test_ap": 0.7590762573675973,
      "test_auc": 0.9147965377802314,
      "test_edges": 74087,
      "test_hits@1": 0.055,
      "test_hits@10": 0.335,
      "test_hits@100": 0.625,
      "test_hits@50": 0.56,
      "test_mrr": 0.14126746181285302,
      "test_ndcg": 0.9690169556444729,
      "train_edges": 326918,
      "train_eval_time_sec": 1478.9596127197146,
      "val_ap": 0.8259776639835221,
      "val_auc": 0.9484424308598738,
      "val_edges": 60324,
      "val_ndcg": 0.9788961371551782
    },
    {
      "ablation": "baseline",
      "dataset": "icews05-15",
      "few_shot_ratio": 1.0,
      "method": "structure_mlp",
      "params_total": 49409,
      "params_trainable": 49409,
      "scenario": "standard",
      "seed": 2,
      "test_ap": 0.8327759057286237,
      "test_auc": 0.9353574515400692,
      "test_edges": 74087,
      "test_hits@1": 0.255,
      "test_hits@10": 0.615,
      "test_hits@100": 0.855,
      "test_hits@50": 0.82,
      "test_mrr": 0.37414665966629296,
      "test_ndcg": 0.9788591488527263,
      "train_edges": 326918,
      "train_eval_time_sec": 7771.877870809287,
      "val_ap": 0.8549432599238842,
      "val_auc": 0.9489391399592302,
      "val_edges": 60324,
      "val_ndcg": 0.9820400549190303
    }
  ]
}