{
  "environment": {
    "cuda_available": true,
    "cuda_capability": [
      7,
      0
    ],
    "cuda_device": "Tesla V100-PCIE-32GB",
    "python": "3.10.8",
    "torch": "2.5.1+cu121"
  },
  "rows": [
    {
      "ablation": "full",
      "allocated_mb": 48.94677734375,
      "dataset": "tkgl-yago",
      "few_shot_ratio": 1.0,
      "max_allocated_mb": 7876.99365234375,
      "method": "ssptgfm",
      "params_total": 2247839,
      "params_trainable": 2247826,
      "reserved_mb": 7970.0,
      "rough_forward_flops": 24174428160,
      "scenario": "label_split",
      "seed": 4,
      "test_ap": 0.920364583111719,
      "test_auc": 0.9609622285857606,
      "test_edges": 40052,
      "test_ndcg": 0.9889838110782329,
      "test_tgb_hits@10": 0.90625,
      "test_tgb_mrr": 0.8815696537773527,
      "train_align": 7084.028485241374,
      "train_candidate_rank": 0.5337498384296606,
      "train_edges": 323080,
      "train_eval_time_sec": 5348.000075485557,
      "train_kl": 25547.128301083874,
      "train_loss": 73.49915927923531,
      "train_lp": 0.10297729430013611,
      "train_meta": 0.1931516728842822,
      "train_ood_reg": 0.21927994601739814,
      "train_rank": 0.08024496751205412,
      "train_struct_aux": 0.0,
      "train_weighted_align": 70.84028321844694,
      "train_weighted_candidate_rank": 0.02668749243011982,
      "train_weighted_kl": 2.554712765463589,
      "train_weighted_meta": 0.0009657583428586358,
      "train_weighted_ood_reg": 0.00021927995643494807,
      "train_weighted_rank": 0.0008024496570905047,
      "train_weighted_struct_aux": 0.0,
      "val_ap": 0.8875991909135692,
      "val_auc": 0.9599792480468751,
      "val_edges": 39046,
      "val_ndcg": 0.97715682017704,
      "val_tgb_hits@10": 0.7421875,
      "val_tgb_mrr": 0.6834980087242044
    }
  ]
}