,,,,,test_ap,test_ap,test_ap,test_ap,test_auc,test_auc,test_auc,test_auc,test_edges,test_edges,test_edges,test_edges,test_hits@1,test_hits@1,test_hits@1,test_hits@1,test_hits@10,test_hits@10,test_hits@10,test_hits@10,test_hits@100,test_hits@100,test_hits@100,test_hits@100,test_hits@50,test_hits@50,test_hits@50,test_hits@50,test_mrr,test_mrr,test_mrr,test_mrr,test_ndcg,test_ndcg,test_ndcg,test_ndcg,val_ap,val_ap,val_ap,val_ap,val_auc,val_auc,val_auc,val_auc,val_edges,val_edges,val_edges,val_edges,val_hits@1,val_hits@1,val_hits@1,val_hits@1,val_hits@10,val_hits@10,val_hits@10,val_hits@10,val_hits@100,val_hits@100,val_hits@100,val_hits@100,val_hits@50,val_hits@50,val_hits@50,val_hits@50,val_mrr,val_mrr,val_mrr,val_mrr,val_ndcg,val_ndcg,val_ndcg,val_ndcg
,,,,,ci95,count,mean,std,ci95,count,mean,std,ci95,count,mean,std,ci95,count,mean,std,ci95,count,mean,std,ci95,count,mean,std,ci95,count,mean,std,ci95,count,mean,std,ci95,count,mean,std,ci95,count,mean,std,ci95,count,mean,std,ci95,count,mean,std,ci95,count,mean,std,ci95,count,mean,std,ci95,count,mean,std,ci95,count,mean,std,ci95,count,mean,std,ci95,count,mean,std
dataset,method,ablation,scenario,few_shot_ratio,,,,,,,,,,,,,,,,,,,,,,,,,,,,,,,,,,,,,,,,,,,,,,,,,,,,,,,,,,,,,,,,,,,,,,,,
icews05-15,ssptgfm,full,standard,1.0,0.00190692987102382,5,0.8348600647380504,0.0021755228673133514,0.0020820714284621824,5,0.9351099452716409,0.0023753332898222095,0.0,5,74087.0,0.0,0.006975691124660443,5,0.30733333333333335,0.0079582242575422,0.0024445494926923148,5,0.6759999999999999,0.0027888667551135924,0.004431122255641853,5,0.8446666666666667,0.00505525029603438,0.00530770509102884,5,0.8086666666666666,0.006055300708194998,0.0028110967591042737,5,0.4239644688031438,0.0032070425738196465,0.0003547912114207724,5,0.978923623641124,0.00040476391150834026,0.002626163523124796,5,0.8703115931279299,0.002996061304968054,0.0006140003910027431,5,0.9552953743522133,0.0007004829655579509,0.0,5,60324.0,0.0,0.006662718831094556,5,0.324,0.007601169500660902,0.004889098985384587,5,0.688,0.005577733510227136,0.01733489223759089,5,0.884,0.01977652929892177,0.006662718831094578,5,0.8506666666666668,0.007601169500660927,0.0032717907542623567,5,0.443069736672001,0.0037326257830030307,0.0003153114241018218,5,0.9840301072541099,0.00035972335631323423
