{
  "environment": {
    "cuda_available": true,
    "cuda_capability": [
      7,
      0
    ],
    "cuda_device": "Tesla V100-PCIE-32GB",
    "python": "3.10.8",
    "torch": "2.5.1+cu121"
  },
  "rows": [
    {
      "ablation": "full",
      "allocated_mb": 72.60009765625,
      "dataset": "icews05-15",
      "few_shot_ratio": 1.0,
      "max_allocated_mb": 7450.98291015625,
      "method": "ssptgfm",
      "params_total": 5322768,
      "params_trainable": 5322768,
      "reserved_mb": 7824.0,
      "rough_forward_flops": 24506974208,
      "scenario": "standard",
      "seed": 4,
      "test_ap": 0.7887106441475343,
      "test_auc": 0.9312182331244492,
      "test_edges": 74087,
      "test_hits@1": 0.045,
      "test_hits@10": 0.325,
      "test_hits@100": 0.705,
      "test_hits@50": 0.585,
      "test_mrr": 0.14000684074998687,
      "test_ndcg": 0.9739289046753099,
      "train_align": 405.7944461684429,
      "train_edges": 326918,
      "train_eval_time_sec": 17110.315107658505,
      "train_kl": 868.9615202014534,
      "train_loss": 20.9316215261324,
      "train_lp": 0.20519397939462247,
      "train_meta": 0.20474386589677177,
      "train_ood_reg": 0.17670500522849825,
      "train_weighted_align": 20.289722662884245,
      "train_weighted_kl": 0.43448078092578596,
      "train_weighted_meta": 0.002047438611670007,
      "train_weighted_ood_reg": 0.00017670501357308722,
      "val_ap": 0.8260034418295669,
      "val_auc": 0.9473486870614659,
      "val_edges": 60324,
      "val_ndcg": 0.9788707577968683
    },
    {
      "ablation": "baseline",
      "dataset": "icews05-15",
      "few_shot_ratio": 1.0,
      "method": "lm_mlp",
      "params_total": 147329,
      "params_trainable": 147329,
      "scenario": "standard",
      "seed": 4,
      "test_ap": 0.7586689949929408,
      "test_auc": 0.9151053460977503,
      "test_edges": 74087,
      "test_hits@1": 0.075,
      "test_hits@10": 0.35,
      "test_hits@100": 0.63,
      "test_hits@50": 0.54,
      "test_mrr": 0.15349992113679345,
      "test_ndcg": 0.9686261952402803,
      "train_edges": 326918,
      "train_eval_time_sec": 1688.5004350319505,
      "val_ap": 0.8265598001705552,
      "val_auc": 0.948368864287941,
      "val_edges": 60324,
      "val_ndcg": 0.978977981912279
    },
    {
      "ablation": "baseline",
      "dataset": "icews05-15",
      "few_shot_ratio": 1.0,
      "method": "structure_mlp",
      "params_total": 49409,
      "params_trainable": 49409,
      "scenario": "standard",
      "seed": 4,
      "test_ap": 0.8363764721312519,
      "test_auc": 0.9375604988352049,
      "test_edges": 74087,
      "test_hits@1": 0.25,
      "test_hits@10": 0.65,
      "test_hits@100": 0.87,
      "test_hits@50": 0.84,
      "test_mrr": 0.37236185668165817,
      "test_ndcg": 0.9794014921774359,
      "train_edges": 326918,
      "train_eval_time_sec": 8839.853027172387,
      "val_ap": 0.8597929288487177,
      "val_auc": 0.9492894170717785,
      "val_edges": 60324,
      "val_ndcg": 0.982548022083767
    }
  ]
}