{
  "environment": {
    "cuda_available": true,
    "cuda_capability": [
      7,
      0
    ],
    "cuda_device": "Tesla V100-PCIE-32GB",
    "python": "3.10.8",
    "torch": "2.5.1+cu121"
  },
  "rows": [
    {
      "ablation": "full",
      "allocated_mb": 195.55908203125,
      "dataset": "tkgl-smallpedia",
      "few_shot_ratio": 1.0,
      "max_allocated_mb": 18239.798828125,
      "method": "ssptgfm",
      "params_total": 14285328,
      "params_trainable": 14285328,
      "reserved_mb": 18754.0,
      "rough_forward_flops": 58738917376,
      "scenario": "label_split",
      "seed": 2,
      "test_ap": 0.3701158795051412,
      "test_auc": 0.7185375648525827,
      "test_edges": 163172,
      "test_hits@1": 0.0,
      "test_hits@10": 0.0375,
      "test_hits@100": 0.105,
      "test_hits@50": 0.095,
      "test_mrr": 0.013530497216203386,
      "test_ndcg": 0.8836767673802074,
      "train_align": 7343.916615435632,
      "train_edges": 775514,
      "train_eval_time_sec": 18590.55351762101,
      "train_kl": 27019.301624368694,
      "train_loss": 761.6152161217527,
      "train_lp": 0.20218546107535007,
      "train_meta": 0.19765156359443276,
      "train_ood_reg": 0.21451064509689693,
      "train_weighted_align": 734.3916728170951,
      "train_weighted_kl": 27.019302914657256,
      "train_weighted_meta": 0.000988257797195892,
      "train_weighted_ood_reg": 0.0010725532022608539,
      "val_ap": 0.3876598995933614,
      "val_auc": 0.7426915593419675,
      "val_edges": 162066,
      "val_ndcg": 0.8880863341852264
    },
    {
      "ablation": "baseline",
      "dataset": "tkgl-smallpedia",
      "few_shot_ratio": 1.0,
      "method": "lm_mlp",
      "params_total": 187649,
      "params_trainable": 187649,
      "scenario": "label_split",
      "seed": 2,
      "test_ap": 0.07502171218330755,
      "test_auc": 0.6124051081306853,
      "test_edges": 163172,
      "test_hits@1": 0.0,
      "test_hits@10": 0.0,
      "test_hits@100": 0.0025,
      "test_hits@50": 0.0,
      "test_mrr": 0.0002654322407653193,
      "test_ndcg": 0.8034126997894421,
      "train_edges": 775514,
      "train_eval_time_sec": 1862.1698286160827,
      "val_ap": 0.12674325550928797,
      "val_auc": 0.7033467039888607,
      "val_edges": 162066,
      "val_ndcg": 0.8320386885374804
    },
    {
      "ablation": "baseline",
      "dataset": "tkgl-smallpedia",
      "few_shot_ratio": 1.0,
      "method": "structure_mlp",
      "params_total": 89729,
      "params_trainable": 89729,
      "scenario": "label_split",
      "seed": 2,
      "test_ap": 0.4431121508222677,
      "test_auc": 0.7843119551051402,
      "test_edges": 163172,
      "test_hits@1": 0.035,
      "test_hits@10": 0.095,
      "test_hits@100": 0.1475,
      "test_hits@50": 0.12,
      "test_mrr": 0.05528273451677145,
      "test_ndcg": 0.9026472657654255,
      "train_edges": 775514,
      "train_eval_time_sec": 22530.044212289155,
      "val_ap": 0.4458594023093929,
      "val_auc": 0.7968254567086592,
      "val_edges": 162066,
      "val_ndcg": 0.903963048821008
    }
  ]
}