{
  "rows": [
    {
      "ablation": "full",
      "allocated_mb": 44.76611328125,
      "dataset": "tkgl-yago",
      "few_shot_ratio": 1.0,
      "max_allocated_mb": 6393.51318359375,
      "method": "ssptgfm",
      "params_total": 1698164,
      "params_trainable": 1698115,
      "reserved_mb": 6564.0,
      "rough_forward_flops": 14125910016,
      "scenario": "label_split",
      "seed": 1,
      "test_ap": 0.9240276385759724,
      "test_auc": 0.962194182361442,
      "test_edges": 40052,
      "test_hits@1": 0.8666666666666667,
      "test_hits@10": 0.8966666666666666,
      "test_hits@100": 0.9133333333333333,
      "test_hits@50": 0.91,
      "test_mrr": 0.8813956777874955,
      "test_ndcg": 0.989312999944682,
      "train_align": 10672.803760939378,
      "train_edges": 323080,
      "train_eval_time_sec": 11871.852324083447,
      "train_kl": 11968.727644739396,
      "train_loss": 54.63068464352534,
      "train_lp": 0.06870621453302028,
      "train_meta": 0.08590105670942322,
      "train_ood_reg": 0.2314602453739215,
      "train_rank": 0.02438760347222575,
      "train_struct_aux": 0.4265327070768063,
      "train_weighted_align": 53.36401762778942,
      "train_weighted_kl": 1.196872695413633,
      "train_weighted_meta": 0.000429505272227478,
      "train_weighted_ood_reg": 0.00023146025629009669,
      "train_weighted_rank": 2.4387604744683464e-05,
      "train_weighted_struct_aux": 0.00042653272714979277,
      "val_ap": 0.9048699874918373,
      "val_auc": 0.9601988938776513,
      "val_edges": 39046,
      "val_hits@1": 0.8933333333333333,
      "val_hits@10": 0.9133333333333333,
      "val_hits@100": 0.9133333333333333,
      "val_hits@50": 0.9133333333333333,
      "val_mrr": 0.9017410686907654,
      "val_ndcg": 0.9873319550539449
    },
    {
      "ablation": "full",
      "allocated_mb": 44.76611328125,
      "dataset": "tkgl-yago",
      "few_shot_ratio": 1.0,
      "max_allocated_mb": 6391.25439453125,
      "method": "ssptgfm",
      "params_total": 1698164,
      "params_trainable": 1698115,
      "reserved_mb": 6562.0,
      "rough_forward_flops": 14125910016,
      "scenario": "label_split",
      "seed": 2,
      "test_ap": 0.922987730691018,
      "test_auc": 0.9629322926522794,
      "test_edges": 40052,
      "test_hits@1": 0.8733333333333333,
      "test_hits@10": 0.9,
      "test_hits@100": 0.9133333333333333,
      "test_hits@50": 0.91,
      "test_mrr": 0.8849271368048994,
      "test_ndcg": 0.9892618135286178,
      "train_align": 10337.624986540966,
      "train_edges": 323080,
      "train_eval_time_sec": 11865.221941169351,
      "train_kl": 13927.423161394168,
      "train_loss": 53.14705385795006,
      "train_lp": 0.06524927785190252,
      "train_meta": 0.05896945696066933,
      "train_ood_reg": 0.2128984272480011,
      "train_rank": 0.022494326272489838,
      "train_struct_aux": 0.4309124619150773,
      "train_weighted_align": 51.688123811208285,
      "train_weighted_kl": 1.3927423171890088,
      "train_weighted_meta": 0.00029484727796072317,
      "train_weighted_ood_reg": 0.00021289843761433775,
      "train_weighted_rank": 2.249432732504339e-05,
      "train_weighted_struct_aux": 0.000430912481141814,
      "val_ap": 0.903372643886036,
      "val_auc": 0.9613712022779504,
      "val_edges": 39046,
      "val_hits@1": 0.8933333333333333,
      "val_hits@10": 0.9133333333333333,
      "val_hits@100": 0.9133333333333333,
      "val_hits@50": 0.9133333333333333,
      "val_mrr": 0.9022942526316361,
      "val_ndcg": 0.9873277719697963
    },
    {
      "ablation": "full",
      "allocated_mb": 44.76611328125,
      "dataset": "tkgl-yago",
      "few_shot_ratio": 1.0,
      "max_allocated_mb": 6391.3427734375,
      "method": "ssptgfm",
      "params_total": 1698164,
      "params_trainable": 1698115,
      "reserved_mb": 6562.0,
      "rough_forward_flops": 14125910016,
      "scenario": "label_split",
      "seed": 3,
      "test_ap": 0.9215442006166429,
      "test_auc": 0.9610068498076738,
      "test_edges": 40052,
      "test_hits@1": 0.87,
      "test_hits@10": 0.8966666666666666,
      "test_hits@100": 0.9133333333333333,
      "test_hits@50": 0.9066666666666666,
      "test_mrr": 0.8823009021890542,
      "test_ndcg": 0.9889552535425048,
      "train_align": 10675.261363024589,
      "train_edges": 323080,
      "train_eval_time_sec": 11724.812018785626,
      "train_kl": 12404.18849788568,
      "train_loss": 54.69006765500093,
      "train_lp": 0.0723572421962252,
      "train_meta": 0.07385370928447325,
      "train_ood_reg": 0.20705461693115723,
      "train_rank": 0.023926615902485373,
      "train_struct_aux": 0.40821822671554026,
      "train_weighted_align": 53.3763057806553,
      "train_weighted_kl": 1.2404188308673791,
      "train_weighted_meta": 0.0003692685378979741,
      "train_weighted_ood_reg": 0.00020705462681153456,
      "train_weighted_rank": 2.392661678921006e-05,
      "train_weighted_struct_aux": 0.00040821824685479394,
      "val_ap": 0.899843223721053,
      "val_auc": 0.9580398019581545,
      "val_edges": 39046,
      "val_hits@1": 0.8933333333333333,
      "val_hits@10": 0.9133333333333333,
      "val_hits@100": 0.9133333333333333,
      "val_hits@50": 0.9133333333333333,
      "val_mrr": 0.9033968381989804,
      "val_ndcg": 0.9866234392703729
    },
    {
      "ablation": "full",
      "allocated_mb": 44.76611328125,
      "dataset": "tkgl-yago",
      "few_shot_ratio": 1.0,
      "max_allocated_mb": 6390.21728515625,
      "method": "ssptgfm",
      "params_total": 1698164,
      "params_trainable": 1698115,
      "reserved_mb": 6562.0,
      "rough_forward_flops": 14125910016,
      "scenario": "label_split",
      "seed": 4,
      "test_ap": 0.9232099344852331,
      "test_auc": 0.962423225150608,
      "test_edges": 40052,
      "test_hits@1": 0.87,
      "test_hits@10": 0.8966666666666666,
      "test_hits@100": 0.91,
      "test_hits@50": 0.9066666666666666,
      "test_mrr": 0.8822276032272119,
      "test_ndcg": 0.9892226955589534,
      "train_align": 10673.716776373447,
      "train_edges": 323080,
      "train_eval_time_sec": 11813.249966736883,
      "train_kl": 15728.14817727896,
      "train_loss": 55.01014802272503,
      "train_lp": 0.0678015217399941,
      "train_meta": 0.06716587829609919,
      "train_ood_reg": 0.21150291432172824,
      "train_rank": 0.021886034564933,
      "train_struct_aux": 0.401237685749164,
      "train_weighted_align": 53.36858289486322,
      "train_weighted_kl": 1.5728148222471086,
      "train_weighted_meta": 0.0003358293861494461,
      "train_weighted_ood_reg": 0.00021150292401822906,
      "train_weighted_rank": 2.1886035827743072e-05,
      "train_weighted_struct_aux": 0.00040123770524634237,
      "val_ap": 0.9037394635402262,
      "val_auc": 0.9604224772830681,
      "val_edges": 39046,
      "val_hits@1": 0.8933333333333333,
      "val_hits@10": 0.9133333333333333,
      "val_hits@100": 0.9133333333333333,
      "val_hits@50": 0.9133333333333333,
      "val_mrr": 0.9023115162064855,
      "val_ndcg": 0.9872214772106314
    },
    {
      "ablation": "full",
      "allocated_mb": 44.76611328125,
      "dataset": "tkgl-yago",
      "few_shot_ratio": 1.0,
      "max_allocated_mb": 6392.03271484375,
      "method": "ssptgfm",
      "params_total": 1698164,
      "params_trainable": 1698115,
      "reserved_mb": 6564.0,
      "rough_forward_flops": 14125910016,
      "scenario": "label_split",
      "seed": 5,
      "test_ap": 0.9231135869633277,
      "test_auc": 0.9603465959896796,
      "test_edges": 40052,
      "test_hits@1": 0.8733333333333333,
      "test_hits@10": 0.8966666666666666,
      "test_hits@100": 0.9133333333333333,
      "test_hits@50": 0.9066666666666666,
      "test_mrr": 0.8845143369571212,
      "test_ndcg": 0.9891129081706584,
      "train_align": 10650.691584190956,
      "train_edges": 323080,
      "train_eval_time_sec": 8546.437555499375,