,,,,,test_ap,test_ap,test_ap,test_ap,test_auc,test_auc,test_auc,test_auc,test_edges,test_edges,test_edges,test_edges,test_hits@1,test_hits@1,test_hits@1,test_hits@1,test_hits@10,test_hits@10,test_hits@10,test_hits@10,test_hits@100,test_hits@100,test_hits@100,test_hits@100,test_hits@50,test_hits@50,test_hits@50,test_hits@50,test_mrr,test_mrr,test_mrr,test_mrr,test_ndcg,test_ndcg,test_ndcg,test_ndcg,val_ap,val_ap,val_ap,val_ap,val_auc,val_auc,val_auc,val_auc,val_edges,val_edges,val_edges,val_edges,val_hits@1,val_hits@1,val_hits@1,val_hits@1,val_hits@10,val_hits@10,val_hits@10,val_hits@10,val_hits@100,val_hits@100,val_hits@100,val_hits@100,val_hits@50,val_hits@50,val_hits@50,val_hits@50,val_mrr,val_mrr,val_mrr,val_mrr,val_ndcg,val_ndcg,val_ndcg,val_ndcg
,,,,,ci95,count,mean,std,ci95,count,mean,std,ci95,count,mean,std,ci95,count,mean,std,ci95,count,mean,std,ci95,count,mean,std,ci95,count,mean,std,ci95,count,mean,std,ci95,count,mean,std,ci95,count,mean,std,ci95,count,mean,std,ci95,count,mean,std,ci95,count,mean,std,ci95,count,mean,std,ci95,count,mean,std,ci95,count,mean,std,ci95,count,mean,std,ci95,count,mean,std
dataset,method,ablation,scenario,few_shot_ratio,,,,,,,,,,,,,,,,,,,,,,,,,,,,,,,,,,,,,,,,,,,,,,,,,,,,,,,,,,,,,,,,,,,,,,,,
tkgl-yago,ssptgfm,full,label_split,1.0,0.0007876401362065645,5,0.9229766182664388,0.0008985800440638121,0.0009364483598924712,5,0.9617806291923365,0.0010683480561927312,0.0,5,40052.0,0.0,0.002444549492692278,5,0.8706666666666667,0.0027888667551135503,0.001306666666666705,5,0.8973333333333333,0.0014907119849999037,0.0013066666666666507,5,0.9126666666666667,0.0014907119849998415,0.001600333298618373,5,0.908,0.0018257418583505882,0.0013607197458930895,5,0.8830731313931566,0.0015523784949710146,0.00012471972507014774,5,0.9891731341490833,0.00014228662417955875,0.0018008259052122993,5,0.9025859701446471,0.0020544740508659665,0.0012786251895273992,5,0.9596495474722072,0.0014587208375136823,0.0,5,39046.0,0.0,0.0,5,0.8933333333333333,0.0,0.0,5,0.9133333333333333,0.0,0.0,5,0.9133333333333333,0.0,0.0,5,0.9133333333333333,0.0,0.0007201357232372879,5,0.9021851037619107,0.0008215675664206892,0.0002864366761231199,5,0.9870620000286161,0.0003267815709491771
