{
  "best_candidate": {
    "model": {
      "adapter_rank": 16,
      "hidden_dim": 128,
      "relation_rank": 16,
      "temporal_layers": 1
    },
    "name": "formula_rank_lr7e4_neg10_align005",
    "train": {
      "lambda_align": 0.005,
      "lambda_kl": 0.0001,
      "lambda_meta": 0.005,
      "lambda_ood": 0.001,
      "lr": 0.0007,
      "num_neg_train": 10
    }
  },
  "best_candidate_passes_minima": true,
  "best_validation_mean": 0.2633858105060954,
  "candidate_summaries": [
    {
      "candidate": "formula_rank_lr7e4_neg5_align01",
      "means": {
        "val_ap": 0.35835013541569255,
        "val_auc": 0.8833720649209673,
        "val_hits@10": 0.14500000000000002,
        "val_mrr": 0.05860294507935676
      },
      "passes_metric_minima": true,
      "score": 0.23389229581939275,
      "seeds_completed": 2
    },
    {
      "candidate": "formula_rank_lr5e4_neg5_align005",
      "means": {
        "val_ap": 0.3572361392362591,
        "val_auc": 0.8826610378031732,
        "val_hits@10": 0.125,
        "val_mrr": 0.058672862811522446
      },
      "passes_metric_minima": true,
      "score": 0.2287092009998631,
      "seeds_completed": 2
    },
    {
      "candidate": "formula_rank_lr7e4_neg10_align005",
      "means": {
        "val_ap": 0.41365826509505343,
        "val_auc": 0.8876664570919658,
        "val_hits@10": 0.15500000000000003,
        "val_mrr": 0.10024003086559036
      },
      "passes_metric_minima": true,
      "score": 0.2633858105060954,
      "seeds_completed": 2
    }
  ],
  "dataset": "icews14",
  "environment": {
    "cuda_available": true,
    "cuda_capability": [
      7,
      0
    ],
    "cuda_device": "Tesla V100-PCIE-32GB",
    "python": "3.10.8",
    "torch": "2.5.1+cu121"
  },
  "formal_allowed": true,
  "leakage_control": {
    "selection_uses": "validation metrics only",
    "temporal_split": "strict train < validation < test",
    "test_usage": "not evaluated by this script"
  },
  "metric_minima": {},
  "metric_weights": {
    "val_ap": 0.1,
    "val_auc": 0.15,
    "val_hits@10": 0.25,
    "val_mrr": 0.5
  },
  "rows": [
    {
      "candidate": "formula_rank_lr7e4_neg5_align01",
      "composite": NaN,
      "seed": 1,
      "train_align": 4913.873311121323,
      "train_kl": 4673.3178666657095,
      "train_loss": 49.83847253088857,
      "train_lp": 0.2298011714336919,
      "train_meta": 0.4825132876634598,
      "train_ood_reg": 0.19497272267061122,
      "train_weighted_align": 49.13873199762082,
      "train_weighted_kl": 0.46733176286021866,
      "train_weighted_meta": 0.0024125663864919366,
      "train_weighted_ood_reg": 0.0001949727317254406,
      "val_ap": 0.42081604712666565,
      "val_auc": 0.8890207005926705,
      "val_hits@1": 0.03,
      "val_hits@10": 0.16,
      "val_hits@100": 0.41,
      "val_hits@50": 0.34,
      "val_mrr": 0.0637117088312468,
      "val_ndcg": 0.9018298682096029
    },
    {
      "candidate": "formula_rank_lr7e4_neg5_align01",
      "composite": NaN,
      "seed": 2,
      "train_align": 8652.631593711703,
      "train_kl": 21668.879474954043,
      "train_loss": 89.00726607079599,
      "train_lp": 0.3107128190059288,
      "train_meta": 0.6264261392986074,
      "train_ood_reg": 0.21919124097216364,
      "train_weighted_align": 86.52631393881406,
      "train_weighted_kl": 2.166887888955135,
      "train_weighted_meta": 0.003132130625639476,
      "train_weighted_ood_reg": 0.0002191912512381689,
      "val_ap": 0.29588422370471945,
      "val_auc": 0.8777234292492642,
      "val_hits@1": 0.02,
      "val_hits@10": 0.13,
      "val_hits@100": 0.34,
      "val_hits@50": 0.26,
      "val_mrr": 0.053494181327466715,
      "val_ndcg": 0.8712301505788517
    },
    {
      "candidate": "formula_rank_lr5e4_neg5_align005",
      "composite": NaN,
      "seed": 1,
      "train_align": 5192.954981904872,
      "train_kl": 3127.544318225337,
      "train_loss": 26.526710929122626,
      "train_lp": 0.24644327672088848,
      "train_meta": 0.5021916792088864,
      "train_ood_reg": 0.22794144492523344,
      "train_weighted_align": 25.964774348689062,
      "train_weighted_kl": 0.3127544248659237,
      "train_weighted_meta": 0.0025109583466295517,
      "train_weighted_ood_reg": 0.00022794145585138204,
      "val_ap": 0.35301310821148224,
      "val_auc": 0.8808576020874512,
      "val_hits@1": 0.02,
      "val_hits@10": 0.1,
      "val_hits@100": 0.44,
      "val_hits@50": 0.27,
      "val_mrr": 0.04385831738242413,
      "val_ndcg": 0.8858096514339433
    },
    {
      "candidate": "formula_rank_lr5e4_neg5_align005",
      "composite": NaN,
      "seed": 2,
      "train_align": 5182.105874214921,
      "train_kl": 3352.114493815104,
      "train_loss": 26.488564012564865,
      "train_lp": 0.24002894052103455,
      "train_meta": 0.5134157353756474,
      "train_ood_reg": 0.22773294594942356,
      "train_weighted_align": 25.91052875892789,
      "train_weighted_kl": 0.3352114348654069,
      "train_weighted_meta": 0.002567078625582451,
      "train_weighted_ood_reg": 0.00022773295675185235,
      "val_ap": 0.3614591702610359,
      "val_auc": 0.8844644735188952,
      "val_hits@1": 0.02,
      "val_hits@10": 0.15,
      "val_hits@100": 0.42,
      "val_hits@50": 0.31,
      "val_mrr": 0.07348740824062076,
      "val_ndcg": 0.8881810885230492
    },
    {
      "candidate": "formula_rank_lr7e4_neg10_align005",
      "composite": NaN,
      "seed": 1,
      "train_align": 9479.478282973345,
      "train_kl": 6203.1745494169345,
      "train_loss": 48.187365326226924,
      "train_lp": 0.16631406387862038,
      "train_meta": 0.6222111638270172,
      "train_ood_reg": 0.2324112751904656,
      "train_weighted_align": 47.39739035064099,
      "train_weighted_kl": 0.620317452999891,
      "train_weighted_meta": 0.003111055751751159,
      "train_weighted_ood_reg": 0.0002324112861613542,
      "val_ap": 0.4148101316550083,
      "val_auc": 0.887112503310063,
      "val_hits@1": 0.06,
      "val_hits@10": 0.14,
      "val_hits@100": 0.39,
      "val_hits@50": 0.27,
      "val_mrr": 0.08408582225230857,
      "val_ndcg": 0.9002921246663012
    },
    {
      "candidate": "formula_rank_lr7e4_neg10_align005",
      "composite": NaN,
      "seed": 2,
      "train_align": 9474.031717218137,
      "train_kl": 5896.363576492608,
      "train_loss": 48.13090259327608,
      "train_lp": 0.16772587013010884,
      "train_meta": 0.6302083675767861,
      "train_ood_reg": 0.23197151878300834,
      "train_weighted_align": 47.370157541013235,
      "train_weighted_kl": 0.5896363478957438,
      "train_weighted_meta": 0.003151041776051416,
      "train_weighted_ood_reg": 0.00023197153013646967,
      "val_ap": 0.41250639853509863,
      "val_auc": 0.8882204108738686,
      "val_hits@1": 0.07,
      "val_hits@10": 0.17,
      "val_hits@100": 0.49,
      "val_hits@50": 0.36,
      "val_mrr": 0.11639423947887213,
      "val_ndcg": 0.8997846347106135
    }
  ],
  "scenario": {
    "name": "standard"
  },
  "selection_metric": "composite",
  "selection_metrics": [
    "val_auc",
    "val_ap",
    "val_mrr",
    "val_hits@10"
  ]
}