{
  "environment": {
    "cuda_available": true,
    "cuda_capability": [
      7,
      0
    ],
    "cuda_device": "Tesla V100-PCIE-32GB",
    "python": "3.10.8",
    "torch": "2.5.1+cu121"
  },
  "rows": [
    {
      "ablation": "full",
      "allocated_mb": 28.1728515625,
      "dataset": "synthetic",
      "few_shot_ratio": 1.0,
      "max_allocated_mb": 71.59814453125,
      "method": "ssptgfm",
      "params_total": 1966288,
      "params_trainable": 1966288,
      "reserved_mb": 96.0,
      "rough_forward_flops": 52150272,
      "scenario": "standard",
      "seed": 1,
      "test_ap": 0.1596220551863685,
      "test_auc": 0.79534375,
      "test_edges": 240,
      "test_hits@1": 0.025,
      "test_hits@10": 0.16,
      "test_hits@100": 0.735,
      "test_hits@50": 0.605,
      "test_mrr": 0.07216337576717223,
      "test_ndcg": 0.6819706314916704,
      "train_align": 83.9175295829773,
      "train_edges": 20,
      "train_eval_time_sec": 19.08257621899247,
      "train_kl": 1012.8391876220703,
      "train_loss": 4.805600747466087,
      "train_lp": 0.10274590272456408,
      "train_meta": 0.06802702194545418,
      "train_ood_reg": 0.21833721548318863,
      "val_ap": 0.1556669670307703,
      "val_auc": 0.8161965277777778,
      "val_edges": 240,
      "val_ndcg": 0.6824297014792412
    },
    {
      "ablation": "baseline",
      "dataset": "synthetic",
      "few_shot_ratio": 1.0,
      "method": "lm_mlp",
      "params_total": 222721,
      "params_trainable": 222721,
      "scenario": "standard",
      "seed": 1,
      "test_ap": 0.09727412073691746,
      "test_auc": 0.6938899305555556,
      "test_edges": 240,
      "test_hits@1": 0.01,
      "test_hits@10": 0.08,
      "test_hits@100": 0.645,
      "test_hits@50": 0.42,
      "test_mrr": 0.041615544962608365,
      "test_ndcg": 0.635855691755744,
      "train_edges": 20,
      "train_eval_time_sec": 10.906443763524294,
      "val_ap": 0.11198285431042102,
      "val_auc": 0.7438413194444444,
      "val_edges": 240,
      "val_ndcg": 0.6558083449130914
    },
    {
      "ablation": "baseline",
      "dataset": "synthetic",
      "few_shot_ratio": 1.0,
      "method": "structure_mlp",
      "params_total": 38977,
      "params_trainable": 38977,
      "scenario": "standard",
      "seed": 1,
      "test_ap": 0.04336798653142568,
      "test_auc": 0.5517135416666666,
      "test_edges": 240,
      "test_hits@1": 0.01,
      "test_hits@10": 0.055,
      "test_hits@100": 0.435,
      "test_hits@50": 0.285,
      "test_mrr": 0.03373946615845227,
      "test_ndcg": 0.5570037511666035,
      "train_edges": 20,
      "train_eval_time_sec": 6.659089233726263,
      "val_ap": 0.03877014383237215,
      "val_auc": 0.5025128472222223,
      "val_edges": 240,
      "val_ndcg": 0.5545786521861199
    },
    {
      "ablation": "full",
      "allocated_mb": 28.47265625,
      "dataset": "synthetic",
      "few_shot_ratio": 1.0,
      "max_allocated_mb": 71.89794921875,
      "method": "ssptgfm",
      "params_total": 1966288,
      "params_trainable": 1966288,
      "reserved_mb": 96.0,
      "rough_forward_flops": 52150272,
      "scenario": "standard",
      "seed": 2,
      "test_ap": 0.1571393224588409,
      "test_auc": 0.7866520833333334,
      "test_edges": 240,
      "test_hits@1": 0.03,
      "test_hits@10": 0.19,
      "test_hits@100": 0.73,
      "test_hits@50": 0.675,
      "test_mrr": 0.08978881748353583,
      "test_ndcg": 0.6859600511076073,
      "train_align": 92.4564356803894,
      "train_edges": 20,
      "train_eval_time_sec": 16.197920631617308,
      "train_kl": 1064.9647064208984,
      "train_loss": 5.423901051282883,
      "train_lp": 0.2656436562538147,
      "train_meta": 0.5482008457183838,
      "train_ood_reg": 0.2120678424835205,
      "val_ap": 0.15908304726025246,
      "val_auc": 0.8102256944444445,
      "val_edges": 240,
      "val_ndcg": 0.687596290100672
    },
    {
      "ablation": "baseline",
      "dataset": "synthetic",
      "few_shot_ratio": 1.0,
      "method": "lm_mlp",
      "params_total": 222721,
      "params_trainable": 222721,
      "scenario": "standard",
      "seed": 2,
      "test_ap": 0.11621542742645623,
      "test_auc": 0.68745625,
      "test_edges": 240,
      "test_hits@1": 0.0,
      "test_hits@10": 0.095,
      "test_hits@100": 0.635,
      "test_hits@50": 0.425,
      "test_mrr": 0.032145319822389336,
      "test_ndcg": 0.6568934822354573,
      "train_edges": 20,
      "train_eval_time_sec": 10.143340773880482,
      "val_ap": 0.11528752495356621,
      "val_auc": 0.7391239583333333,
      "val_edges": 240,
      "val_ndcg": 0.6470424104684892
    },
    {
      "ablation": "baseline",
      "dataset": "synthetic",
      "few_shot_ratio": 1.0,
      "method": "structure_mlp",
      "params_total": 38977,
      "params_trainable": 38977,
      "scenario": "standard",
      "seed": 2,
      "test_ap": 0.03489134490732371,
      "test_auc": 0.46770277777777775,
      "test_edges": 240,
      "test_hits@1": 0.025,
      "test_hits@10": 0.115,
      "test_hits@100": 0.44,
      "test_hits@50": 0.265,
      "test_mrr": 0.06313538614345651,
      "test_ndcg": 0.5400349233871303,
      "train_edges": 20,
      "train_eval_time_sec": 6.670981165021658,
      "val_ap": 0.038485376697789064,
      "val_auc": 0.4990475694444445,
      "val_edges": 240,
      "val_ndcg": 0.5526804700393165
    },
    {
      "ablation": "full",
      "allocated_mb": 28.47265625,
      "dataset": "synthetic",
      "few_shot_ratio": 1.0,
      "max_allocated_mb": 71.89794921875,
      "method": "ssptgfm",
      "params_total": 1966288,
      "params_trainable": 1966288,
      "reserved_mb": 96.0,
      "rough_forward_flops": 52150272,
      "scenario": "standard",
      "seed": 3,
      "test_ap": 0.16139747427554776,
      "test_auc": 0.768625,
      "test_edges": 240,
      "test_hits@1": 0.02,
      "test_hits@10": 0.15,
      "test_hits@100": 0.74,
      "test_hits@50": 0.615,
      "test_mrr": 0.07788634076868464,
      "test_ndcg": 0.6846552550456866,
      "train_align": 87.0790467262268,
      "train_edges": 20,
      "train_eval_time_sec": 14.13227891549468,
      "train_kl": 997.9926300048828,
      "train_loss": 5.028656631708145,
      "train_lp": 0.17464427277445793,
      "train_meta": 0.17017224431037903,
      "train_ood_reg": 0.2127527892589569,
      "val_ap": 0.1515493440302715,
      "val_auc": 0.7589430555555555,
      "val_edges": 240,
      "val_ndcg": 0.6879988197439486
    },
    {
      "ablation": "baseline",
      "dataset": "synthetic",
      "few_shot_ratio": 1.0,
      "method": "lm_mlp",
      "params_total": 222721,
      "params_trainable": 222721,
      "scenario": "standard",
      "seed": 3,
      "test_ap": 0.1147573588644859,
      "test_auc": 0.6671239583333333,
      "test_edges": 240,
      "test_hits@1": 0.0,
      "test_hits@10": 0.085,
      "test_hits@100": 0.65,
      "test_hits@50": 0.395,
      "test_mrr": 0.03545113639105267,
      "test_ndcg": 0.648635104350334,
      "train_edges": 20,
      "train_eval_time_sec": 7.967460531741381,
      "val_ap": 0.1215217632962811,
      "val_auc": 0.7307027777777777,
      "val_edges": 240,
      "val_ndcg": 0.6483440503500573
    },
    {
      "ablation": "baseline",
      "dataset": "synthetic",
      "few_shot_ratio": 1.0,
      "method": "structure_mlp",
      "params_total": 38977,
      "params_trainable": 38977,
      "scenario": "standard",
      "seed": 3,
      "test_ap": 0.03984703168444318,
      "test_auc": 0.512346875,
      "test_edges": 240,
      "test_hits@1": 0.025,
      "test_hits@10": 0.135,
      "test_hits@100": 0.565,
      "test_hits@50": 0.36,
      "test_mrr": 0.0715229836615185,
      "test_ndcg": 0.5552883153591072,
      "train_edges": 20,
      "train_eval_time_sec": 6.329025242477655,
      "val_ap": 0.03864282334018575,
      "val_auc": 0.5005656249999999,
      "val_edges": 240,