{
  "environment": {
    "cuda_available": true,
    "cuda_capability": [
      7,
      0
    ],
    "cuda_device": "Tesla V100-PCIE-32GB",
    "python": "3.10.8",
    "torch": "2.5.1+cu121"
  },
  "rows": [
    {
      "ablation": "full",
      "allocated_mb": 48.5595703125,
      "dataset": "icews14",
      "few_shot_ratio": 1.0,
      "max_allocated_mb": 1288.939453125,
      "method": "ssptgfm",
      "params_total": 2819632,
      "params_trainable": 2819632,
      "reserved_mb": 1522.0,
      "rough_forward_flops": 2792030208,
      "scenario": "standard",
      "seed": 3,
      "test_ap": 0.41788034136877544,
      "test_auc": 0.8994851566572251,
      "test_edges": 14378,
      "test_hits@1": 0.0225,
      "test_hits@10": 0.1425,
      "test_hits@100": 0.49,
      "test_hits@50": 0.355,
      "test_mrr": 0.06500268493424302,
      "test_ndcg": 0.9015603388811992,
      "train_align": 1116.6615117091758,
      "train_edges": 61760,
      "train_eval_time_sec": 7411.884243864566,
      "train_kl": 2200.470793241613,
      "train_loss": 57.26451645645441,
      "train_lp": 0.3277100833607655,
      "train_meta": 0.32969482799663263,
      "train_ood_reg": 0.19745546348539053,
      "train_weighted_align": 55.83307659672756,
      "train_weighted_kl": 1.100235452371485,
      "train_weighted_meta": 0.003296948206273145,
      "train_weighted_ood_reg": 0.00019745547324419023,
      "val_ap": 0.4444020627301078,
      "val_auc": 0.8971274162520259,
      "val_edges": 14592,
      "val_ndcg": 0.9072378250112475
    },
    {
      "ablation": "baseline",
      "dataset": "icews14",
      "few_shot_ratio": 1.0,
      "method": "lm_mlp",
      "params_total": 96193,
      "params_trainable": 96193,
      "scenario": "standard",
      "seed": 3,
      "test_ap": 0.5252678711913799,
      "test_auc": 0.9114114499012137,
      "test_edges": 14378,
      "test_hits@1": 0.025,
      "test_hits@10": 0.14,
      "test_hits@100": 0.55,
      "test_hits@50": 0.425,
      "test_mrr": 0.07220976021998657,
      "test_ndcg": 0.9217358983428783,
      "train_edges": 61760,
      "train_eval_time_sec": 329.6673752889037,
      "val_ap": 0.5385827386784064,
      "val_auc": 0.9094831901214497,
      "val_edges": 14592,
      "val_ndcg": 0.9236311869317775
    },
    {
      "ablation": "baseline",
      "dataset": "icews14",
      "few_shot_ratio": 1.0,
      "method": "structure_mlp",
      "params_total": 31969,
      "params_trainable": 31969,
      "scenario": "standard",
      "seed": 3,
      "test_ap": 0.5822679696513879,
      "test_auc": 0.8334715085242614,
      "test_edges": 14378,
      "test_hits@1": 0.215,
      "test_hits@10": 0.5625,
      "test_hits@100": 0.8075,
      "test_hits@50": 0.7575,
      "test_mrr": 0.3253625727009415,
      "test_ndcg": 0.9219621897151421,
      "train_edges": 61760,
      "train_eval_time_sec": 3686.5640820860863,
      "val_ap": 0.5734449394166405,
      "val_auc": 0.8205302674823923,
      "val_edges": 14592,
      "val_ndcg": 0.9185174396885519
    }
  ]
}