{
  "environment": {
    "cuda_available": true,
    "cuda_capability": [
      7,
      0
    ],
    "cuda_device": "Tesla V100-PCIE-32GB",
    "python": "3.10.8",
    "torch": "2.5.1+cu121"
  },
  "rows": [
    {
      "ablation": "full",
      "allocated_mb": 33.1123046875,
      "dataset": "yago15k-temporal",
      "few_shot_ratio": 1.0,
      "max_allocated_mb": 253.0341796875,
      "method": "ssptgfm",
      "params_total": 1399440,
      "params_trainable": 1399440,
      "reserved_mb": 324.0,
      "rough_forward_flops": 384237568,
      "scenario": "standard",
      "seed": 1,
      "test_ap": 0.1561907149421686,
      "test_auc": 0.678280941866154,
      "test_edges": 26719,
      "test_hits@1": 0.0175,
      "test_hits@10": 0.0625,
      "test_hits@100": 0.425,
      "test_hits@50": 0.2275,
      "test_mrr": 0.03948299991364737,
      "test_ndcg": 0.8282570933738772,
      "train_align": 218.019270894386,
      "train_edges": 3244,
      "train_eval_time_sec": 2471.278475318104,
      "train_kl": 1834.7434672662766,
      "train_loss": 12.207308195847071,
      "train_lp": 0.386002141479166,
      "train_meta": 0.27344826148019835,
      "train_ood_reg": 0.23616413064932418,
      "val_ap": 0.17458718188523792,
      "val_auc": 0.7040387026228085,
      "val_edges": 6738,
      "val_ndcg": 0.8122557590514066
    },
    {
      "ablation": "baseline",
      "dataset": "yago15k-temporal",
      "few_shot_ratio": 1.0,
      "method": "lm_mlp",
      "params_total": 117633,
      "params_trainable": 117633,
      "scenario": "standard",
      "seed": 1,
      "test_ap": 0.156618338338481,
      "test_auc": 0.7188254860719479,
      "test_edges": 26719,
      "test_hits@1": 0.0025,
      "test_hits@10": 0.035,
      "test_hits@100": 0.2475,
      "test_hits@50": 0.1375,
      "test_mrr": 0.016356651631689006,
      "test_ndcg": 0.8256398534752609,
      "train_edges": 3244,
      "train_eval_time_sec": 42.65322256460786,
      "val_ap": 0.1968713812604495,
      "val_auc": 0.7633364000299203,
      "val_edges": 6738,
      "val_ndcg": 0.8205591094074868
    },
    {
      "ablation": "baseline",
      "dataset": "yago15k-temporal",
      "few_shot_ratio": 1.0,
      "method": "structure_mlp",
      "params_total": 19713,
      "params_trainable": 19713,
      "scenario": "standard",
      "seed": 1,
      "test_ap": 0.1520067482800652,
      "test_auc": 0.6684103738144495,
      "test_edges": 26719,
      "test_hits@1": 0.055,
      "test_hits@10": 0.23,
      "test_hits@100": 0.61,
      "test_hits@50": 0.455,
      "test_mrr": 0.127715492644207,
      "test_ndcg": 0.8258851230581107,
      "train_edges": 3244,
      "train_eval_time_sec": 1856.2002309039235,
      "val_ap": 0.14726380972462202,
      "val_auc": 0.6265151712385403,
      "val_edges": 6738,
      "val_ndcg": 0.7973921434056118
    }
  ]
}