{
  "best_candidate": {
    "model": {
      "adapter_rank": 16,
      "hidden_dim": 128,
      "relation_rank": 16,
      "temporal_layers": 1
    },
    "name": "medium_lr5e4_align01_meta005_ood005",
    "train": {
      "lambda_align": 0.1,
      "lambda_kl": 0.001,
      "lambda_meta": 0.005,
      "lambda_ood": 0.005,
      "lr": 0.0005
    }
  },
  "best_validation_mean": 0.750228380721758,
  "dataset": "tkgl-smallpedia",
  "environment": {
    "cuda_available": true,
    "cuda_capability": [
      7,
      0
    ],
    "cuda_device": "Tesla V100-PCIE-32GB",
    "python": "3.10.8",
    "torch": "2.5.1+cu121"
  },
  "leakage_control": {
    "selection_uses": "validation metrics only",
    "temporal_split": "strict train < validation < test",
    "test_usage": "not evaluated by this script"
  },
  "rows": [
    {
      "candidate": "compact_lr1e3_meta005_ood001",
      "seed": 1,
      "train_align": 44388.99345400989,
      "train_kl": 109677.98015092949,
      "train_loss": 2274.485016285186,
      "train_lp": 0.19516801338390524,
      "train_meta": 0.18050367189886649,
      "train_ood_reg": 0.20062716186521537,
      "val_ap": 0.4903781669157689,
      "val_auc": 0.7529576572711232,
      "val_ndcg": 0.9235071060023308
    },
    {
      "candidate": "compact_lr1e3_meta005_ood001",
      "seed": 2,
      "train_align": 40034.38294396267,
      "train_kl": 111185.58486318398,
      "train_loss": 2057.529916231376,
      "train_lp": 0.2166179529283626,
      "train_meta": 0.21764649285664003,
      "train_ood_reg": 0.2099781371801498,
      "val_ap": 0.46716794351194885,
      "val_auc": 0.7424489009390682,
      "val_ndcg": 0.9187358690988585
    },
    {
      "candidate": "compact_lr7e4_meta01_ood001",
      "seed": 1,
      "train_align": 36598.39170291794,
      "train_kl": 108498.62319131676,
      "train_loss": 1884.359101827401,
      "train_lp": 0.18817803990912152,
      "train_meta": 0.1751347419071156,
      "train_ood_reg": 0.19987043215934025,
      "val_ap": 0.4921649491522446,
      "val_auc": 0.7517180948360009,
      "val_ndcg": 0.9237769097499253
    },
    {
      "candidate": "compact_lr7e4_meta01_ood001",
      "seed": 2,
      "train_align": 51455.32793162068,
      "train_kl": 18144.19341127616,
      "train_loss": 2582.104699611664,
      "train_lp": 0.2634006894798393,
      "train_meta": 0.2530666352880458,
      "train_ood_reg": 0.2095268186463778,
      "val_ap": 0.4768809246110549,
      "val_auc": 0.7438144024829206,
      "val_ndcg": 0.9210748994113149
    },
    {
      "candidate": "medium_lr7e4_meta01_ood001",
      "seed": 1,
      "train_align": 46139.3847815221,
      "train_kl": 99483.53588538911,
      "train_loss": 2356.9125138202985,
      "train_lp": 0.19933707902274758,
      "train_meta": 0.18816075636541463,
      "train_ood_reg": 0.21185632542784946,
      "val_ap": 0.4845441953965678,
      "val_auc": 0.7531346941661036,
      "val_ndcg": 0.9227211378081158
    },
    {
      "candidate": "medium_lr7e4_meta01_ood001",
      "seed": 2,
      "train_align": 51629.076994086645,
      "train_kl": 14147.916263489135,
      "train_loss": 2588.8194498236912,
      "train_lp": 0.2886059027150333,
      "train_meta": 0.27608798611797836,
      "train_ood_reg": 0.21921311597900087,
      "val_ap": 0.4739456049526007,
      "val_auc": 0.74440259862305,
      "val_ndcg": 0.9207050198522595
    },
    {
      "candidate": "medium_lr5e4_align01_meta005_ood005",
      "seed": 1,
      "train_align": 43151.75810117076,
      "train_kl": 136686.8532082607,
      "train_loss": 4452.049419342285,
      "train_lp": 0.1848465721326995,
      "train_meta": 0.16897664944533689,
      "train_ood_reg": 0.21268934397345995,
      "val_ap": 0.492305589778189,
      "val_auc": 0.7523207195787026,
      "val_ndcg": 0.9238666207103452
    },
    {
      "candidate": "medium_lr5e4_align01_meta005_ood005",
      "seed": 2,
      "train_align": 39712.093552122074,
      "train_kl": 146320.2818669171,
      "train_loss": 4117.738035490788,
      "train_lp": 0.20642187858957695,
      "train_meta": 0.18617288842129398,
      "train_ood_reg": 0.21183657034697287,
      "val_ap": 0.4776560492720879,
      "val_auc": 0.7481360418648134,
      "val_ndcg": 0.9209059917670684
    }
  ],
  "scenario": {
    "name": "label_split"
  },
  "selection_metric": "val_auc"
}