{
  "rows": [
    {
      "ablation": "full",
      "allocated_mb": 29.890625,
      "dataset": "yago15k-temporal",
      "few_shot_ratio": 1.0,
      "max_allocated_mb": 202.76123046875,
      "method": "ssptgfm",
      "params_total": 974916,
      "params_trainable": 974867,
      "reserved_mb": 270.0,
      "rough_forward_flops": 221349888,
      "scenario": "standard",
      "seed": 1,
      "test_ap": 0.16512041283270823,
      "test_auc": 0.6511668802508853,
      "test_edges": 26719,
      "test_hits@1": 0.05333333333333334,
      "test_hits@10": 0.25333333333333335,
      "test_hits@100": 0.5633333333333334,
      "test_hits@50": 0.455,
      "test_mrr": 0.1210194017537624,
      "test_ndcg": 0.8339523744219692,
      "train_align": 191.10871121085296,
      "train_edges": 3244,
      "train_eval_time_sec": 1857.5747776068747,
      "train_kl": 1004.3534166206748,
      "train_loss": 1.2143414079535246,
      "train_lp": 0.15584098149786488,
      "train_meta": 0.12407503708186982,
      "train_ood_reg": 0.208746859582804,
      "train_rank": 0.04824477420296677,
      "train_struct_aux": 1.6924047900572956,
      "train_weighted_align": 0.9555435380493922,
      "train_weighted_kl": 0.10043533976284504,
      "train_weighted_meta": 0.0006203751758306935,
      "train_weighted_ood_reg": 0.00020874686927881912,
      "train_weighted_rank": 4.8244776270493775e-05,
      "train_weighted_struct_aux": 0.0016924048647112258,
      "val_ap": 0.16039343895432925,
      "val_auc": 0.6123618477746704,
      "val_edges": 6738,
      "val_hits@1": 0.06666666666666667,
      "val_hits@10": 0.30666666666666664,
      "val_hits@100": 0.66,
      "val_hits@50": 0.5166666666666667,
      "val_mrr": 0.137481724357367,
      "val_ndcg": 0.8075797941735657
    },
    {
      "ablation": "full",
      "allocated_mb": 29.890625,
      "dataset": "yago15k-temporal",
      "few_shot_ratio": 1.0,
      "max_allocated_mb": 202.76123046875,
      "method": "ssptgfm",
      "params_total": 974916,
      "params_trainable": 974867,
      "reserved_mb": 270.0,
      "rough_forward_flops": 221349888,
      "scenario": "standard",
      "seed": 2,
      "test_ap": 0.14100495441409655,
      "test_auc": 0.679747946099509,
      "test_edges": 26719,
      "test_hits@1": 0.05333333333333334,
      "test_hits@10": 0.255,
      "test_hits@100": 0.55,
      "test_hits@50": 0.4483333333333333,
      "test_mrr": 0.12447288798580937,
      "test_ndcg": 0.8181245866842931,
      "train_align": 123.76144071232717,
      "train_edges": 3244,
      "train_eval_time_sec": 2956.0104604400694,
      "train_kl": 814.2947566145557,
      "train_loss": 0.8083304270107489,
      "train_lp": 0.10572110489587205,
      "train_meta": 0.15307276527375568,
      "train_ood_reg": 0.23630476275743065,
      "train_rank": 0.014832999363388435,
      "train_struct_aux": 1.3709813706414251,
      "train_weighted_align": 0.6188071926767638,
      "train_weighted_kl": 0.0814294737163868,
      "train_weighted_meta": 0.0007653638055579163,
      "train_weighted_ood_reg": 0.00023630477369159176,
      "train_weighted_rank": 1.4833000026380906e-05,
      "train_weighted_struct_aux": 0.0013709814404467208,
      "val_ap": 0.17193465129386057,
      "val_auc": 0.7131112303164686,
      "val_edges": 6738,
      "val_hits@1": 0.07,
      "val_hits@10": 0.36,
      "val_hits@100": 0.6,
      "val_hits@50": 0.4766666666666667,
      "val_mrr": 0.1517518880967721,
      "val_ndcg": 0.8120274019214734
    },
    {
      "ablation": "full",
      "allocated_mb": 29.890625,
      "dataset": "yago15k-temporal",
      "few_shot_ratio": 1.0,
      "max_allocated_mb": 202.6806640625,
      "method": "ssptgfm",
      "params_total": 974916,
      "params_trainable": 974867,
      "reserved_mb": 270.0,
      "rough_forward_flops": 221349888,
      "scenario": "standard",
      "seed": 3,
      "test_ap": 0.14756975996445412,
      "test_auc": 0.6785401835861453,
      "test_edges": 26719,
      "test_hits@1": 0.04833333333333333,
      "test_hits@10": 0.24166666666666667,
      "test_hits@100": 0.56,
      "test_hits@50": 0.445,
      "test_mrr": 0.11619951159444444,
      "test_ndcg": 0.8235936764978287,
      "train_align": 141.32345644662442,
      "train_edges": 3244,
      "train_eval_time_sec": 2652.2827733382583,
      "train_kl": 944.787749435942,
      "train_loss": 0.8914134848460366,
      "train_lp": 0.08825557254804861,
      "train_meta": 0.10331875023419197,
      "train_ood_reg": 0.21460941257113117,
      "train_rank": 0.020857864055869674,
      "train_struct_aux": 1.3306689269067455,
      "train_weighted_align": 0.7066172640415508,
      "train_weighted_kl": 0.09447877254076618,
      "train_weighted_meta": 0.0005165937399852684,
      "train_weighted_ood_reg": 0.0002146094225512786,
      "train_weighted_rank": 2.08578650028729e-05,
      "train_weighted_struct_aux": 0.0013306689951739499,
      "val_ap": 0.17714475360231124,
      "val_auc": 0.6909991497036914,
      "val_edges": 6738,
      "val_hits@1": 0.07,
      "val_hits@10": 0.3566666666666667,
      "val_hits@100": 0.6566666666666666,
      "val_hits@50": 0.5433333333333333,
      "val_mrr": 0.1598209562847983,
      "val_ndcg": 0.8174911244309014
    },
    {
      "ablation": "full",
      "allocated_mb": 29.890625,
      "dataset": "yago15k-temporal",
      "few_shot_ratio": 1.0,
      "max_allocated_mb": 202.60009765625,
      "method": "ssptgfm",
      "params_total": 974916,
      "params_trainable": 974867,
      "reserved_mb": 270.0,
      "rough_forward_flops": 221349888,
      "scenario": "standard",
      "seed": 4,
      "test_ap": 0.13268953592148783,
      "test_auc": 0.5736408180668182,
      "test_edges": 26719,
      "test_hits@1": 0.051666666666666666,
      "test_hits@10": 0.26666666666666666,
      "test_hits@100": 0.5933333333333334,
      "test_hits@50": 0.48833333333333334,
      "test_mrr": 0.12460327665755831,
      "test_ndcg": 0.814986549925694,
      "train_align": 286.1351586802531,
      "train_edges": 3244,
      "train_eval_time_sec": 1091.639264009893,
      "train_kl": 630.7158999685514,
      "train_loss": 1.8701547273766186,
      "train_lp": 0.37322394777152496,
      "train_meta": 0.3673188024816119,
      "train_ood_reg": 0.2236928665789507,
      "train_rank": 0.21464565128948287,
      "train_struct_aux": 1.1231356366711147,
      "train_weighted_align": 1.430675760913893,
      "train_weighted_kl": 0.06307158850812179,
      "train_weighted_meta": 0.0018365939775599222,
      "train_weighted_ood_reg": 0.00022369287676233168,
      "train_weighted_rank": 0.0002146456619977656,
      "train_weighted_struct_aux": 0.0011231356926392605,
      "val_ap": 0.13931470489546896,
      "val_auc": 0.5746411196281709,
      "val_edges": 6738,
      "val_hits@1": 0.07,
      "val_hits@10": 0.39,
      "val_hits@100": 0.6433333333333333,
      "val_hits@50": 0.52,
      "val_mrr": 0.15349285614777874,
      "val_ndcg": 0.7944967823837995
    },
    {
      "ablation": "full",
      "allocated_mb": 29.890625,
      "dataset": "yago15k-temporal",
      "few_shot_ratio": 1.0,
      "max_allocated_mb": 202.712890625,
      "method": "ssptgfm",
      "params_total": 974916,
      "params_trainable": 974867,
      "reserved_mb": 270.0,
      "rough_forward_flops": 221349888,
      "scenario": "standard",
      "seed": 5,
      "test_ap": 0.15333055216905378,
      "test_auc": 0.6691702822471352,
      "test_edges": 26719,
      "test_hits@1": 0.05333333333333334,
      "test_hits@10": 0.25666666666666665,
      "test_hits@100": 0.5733333333333334,
      "test_hits@50": 0.4716666666666667,
      "test_mrr": 0.12529086174572607,
      "test_ndcg": 0.8278800285444747,
      "train_align": 123.59297307119783,
      "train_edges": 3244,
      "train_eval_time_sec": 2561.5031414069235,
      "train_kl": 838.4516493587171,
      "train_loss": 0.7592659112287022,
      "train_lp": 0.05598629724488722,