,,,,,test_ap,test_ap,test_ap,test_ap,test_auc,test_auc,test_auc,test_auc,test_edges,test_edges,test_edges,test_edges,test_hits@1,test_hits@1,test_hits@1,test_hits@1,test_hits@10,test_hits@10,test_hits@10,test_hits@10,test_hits@100,test_hits@100,test_hits@100,test_hits@100,test_hits@50,test_hits@50,test_hits@50,test_hits@50,test_mrr,test_mrr,test_mrr,test_mrr,test_ndcg,test_ndcg,test_ndcg,test_ndcg,val_ap,val_ap,val_ap,val_ap,val_auc,val_auc,val_auc,val_auc,val_edges,val_edges,val_edges,val_edges,val_hits@1,val_hits@1,val_hits@1,val_hits@1,val_hits@10,val_hits@10,val_hits@10,val_hits@10,val_hits@100,val_hits@100,val_hits@100,val_hits@100,val_hits@50,val_hits@50,val_hits@50,val_hits@50,val_mrr,val_mrr,val_mrr,val_mrr,val_ndcg,val_ndcg,val_ndcg,val_ndcg
,,,,,ci95,count,mean,std,ci95,count,mean,std,ci95,count,mean,std,ci95,count,mean,std,ci95,count,mean,std,ci95,count,mean,std,ci95,count,mean,std,ci95,count,mean,std,ci95,count,mean,std,ci95,count,mean,std,ci95,count,mean,std,ci95,count,mean,std,ci95,count,mean,std,ci95,count,mean,std,ci95,count,mean,std,ci95,count,mean,std,ci95,count,mean,std,ci95,count,mean,std
dataset,method,ablation,scenario,few_shot_ratio,,,,,,,,,,,,,,,,,,,,,,,,,,,,,,,,,,,,,,,,,,,,,,,,,,,,,,,,,,,,,,,,,,,,,,,,
yago15k-temporal,ssptgfm,full,standard,1.0,0.010780295609035496,5,0.1479430430603601,0.012298711122115238,0.038949400214280484,5,0.6504532220500986,0.04443546253162043,0.0,5,26719.0,0.0,0.0019047776189827996,5,0.052000000000000005,0.002173067468400885,0.007826377053131148,5,0.2546666666666667,0.008928730157319249,0.014402999687565102,5,0.5680000000000001,0.016431676725155,0.01586941152728174,5,0.4616666666666667,0.018104634152000372,0.0033327548911834216,5,0.12231718794746012,0.0038021767801178804,0.006640963234636134,5,0.8237074432148519,0.00757634960649147,0.013596756760945608,5,0.16461931826658027,0.015511873668879714,0.0521523479174469,5,0.656205287969043,0.05949805873960758,0.0,5,6738.0,0.0,0.003200666597236685,5,0.07066666666666667,0.0036514837167011065,0.027362111679392665,5,0.35733333333333334,0.031216092715848433,0.02133110821729096,5,0.638,0.024335616331258643,0.021727631153799425,5,0.5113333333333333,0.024787989923437604,0.009581217792924803,5,0.15388585038484118,0.010930741985821614,0.00821798491113528,5,0.8096711448560885,0.00937549637722758
