{
  "rows": [
    {
      "ablation": "full",
      "allocated_mb": 163.48779296875,
      "dataset": "tkgl-smallpedia",
      "few_shot_ratio": 1.0,
      "max_allocated_mb": 13891.22900390625,
      "method": "ssptgfm",
      "params_total": 10079572,
      "params_trainable": 10079523,
      "reserved_mb": 14336.0,
      "rough_forward_flops": 34232064000,
      "scenario": "label_split",
      "seed": 1,
      "test_ap": 0.39717099280740054,
      "test_auc": 0.8124326516026863,
      "test_edges": 163172,
      "test_hits@1": 0.062,
      "test_hits@10": 0.118,
      "test_hits@100": 0.236,
      "test_hits@50": 0.194,
      "test_mrr": 0.08492842150676802,
      "test_ndcg": 0.9009144068840158,
      "train_align": 5155.344694814639,
      "train_edges": 775514,
      "train_eval_time_sec": 106886.92848853394,
      "train_kl": 8692.750425845099,
      "train_loss": 26.68626155334227,
      "train_lp": 0.03930035819095662,
      "train_meta": 0.03984424532283686,
      "train_ood_reg": 0.2114591751896658,
      "train_rank": 0.009361696215527559,
      "train_struct_aux": 0.5526740602844638,
      "train_weighted_align": 25.77672286517205,
      "train_weighted_kl": 0.8692750198227862,
      "train_weighted_meta": 0.00019922122224655929,
      "train_weighted_ood_reg": 0.0002114591852247854,
      "train_weighted_rank": 9.361696648226742e-06,
      "train_weighted_struct_aux": 0.0005526740873289243,
      "val_ap": 0.508835122620809,
      "val_auc": 0.8781309495867861,
      "val_edges": 162066,
      "val_hits@1": 0.17,
      "val_hits@10": 0.21,
      "val_hits@100": 0.32,
      "val_hits@50": 0.27,
      "val_mrr": 0.1883089116430451,
      "val_ndcg": 0.9273642749869603
    },
    {
      "ablation": "full",
      "allocated_mb": 163.48779296875,
      "dataset": "tkgl-smallpedia",
      "few_shot_ratio": 1.0,
      "max_allocated_mb": 13891.22900390625,
      "method": "ssptgfm",
      "params_total": 10079572,
      "params_trainable": 10079523,
      "reserved_mb": 14316.0,
      "rough_forward_flops": 34232064000,
      "scenario": "label_split",
      "seed": 2,
      "test_ap": 0.4081023889467825,
      "test_auc": 0.7933261621136207,
      "test_edges": 163172,
      "test_hits@1": 0.068,
      "test_hits@10": 0.12,
      "test_hits@100": 0.232,
      "test_hits@50": 0.18,
      "test_mrr": 0.08711429507870239,
      "test_ndcg": 0.8999908408494876,
      "train_align": 5159.4630552366725,
      "train_edges": 775514,
      "train_eval_time_sec": 93929.66030538827,
      "train_kl": 8472.317616996144,
      "train_loss": 26.696415894418173,
      "train_lp": 0.050856132557153245,
      "train_meta": 0.04952082006586634,
      "train_ood_reg": 0.23148945847855454,
      "train_rank": 0.013564503049978494,
      "train_struct_aux": 0.534126804077709,
      "train_weighted_align": 25.797314719610206,
      "train_weighted_kl": 0.8472317508962497,
      "train_weighted_meta": 0.0002476040945253727,
      "train_weighted_ood_reg": 0.00023148946939566693,
      "train_weighted_rank": 1.3564503636774504e-05,
      "train_weighted_struct_aux": 0.0005341268288172649,
      "val_ap": 0.5159107961145787,
      "val_auc": 0.8697243735762865,
      "val_edges": 162066,
      "val_hits@1": 0.17,
      "val_hits@10": 0.22,
      "val_hits@100": 0.315,
      "val_hits@50": 0.255,
      "val_mrr": 0.18813927148541804,
      "val_ndcg": 0.9267497391724653
    },
    {
      "ablation": "full",
      "allocated_mb": 163.48779296875,
      "dataset": "tkgl-smallpedia",
      "few_shot_ratio": 1.0,
      "max_allocated_mb": 13891.22900390625,
      "method": "ssptgfm",
      "params_total": 10079572,
      "params_trainable": 10079523,
      "reserved_mb": 14316.0,
      "rough_forward_flops": 34232064000,
      "scenario": "label_split",
      "seed": 3,
      "test_ap": 0.4601397744570441,
      "test_auc": 0.8129634125936035,
      "test_edges": 163172,
      "test_hits@1": 0.076,
      "test_hits@10": 0.146,
      "test_hits@100": 0.262,
      "test_hits@50": 0.228,
      "test_mrr": 0.10214641041261935,
      "test_ndcg": 0.9098434306223266,
      "train_align": 7744.131148532461,
      "train_edges": 775514,
      "train_eval_time_sec": 38099.47823295742,
      "train_kl": 9003.264868804126,
      "train_loss": 39.77964920041359,
      "train_lp": 0.15733146234329293,
      "train_meta": 0.1570763338591081,
      "train_ood_reg": 0.19213991361624433,
      "train_rank": 0.06702115226254086,
      "train_struct_aux": 0.3588465395993919,
      "train_weighted_align": 38.72065496444702,
      "train_weighted_kl": 0.9003264638005498,
      "train_weighted_meta": 0.0007853816524926752,
      "train_weighted_ood_reg": 0.0001921399228060713,
      "train_weighted_rank": 6.702115537808084e-05,
      "train_weighted_struct_aux": 0.000358846556691271,
      "val_ap": 0.46461880617126994,
      "val_auc": 0.8239462827899261,
      "val_edges": 162066,
      "val_hits@1": 0.145,
      "val_hits@10": 0.25,
      "val_hits@100": 0.315,
      "val_hits@50": 0.28,
      "val_mrr": 0.17897593646017548,
      "val_ndcg": 0.9114376191513709
    },
    {
      "ablation": "full",
      "allocated_mb": 163.48779296875,
      "dataset": "tkgl-smallpedia",
      "few_shot_ratio": 1.0,
      "max_allocated_mb": 13891.22900390625,
      "method": "ssptgfm",
      "params_total": 10079572,
      "params_trainable": 10079523,
      "reserved_mb": 14316.0,
      "rough_forward_flops": 34232064000,
      "scenario": "label_split",
      "seed": 4,
      "test_ap": 0.46528775637886777,
      "test_auc": 0.817563011599588,
      "test_edges": 163172,
      "test_hits@1": 0.072,
      "test_hits@10": 0.144,
      "test_hits@100": 0.266,
      "test_hits@50": 0.222,
      "test_mrr": 0.09822846595047398,
      "test_ndcg": 0.911347715050015,
      "train_align": 7647.840667240164,
      "train_edges": 775514,
      "train_eval_time_sec": 37948.57507210225,
      "train_kl": 9802.397506856583,
      "train_loss": 39.37777010483124,
      "train_lp": 0.15698957297744154,
      "train_meta": 0.15667844573083384,
      "train_ood_reg": 0.20690332295108008,
      "train_rank": 0.06726637336912243,
      "train_struct_aux": 0.3480659179917246,
      "train_weighted_align": 38.23920244967949,
      "train_weighted_kl": 0.9802397256934297,
      "train_weighted_meta": 0.0007833922112591979,
      "train_weighted_ood_reg": 0.00020690333283085544,
      "train_weighted_rank": 6.726637660435122e-05,
      "train_weighted_struct_aux": 0.0003480659342935843,
      "val_ap": 0.4725781525782652,
      "val_auc": 0.830498929561687,
      "val_edges": 162066,
      "val_hits@1": 0.14,
      "val_hits@10": 0.255,
      "val_hits@100": 0.33,
      "val_hits@50": 0.305,
      "val_mrr": 0.1804943830722079,
      "val_ndcg": 0.9138140524117349
    },
    {
      "ablation": "full",
      "allocated_mb": 163.48779296875,
      "dataset": "tkgl-smallpedia",
      "few_shot_ratio": 1.0,
      "max_allocated_mb": 13891.22900390625,
      "method": "ssptgfm",
      "params_total": 10079572,
      "params_trainable": 10079523,
      "reserved_mb": 14336.0,
      "rough_forward_flops": 34232064000,
      "scenario": "label_split",
      "seed": 5,
      "test_ap": 0.41656349074751076,
      "test_auc": 0.7809060097789261,
      "test_edges": 163172,
      "test_hits@1": 0.068,
      "test_hits@10": 0.12,
      "test_hits@100": 0.222,
      "test_hits@50": 0.192,
      "test_mrr": 0.09053035797410099,
      "test_ndcg": 0.899717703161667,
      "train_align": 4873.91193295012,
      "train_edges": 775514,
      "train_eval_time_sec": 45423.352078381926,
      "train_kl": 9346.713419267913,
      "train_loss": 25.369070434687277,
      "train_lp": 0.06369000356454205,
      "train_meta": 0.0656193061736399,
      "train_ood_reg": 0.20710562701124863,
      "train_rank": 0.019311734030475133,
      "train_struct_aux": 0.6147507906611474,
      "train_weighted_align": 24.36955911938717,