,,,,,test_ap,test_ap,test_ap,test_ap,test_auc,test_auc,test_auc,test_auc,test_edges,test_edges,test_edges,test_edges,test_hits@1,test_hits@1,test_hits@1,test_hits@1,test_hits@10,test_hits@10,test_hits@10,test_hits@10,test_hits@100,test_hits@100,test_hits@100,test_hits@100,test_hits@50,test_hits@50,test_hits@50,test_hits@50,test_mrr,test_mrr,test_mrr,test_mrr,test_ndcg,test_ndcg,test_ndcg,test_ndcg,val_ap,val_ap,val_ap,val_ap,val_auc,val_auc,val_auc,val_auc,val_edges,val_edges,val_edges,val_edges,val_hits@1,val_hits@1,val_hits@1,val_hits@1,val_hits@10,val_hits@10,val_hits@10,val_hits@10,val_hits@100,val_hits@100,val_hits@100,val_hits@100,val_hits@50,val_hits@50,val_hits@50,val_hits@50,val_mrr,val_mrr,val_mrr,val_mrr,val_ndcg,val_ndcg,val_ndcg,val_ndcg
,,,,,ci95,count,mean,std,ci95,count,mean,std,ci95,count,mean,std,ci95,count,mean,std,ci95,count,mean,std,ci95,count,mean,std,ci95,count,mean,std,ci95,count,mean,std,ci95,count,mean,std,ci95,count,mean,std,ci95,count,mean,std,ci95,count,mean,std,ci95,count,mean,std,ci95,count,mean,std,ci95,count,mean,std,ci95,count,mean,std,ci95,count,mean,std,ci95,count,mean,std
dataset,method,ablation,scenario,few_shot_ratio,,,,,,,,,,,,,,,,,,,,,,,,,,,,,,,,,,,,,,,,,,,,,,,,,,,,,,,,,,,,,,,,,,,,,,,,
tkgl-smallpedia,ssptgfm,full,label_split,1.0,0.027334531031194587,5,0.4294528806675212,0.031184627305524758,0.013727649173422252,5,0.803438249537685,0.015661202409714775,0.0,5,163172.0,0.0,0.004571466285558714,5,0.0692,0.0052153619241621174,0.0123588840920206,5,0.1296,0.014099645385611648,0.01696957088438009,5,0.24359999999999998,0.019359752064528113,0.01815937620073994,5,0.2032,0.0207171426601257,0.006441851407895066,5,0.09258959018453294,0.007349192678064333,0.00502404083623004,5,0.9043628193135025,0.005731682056910845,0.022470128456471127,5,0.4962115979903684,0.025635068720317282,0.021797118764510594,5,0.854005566874779,0.02486726493422547,0.0,5,162066.0,0.0,0.012161480173071042,5,0.156,0.013874436925511614,0.017640000000000006,5,0.231,0.020124611797498113,0.00664668338346277,5,0.322,0.00758287544405156,0.018229053732983492,5,0.28200000000000003,0.0207966343430854,0.0037549302829502098,5,0.1840732008028348,0.00428381600175979,0.0069313053530344285,5,0.921235129798802,0.007907586705200592
