{
  "environment": {
    "cuda_available": true,
    "cuda_capability": [
      7,
      0
    ],
    "cuda_device": "Tesla V100-PCIE-32GB",
    "python": "3.10.8",
    "torch": "2.5.1+cu121"
  },
  "rows": [
    {
      "ablation": "full",
      "allocated_mb": 16.6640625,
      "dataset": "synthetic",
      "few_shot_ratio": 1.0,
      "max_allocated_mb": 20.32470703125,
      "method": "ssptgfm",
      "params_total": 45616,
      "params_trainable": 45616,
      "reserved_mb": 26.0,
      "rough_forward_flops": 1349632,
      "scenario": "standard",
      "seed": 1,
      "test_ap": 0.6607691259175491,
      "test_auc": 0.8131510416666667,
      "test_edges": 48,
      "test_hits@1": 0.0,
      "test_hits@10": 0.7,
      "test_hits@100": 1.0,
      "test_hits@50": 1.0,
      "test_mrr": 0.27506267806267803,
      "test_ndcg": 0.9075497425117929,
      "train_align": 41.516213348933626,
      "train_edges": 224,
      "train_eval_time_sec": 13.842631220817566,
      "train_kl": 124.56177643367222,
      "train_loss": 0.5765073198292937,
      "train_lp": 0.5751491816980498,
      "train_meta": 0.5862168504723481,
      "train_ood_reg": 0.23219499364495277,
      "train_weighted_align": 0.00041516212461699197,
      "train_weighted_kl": 0.0001245617761794295,
      "train_weighted_meta": 0.0005862168776989815,
      "train_weighted_ood_reg": 0.0002321950056024694,
      "val_ap": 0.6145354882135676,
      "val_auc": 0.8171657986111112,
      "val_edges": 48,
      "val_hits@1": 0.2,
      "val_hits@10": 0.5,
      "val_hits@100": 1.0,
      "val_hits@50": 0.7,
      "val_mrr": 0.3421159191046655,
      "val_ndcg": 0.8737800157219331
    }
  ]
}