{
  "rows": [
    {
      "ablation": "baseline",
      "dataset": "icews05-15",
      "few_shot_ratio": 1.0,
      "method": "lm_mlp",
      "params_total": 98209,
      "params_trainable": 98209,
      "scenario": "standard",
      "seed": 1,
      "test_ap": 0.7609140884981931,
      "test_auc": 0.916863681500328,
      "test_edges": 74087,
      "test_hits@1": 0.055,
      "test_hits@10": 0.3,
      "test_hits@100": 0.645,
      "test_hits@50": 0.575,
      "test_mrr": 0.1330634414352809,
      "test_ndcg": 0.9692937895754149,
      "train_edges": 326918,
      "train_eval_time_sec": 1354.911103054881,
      "val_ap": 0.8268992754971137,
      "val_auc": 0.9489207739724398,
      "val_edges": 60324,
      "val_ndcg": 0.9788900698904655
    },
    {
      "ablation": "full",
      "allocated_mb": 57.21923828125,
      "dataset": "icews05-15",
      "few_shot_ratio": 1.0,
      "max_allocated_mb": 5626.40576171875,
      "method": "ssptgfm",
      "params_total": 3305488,
      "params_trainable": 3305488,
      "reserved_mb": 6238.0,
      "rough_forward_flops": 14289186816,
      "scenario": "standard",
      "seed": 1,
      "test_ap": 0.7974658573615303,
      "test_auc": 0.9289775430195502,
      "test_edges": 74087,
      "test_hits@1": 0.07,
      "test_hits@10": 0.35,
      "test_hits@100": 0.685,
      "test_hits@50": 0.605,
      "test_mrr": 0.15540537075067054,
      "test_ndcg": 0.9745155571655604,
      "train_align": 380.17949083376425,
      "train_edges": 326918,
      "train_eval_time_sec": 108444.2889771089,
      "train_kl": 415.8202966061066,
      "train_loss": 19.39859009412462,
      "train_lp": 0.18064138351179918,
      "train_meta": 0.17907666997524851,
      "train_ood_reg": 0.16829717409479283,
      "val_ap": 0.8341320095929128,
      "val_auc": 0.9468183400930865,
      "val_edges": 60324,
      "val_ndcg": 0.9795754089896077
    },
    {
      "ablation": "baseline",
      "dataset": "icews05-15",
      "few_shot_ratio": 1.0,
      "method": "structure_mlp",
      "params_total": 33985,
      "params_trainable": 33985,
      "scenario": "standard",
      "seed": 1,
      "test_ap": 0.8394515861258149,
      "test_auc": 0.9388643131737741,
      "test_edges": 74087,
      "test_hits@1": 0.21,
      "test_hits@10": 0.645,
      "test_hits@100": 0.85,
      "test_hits@50": 0.825,
      "test_mrr": 0.35303535492845584,
      "test_ndcg": 0.9797431860161431,
      "train_edges": 326918,
      "train_eval_time_sec": 16599.70198192075,
      "val_ap": 0.8650629942955155,
      "val_auc": 0.9504301071480981,
      "val_edges": 60324,
      "val_ndcg": 0.9831210976594035
    },
    {
      "ablation": "baseline",
      "dataset": "icews05-15",
      "few_shot_ratio": 1.0,
      "method": "lm_mlp",
      "params_total": 98209,
      "params_trainable": 98209,
      "scenario": "standard",
      "seed": 2,
      "test_ap": 0.7623129615537226,
      "test_auc": 0.917403203292469,
      "test_edges": 74087,
      "test_hits@1": 0.05,
      "test_hits@10": 0.285,
      "test_hits@100": 0.61,
      "test_hits@50": 0.535,
      "test_mrr": 0.1362241917849455,
      "test_ndcg": 0.9695499578001846,
      "train_edges": 326918,
      "train_eval_time_sec": 1463.1659568026662,
      "val_ap": 0.8282959309703677,
      "val_auc": 0.9496569644534856,
      "val_edges": 60324,
      "val_ndcg": 0.979229591175373
    },
    {
      "ablation": "full",
      "allocated_mb": 57.21923828125,
      "dataset": "icews05-15",
      "few_shot_ratio": 1.0,
      "max_allocated_mb": 5626.68603515625,
      "method": "ssptgfm",
      "params_total": 3305488,
      "params_trainable": 3305488,
      "reserved_mb": 6238.0,
      "rough_forward_flops": 14289186816,
      "scenario": "standard",
      "seed": 2,
      "test_ap": 0.7993353644555956,
      "test_auc": 0.9331740450514191,
      "test_edges": 74087,
      "test_hits@1": 0.065,
      "test_hits@10": 0.34,
      "test_hits@100": 0.765,
      "test_hits@50": 0.625,
      "test_mrr": 0.15420114303356106,
      "test_ndcg": 0.9751482998189044,
      "train_align": 380.6755285685447,
      "train_edges": 326918,
      "train_eval_time_sec": 97875.84424688295,
      "train_kl": 422.3498834320253,
      "train_loss": 19.430178430666917,
      "train_lp": 0.18415280951936447,
      "train_meta": 0.18528589076199875,
      "train_ood_reg": 0.1475292436224589,
      "val_ap": 0.8384335212398546,
      "val_auc": 0.9500870227830257,
      "val_edges": 60324,
      "val_ndcg": 0.9803589480243543
    },
    {
      "ablation": "baseline",
      "dataset": "icews05-15",
      "few_shot_ratio": 1.0,
      "method": "structure_mlp",
      "params_total": 33985,
      "params_trainable": 33985,
      "scenario": "standard",
      "seed": 2,
      "test_ap": 0.8414771598243378,
      "test_auc": 0.9391072416825024,
      "test_edges": 74087,
      "test_hits@1": 0.25,
      "test_hits@10": 0.63,
      "test_hits@100": 0.855,
      "test_hits@50": 0.835,
      "test_mrr": 0.3670358598380954,
      "test_ndcg": 0.979967807889943,
      "train_edges": 326918,
      "train_eval_time_sec": 7941.174092989415,
      "val_ap": 0.8642049775657545,
      "val_auc": 0.9499151676766913,
      "val_edges": 60324,
      "val_ndcg": 0.9829803074158849
    },
    {
      "ablation": "baseline",
      "dataset": "icews05-15",
      "few_shot_ratio": 1.0,
      "method": "lm_mlp",
      "params_total": 98209,
      "params_trainable": 98209,
      "scenario": "standard",
      "seed": 3,
      "test_ap": 0.7659069546826454,
      "test_auc": 0.9179618147134356,
      "test_edges": 74087,
      "test_hits@1": 0.04,
      "test_hits@10": 0.325,
      "test_hits@100": 0.645,
      "test_hits@50": 0.56,
      "test_mrr": 0.14275101767448362,
      "test_ndcg": 0.9701152380418117,
      "train_edges": 326918,
      "train_eval_time_sec": 1379.0860056765378,
      "val_ap": 0.8280095588103896,
      "val_auc": 0.9492936075260126,
      "val_edges": 60324,
      "val_ndcg": 0.9791661758984529
    },
    {
      "ablation": "full",
      "allocated_mb": 57.21923828125,
      "dataset": "icews05-15",
      "few_shot_ratio": 1.0,
      "max_allocated_mb": 5626.56591796875,
      "method": "ssptgfm",
      "params_total": 3305488,
      "params_trainable": 3305488,
      "reserved_mb": 6238.0,
      "rough_forward_flops": 14289186816,
      "scenario": "standard",
      "seed": 3,
      "test_ap": 0.787538747847106,
      "test_auc": 0.9301946470837958,
      "test_edges": 74087,
      "test_hits@1": 0.06,
      "test_hits@10": 0.3,
      "test_hits@100": 0.695,
      "test_hits@50": 0.615,
      "test_mrr": 0.13885856453819592,
      "test_ndcg": 0.9737676676149042,
      "train_align": 379.4943473986229,
      "train_edges": 326918,
      "train_eval_time_sec": 110039.93410974368,
      "train_kl": 426.3639974156464,
      "train_loss": 19.35714448903091,
      "train_lp": 0.16824168555520685,
      "train_meta": 0.16895687470240905,
      "train_ood_reg": 0.1583321611786262,
      "val_ap": 0.8255755026647036,
      "val_auc": 0.9483570799441521,
      "val_edges": 60324,
      "val_ndcg": 0.9788788612059706
    },
    {
      "ablation": "baseline",
      "dataset": "icews05-15",
      "few_shot_ratio": 1.0,
      "method": "structure_mlp",
      "params_total": 33985,
      "params_trainable": 33985,
      "scenario": "standard",
      "seed": 3,
      "test_ap": 0.8399678755042236,
      "test_auc": 0.938306471608817,
      "test_edges": 74087,
      "test_hits@1": 0.245,
      "test_hits@10": 0.65,
      "test_hits@100": 0.865,
      "test_hits@50": 0.835,
      "test_mrr": 0.37246178939256763,
      "test_ndcg": 0.9797630384220327,
      "train_edges": 326918,
      "train_eval_time_sec": 14493.060406766832,
      "val_ap": 0.8638442762363492,
      "val_auc": 0.9501410855234045,
      "val_edges": 60324,
      "val_ndcg": 0.982985357524896
    },
    {
      "ablation": "baseline",
      "dataset": "icews05-15",