{
  "environment": {
    "cuda_available": true,
    "cuda_capability": [
      7,
      0
    ],
    "cuda_device": "Tesla V100-PCIE-32GB",
    "python": "3.10.8",
    "torch": "2.5.1+cu121"
  },
  "rows": [
    {
      "ablation": "full",
      "allocated_mb": 8.5576171875,
      "dataset": "synthetic_hallucination_stress",
      "few_shot_ratio": 1.0,
      "max_allocated_mb": 10.349609375,
      "method": "ssptgfm",
      "params_total": 100800,
      "params_trainable": 100800,
      "reserved_mb": 24.0,
      "rough_forward_flops": 605184,
      "scenario": "hallucination_stress",
      "seed": 1,
      "test_ap": 0.352362036195061,
      "test_auc": 0.4559763313609468,
      "test_edges": 65,
      "test_hits@1": 0.1,
      "test_hits@10": 0.4,
      "test_hits@100": 1.0,
      "test_hits@50": 0.7,
      "test_mrr": 0.18021908001988815,
      "test_ndcg": 0.7316202618208882,
      "train_edges": 12,
      "train_eval_time_sec": 2.4250716231763363,
      "val_ap": 0.40638422226707677,
      "val_auc": 0.5198816568047337,
      "val_edges": 65,
      "val_ndcg": 0.8117371849411804
    },
    {
      "ablation": "baseline",
      "dataset": "synthetic_hallucination_stress",
      "few_shot_ratio": 1.0,
      "method": "lm_mlp",
      "params_total": 15745,
      "params_trainable": 15745,
      "scenario": "hallucination_stress",
      "seed": 1,
      "test_ap": 0.3161081154417585,
      "test_auc": 0.4836094674556214,
      "test_edges": 65,
      "test_hits@1": 0.0,
      "test_hits@10": 0.0,
      "test_hits@100": 1.0,
      "test_hits@50": 0.8,
      "test_mrr": 0.0331932819823892,
      "test_ndcg": 0.6869983308931501,
      "train_edges": 12,
      "train_eval_time_sec": 0.6337601020932198,
      "val_ap": 0.3255901256654312,
      "val_auc": 0.48544378698224855,
      "val_edges": 65,
      "val_ndcg": 0.7117540724172982
    },
    {
      "ablation": "baseline",
      "dataset": "synthetic_hallucination_stress",
      "few_shot_ratio": 1.0,
      "method": "structure_mlp",
      "params_total": 2833,
      "params_trainable": 2833,
      "scenario": "hallucination_stress",
      "seed": 1,
      "test_ap": 0.25666088047409535,
      "test_auc": 0.31863905325443787,
      "test_edges": 65,
      "test_hits@1": 0.0,
      "test_hits@10": 0.0,
      "test_hits@100": 1.0,
      "test_hits@50": 0.3,
      "test_mrr": 0.026169009642550346,
      "test_ndcg": 0.676026596267251,
      "train_edges": 12,
      "train_eval_time_sec": 0.3634736239910126,
      "val_ap": 0.31808962492199744,
      "val_auc": 0.4800591715976331,
      "val_edges": 65,
      "val_ndcg": 0.7024945747537389
    }
  ]
}