{
  "environment": {
    "cuda_available": true,
    "cuda_capability": [
      7,
      0
    ],
    "cuda_device": "Tesla V100-PCIE-32GB",
    "python": "3.10.8",
    "torch": "2.5.1+cu121"
  },
  "rows": [
    {
      "ablation": "full",
      "allocated_mb": 31.658203125,
      "dataset": "synthetic",
      "few_shot_ratio": 1.0,
      "max_allocated_mb": 164.15380859375,
      "method": "ssptgfm",
      "params_total": 1966288,
      "params_trainable": 1966288,
      "reserved_mb": 208.0,
      "rough_forward_flops": 403587072,
      "scenario": "ood_time",
      "seed": 1,
      "test_ap": 0.21281333978560407,
      "test_auc": 0.8457548611111112,
      "test_edges": 240,
      "test_hits@1": 0.04,
      "test_hits@10": 0.245,
      "test_hits@100": 0.82,
      "test_hits@50": 0.73,
      "test_mrr": 0.11549537011129718,
      "test_ndcg": 0.7380067186592792,
      "train_align": 345.2136241367885,
      "train_edges": 1120,
      "train_eval_time_sec": 306.6832673996687,
      "train_kl": 3777.5648324148997,
      "train_loss": 0.509991745863642,
      "train_lp": 0.316005054595215,
      "train_meta": 0.4530276730656624,
      "train_ood_reg": 0.22690780381006853,
      "train_weighted_align": 0.17260682077280112,
      "train_weighted_kl": 0.018887823780200312,
      "train_weighted_meta": 0.0022651383270775633,
      "train_weighted_ood_reg": 0.00022690781354737868,
      "val_ap": 0.2367138759247403,
      "val_auc": 0.8771263888888889,
      "val_edges": 240,
      "val_ndcg": 0.7396237230723381
    },
    {
      "ablation": "baseline",
      "dataset": "synthetic",
      "few_shot_ratio": 1.0,
      "method": "lm_mlp",
      "params_total": 222721,
      "params_trainable": 222721,
      "scenario": "ood_time",
      "seed": 1,
      "test_ap": 0.20198676631223428,
      "test_auc": 0.8626677083333334,
      "test_edges": 240,
      "test_hits@1": 0.045,
      "test_hits@10": 0.2,
      "test_hits@100": 0.82,
      "test_hits@50": 0.72,
      "test_mrr": 0.11246328716948523,
      "test_ndcg": 0.7142037023210625,
      "train_edges": 1120,
      "train_eval_time_sec": 9.404713861644268,
      "val_ap": 0.20311896555307896,
      "val_auc": 0.8487274305555557,
      "val_edges": 240,
      "val_ndcg": 0.7130611142426085
    },
    {
      "ablation": "baseline",
      "dataset": "synthetic",
      "few_shot_ratio": 1.0,
      "method": "structure_mlp",
      "params_total": 38977,
      "params_trainable": 38977,
      "scenario": "ood_time",
      "seed": 1,
      "test_ap": 0.1958658965413098,
      "test_auc": 0.8604284722222222,
      "test_edges": 240,
      "test_hits@1": 0.02,
      "test_hits@10": 0.31,
      "test_hits@100": 0.82,
      "test_hits@50": 0.765,
      "test_mrr": 0.10499984680526916,
      "test_ndcg": 0.7044915876382017,
      "train_edges": 1120,
      "train_eval_time_sec": 297.4772955328226,
      "val_ap": 0.18323211035357728,
      "val_auc": 0.8431631944444444,
      "val_edges": 240,
      "val_ndcg": 0.6906291187477561
    },
    {
      "ablation": "full",
      "allocated_mb": 31.9580078125,
      "dataset": "synthetic",
      "few_shot_ratio": 1.0,
      "max_allocated_mb": 164.45361328125,
      "method": "ssptgfm",
      "params_total": 1966288,
      "params_trainable": 1966288,
      "reserved_mb": 210.0,
      "rough_forward_flops": 403587072,
      "scenario": "ood_time",
      "seed": 2,
      "test_ap": 0.21559137977401918,
      "test_auc": 0.8631291666666666,
      "test_edges": 240,
      "test_hits@1": 0.02,
      "test_hits@10": 0.225,
      "test_hits@100": 0.865,
      "test_hits@50": 0.75,
      "test_mrr": 0.09311794959451475,
      "test_ndcg": 0.7417575792283577,
      "train_align": 322.49910572596957,
      "train_edges": 1120,
      "train_eval_time_sec": 303.02086087688804,
      "train_kl": 3480.5729239327566,
      "train_loss": 0.4815338078354086,
      "train_lp": 0.30058254541030954,
      "train_meta": 0.41318705465112415,
      "train_ood_reg": 0.23290686522211348,
      "train_weighted_align": 0.16124956070312432,
      "train_weighted_kl": 0.017402864144449786,
      "train_weighted_meta": 0.0020659352386636393,
      "train_weighted_ood_reg": 0.00023290687698006098,
      "val_ap": 0.24051391642517475,
      "val_auc": 0.8820986111111111,
      "val_edges": 240,
      "val_ndcg": 0.7524430618966934
    },
    {
      "ablation": "baseline",
      "dataset": "synthetic",
      "few_shot_ratio": 1.0,
      "method": "lm_mlp",
      "params_total": 222721,
      "params_trainable": 222721,
      "scenario": "ood_time",
      "seed": 2,
      "test_ap": 0.22355561353606035,
      "test_auc": 0.861636111111111,
      "test_edges": 240,
      "test_hits@1": 0.025,
      "test_hits@10": 0.185,
      "test_hits@100": 0.805,
      "test_hits@50": 0.71,
      "test_mrr": 0.08605006357012474,
      "test_ndcg": 0.7450383134771995,
      "train_edges": 1120,
      "train_eval_time_sec": 9.965251952409744,
      "val_ap": 0.21152539599430337,
      "val_auc": 0.8521875000000001,
      "val_edges": 240,
      "val_ndcg": 0.7289924627553511
    },
    {
      "ablation": "baseline",
      "dataset": "synthetic",
      "few_shot_ratio": 1.0,
      "method": "structure_mlp",
      "params_total": 38977,
      "params_trainable": 38977,
      "scenario": "ood_time",
      "seed": 2,
      "test_ap": 0.2064453084908942,
      "test_auc": 0.8567527777777778,
      "test_edges": 240,
      "test_hits@1": 0.025,
      "test_hits@10": 0.235,
      "test_hits@100": 0.795,
      "test_hits@50": 0.735,
      "test_mrr": 0.10335077792525883,
      "test_ndcg": 0.7139085149349288,
      "train_edges": 1120,
      "train_eval_time_sec": 151.59482466056943,
      "val_ap": 0.1665148076079533,
      "val_auc": 0.8321145833333334,
      "val_edges": 240,
      "val_ndcg": 0.6819809878384762
    },
    {
      "ablation": "full",
      "allocated_mb": 31.9580078125,
      "dataset": "synthetic",
      "few_shot_ratio": 1.0,
      "max_allocated_mb": 164.45361328125,
      "method": "ssptgfm",
      "params_total": 1966288,
      "params_trainable": 1966288,
      "reserved_mb": 210.0,
      "rough_forward_flops": 403587072,
      "scenario": "ood_time",
      "seed": 3,
      "test_ap": 0.20798740908865904,
      "test_auc": 0.8638291666666666,
      "test_edges": 240,
      "test_hits@1": 0.015,
      "test_hits@10": 0.195,
      "test_hits@100": 0.81,
      "test_hits@50": 0.73,
      "test_mrr": 0.07845653514860527,
      "test_ndcg": 0.7343739338681912,
      "train_align": 359.82201385498047,
      "train_edges": 1120,
      "train_eval_time_sec": 223.27852470055223,
      "train_kl": 3574.997815813337,
      "train_loss": 0.5130450784095696,
      "train_lp": 0.31282677395003183,
      "train_meta": 0.43856412411800455,
      "train_ood_reg": 0.2394768771316324,
      "train_weighted_align": 0.17991101582135474,
      "train_weighted_kl": 0.01787498876053308,
      "train_weighted_meta": 0.0021928205637128224,
      "train_weighted_ood_reg": 0.00023947688922427396,
      "val_ap": 0.22952627217224875,
      "val_auc": 0.8828666666666667,
      "val_edges": 240,
      "val_ndcg": 0.7499018091179303
    },
    {
      "ablation": "baseline",
      "dataset": "synthetic",
      "few_shot_ratio": 1.0,
      "method": "lm_mlp",
      "params_total": 222721,
      "params_trainable": 222721,
      "scenario": "ood_time",
      "seed": 3,
      "test_ap": 0.204503090233513,
      "test_auc": 0.8585815972222222,
      "test_edges": 240,
      "test_hits@1": 0.01,
      "test_hits@10": 0.215,
      "test_hits@100": 0.82,
      "test_hits@50": 0.725,
      "test_mrr": 0.08553376172384831,
      "test_ndcg": 0.7152053666669855,
      "train_edges": 1120,
      "train_eval_time_sec": 9.304427292197943,
      "val_ap": 0.20792703700687432,
      "val_auc": 0.8483104166666667,
      "val_edges": 240,
      "val_ndcg": 0.7110353310509056
    },
    {
      "ablation": "baseline",
      "dataset": "synthetic",