{
  "environment": {
    "cuda_available": true,
    "cuda_capability": [
      7,
      0
    ],
    "cuda_device": "Tesla V100-PCIE-32GB",
    "python": "3.10.8",
    "torch": "2.5.1+cu121"
  },
  "rows": [
    {
      "ablation": "full",
      "allocated_mb": 62.212890625,
      "dataset": "icews14",
      "few_shot_ratio": 1.0,
      "max_allocated_mb": 2133.1494140625,
      "method": "ssptgfm",
      "params_total": 4610448,
      "params_trainable": 4610448,
      "reserved_mb": 2364.0,
      "rough_forward_flops": 4794548224,
      "scenario": "standard",
      "seed": 1,
      "test_ap": 0.4466623532084534,
      "test_auc": 0.8901855844738606,
      "test_edges": 14378,
      "test_hits@1": 0.105,
      "test_hits@10": 0.25,
      "test_hits@100": 0.5225,
      "test_hits@50": 0.45,
      "test_mrr": 0.156958621134247,
      "test_ndcg": 0.9058004103303599,
      "train_align": 9391.836457375919,
      "train_edges": 61760,
      "train_eval_time_sec": 13787.276510920376,
      "train_kl": 12075.724433809168,
      "train_loss": 48.31011488671396,
      "train_lp": 0.1405406477112396,
      "train_meta": 0.5174605356711968,
      "train_ood_reg": 0.23317295353786618,
      "train_weighted_align": 46.959181280697095,
      "train_weighted_kl": 1.2075724504157608,
      "train_weighted_meta": 0.002587302612579044,
      "train_weighted_ood_reg": 0.00023317296444849274,
      "val_ap": 0.4739868443045972,
      "val_auc": 0.8837061289854511,
      "val_edges": 14592,
      "val_hits@1": 0.08,
      "val_hits@10": 0.23,
      "val_hits@100": 0.51,
      "val_hits@50": 0.4,
      "val_mrr": 0.13162186142892654,
      "val_ndcg": 0.9110216448018981
    }
  ]
}