{
  "environment": {
    "cuda_available": true,
    "cuda_capability": [
      7,
      0
    ],
    "cuda_device": "Tesla V100-PCIE-32GB",
    "python": "3.10.8",
    "torch": "2.5.1+cu121"
  },
  "rows": [
    {
      "ablation": "full",
      "allocated_mb": 31.658203125,
      "dataset": "synthetic",
      "few_shot_ratio": 1.0,
      "max_allocated_mb": 135.51171875,
      "method": "ssptgfm",
      "params_total": 1966288,
      "params_trainable": 1966288,
      "reserved_mb": 186.0,
      "rough_forward_flops": 288571392,
      "scenario": "new_node_inductive",
      "seed": 1,
      "test_ap": 0.18606130458708248,
      "test_auc": 0.8257725180802103,
      "test_edges": 78,
      "test_hits@1": 0.019230769230769232,
      "test_hits@10": 0.1346153846153846,
      "test_hits@100": 0.7884615384615384,
      "test_hits@50": 0.6666666666666666,
      "test_mrr": 0.07237352387844585,
      "test_ndcg": 0.6376154099468035,
      "train_align": 280.4507849557059,
      "train_edges": 760,
      "train_eval_time_sec": 137.46121065691113,
      "train_kl": 3231.589861188616,
      "train_loss": 0.5587976649403572,
      "train_lp": 0.39972892350384165,
      "train_meta": 0.49115224342261043,
      "train_ood_reg": 0.22963329803730761,
      "train_weighted_align": 0.14022539928555489,
      "train_weighted_kl": 0.01615794881113938,
      "train_weighted_meta": 0.0024557611676365404,
      "train_weighted_ood_reg": 0.00022963330905310743,
      "val_ap": 0.11997501351082761,
      "val_auc": 0.8058792899408285,
      "val_edges": 65,
      "val_ndcg": 0.5692168465313766
    },
    {
      "ablation": "baseline",
      "dataset": "synthetic",
      "few_shot_ratio": 1.0,
      "method": "lm_mlp",
      "params_total": 222721,
      "params_trainable": 222721,
      "scenario": "new_node_inductive",
      "seed": 1,
      "test_ap": 0.13927363246995728,
      "test_auc": 0.7461111111111112,
      "test_edges": 78,
      "test_hits@1": 0.01282051282051282,
      "test_hits@10": 0.12179487179487179,
      "test_hits@100": 0.7307692307692307,
      "test_hits@50": 0.6538461538461539,
      "test_mrr": 0.06062038751042316,
      "test_ndcg": 0.5804112005974903,
      "train_edges": 760,
      "train_eval_time_sec": 5.024533484131098,
      "val_ap": 0.13511903795552294,
      "val_auc": 0.7767952662721894,
      "val_edges": 65,
      "val_ndcg": 0.5768450670756925
    },
    {
      "ablation": "baseline",
      "dataset": "synthetic",
      "few_shot_ratio": 1.0,
      "method": "structure_mlp",
      "params_total": 38977,
      "params_trainable": 38977,
      "scenario": "new_node_inductive",
      "seed": 1,
      "test_ap": 0.09108421383773549,
      "test_auc": 0.5898685075608152,
      "test_edges": 78,
      "test_hits@1": 0.01282051282051282,
      "test_hits@10": 0.1346153846153846,
      "test_hits@100": 0.5769230769230769,
      "test_hits@50": 0.3141025641025641,
      "test_mrr": 0.05930296162753244,
      "test_ndcg": 0.5663140053957775,
      "train_edges": 760,
      "train_eval_time_sec": 41.486583668738604,
      "val_ap": 0.03743809470238394,
      "val_auc": 0.5247952662721894,
      "val_edges": 65,
      "val_ndcg": 0.44639339087291446
    },
    {
      "ablation": "full",
      "allocated_mb": 31.9580078125,
      "dataset": "synthetic",
      "few_shot_ratio": 1.0,
      "max_allocated_mb": 135.8115234375,
      "method": "ssptgfm",
      "params_total": 1966288,
      "params_trainable": 1966288,
      "reserved_mb": 188.0,
      "rough_forward_flops": 288571392,
      "scenario": "new_node_inductive",
      "seed": 2,
      "test_ap": 0.12356833240411672,
      "test_auc": 0.7605128205128205,
      "test_edges": 78,
      "test_hits@1": 0.01282051282051282,
      "test_hits@10": 0.12179487179487179,
      "test_hits@100": 0.7115384615384616,
      "test_hits@50": 0.6089743589743589,
      "test_mrr": 0.06116427136584885,
      "test_ndcg": 0.5880448682525236,
      "train_align": 254.91225787571497,
      "train_edges": 760,
      "train_eval_time_sec": 192.629764508456,
      "train_kl": 2790.1547415597097,
      "train_loss": 0.4534902295895985,
      "train_lp": 0.3100344288562025,
      "train_meta": 0.36304420246077435,
      "train_ood_reg": 0.23367193873439515,
      "train_weighted_align": 0.12745613498347147,
      "train_weighted_kl": 0.013950773348499621,
      "train_weighted_meta": 0.0018152209709764325,
      "train_weighted_ood_reg": 0.00023367194938016058,
      "val_ap": 0.126947282912295,
      "val_auc": 0.8360994082840236,
      "val_edges": 65,
      "val_ndcg": 0.5689247897714101
    },
    {
      "ablation": "baseline",
      "dataset": "synthetic",
      "few_shot_ratio": 1.0,
      "method": "lm_mlp",
      "params_total": 222721,
      "params_trainable": 222721,
      "scenario": "new_node_inductive",
      "seed": 2,
      "test_ap": 0.13114108764979943,
      "test_auc": 0.7527580539119001,
      "test_edges": 78,
      "test_hits@1": 0.01282051282051282,
      "test_hits@10": 0.11538461538461539,
      "test_hits@100": 0.7307692307692307,
      "test_hits@50": 0.6794871794871795,
      "test_mrr": 0.06169840044876578,
      "test_ndcg": 0.5669448017045939,
      "train_edges": 760,
      "train_eval_time_sec": 5.855424255132675,
      "val_ap": 0.13907961732858345,
      "val_auc": 0.7982153846153847,
      "val_edges": 65,
      "val_ndcg": 0.5610284458789224
    },
    {
      "ablation": "baseline",
      "dataset": "synthetic",
      "few_shot_ratio": 1.0,
      "method": "structure_mlp",
      "params_total": 38977,
      "params_trainable": 38977,
      "scenario": "new_node_inductive",
      "seed": 2,
      "test_ap": 0.07363897612663362,
      "test_auc": 0.5751446416831032,
      "test_edges": 78,
      "test_hits@1": 0.019230769230769232,
      "test_hits@10": 0.1346153846153846,
      "test_hits@100": 0.5576923076923077,
      "test_hits@50": 0.3076923076923077,
      "test_mrr": 0.06182342968087631,
      "test_ndcg": 0.5358143424881497,
      "train_edges": 760,
      "train_eval_time_sec": 68.9352610707283,
      "val_ap": 0.038324979733583814,
      "val_auc": 0.5335384615384615,
      "val_edges": 65,
      "val_ndcg": 0.44770592578781
    },
    {
      "ablation": "full",
      "allocated_mb": 31.9580078125,
      "dataset": "synthetic",
      "few_shot_ratio": 1.0,
      "max_allocated_mb": 135.8115234375,
      "method": "ssptgfm",
      "params_total": 1966288,
      "params_trainable": 1966288,
      "reserved_mb": 186.0,
      "rough_forward_flops": 288571392,
      "scenario": "new_node_inductive",
      "seed": 3,
      "test_ap": 0.12913115973189562,
      "test_auc": 0.8151479289940827,
      "test_edges": 78,
      "test_hits@1": 0.01282051282051282,
      "test_hits@10": 0.1282051282051282,
      "test_hits@100": 0.7692307692307693,
      "test_hits@50": 0.6666666666666666,
      "test_mrr": 0.06964545661920242,
      "test_ndcg": 0.5885855046254763,
      "train_align": 289.1669652121408,
      "train_edges": 760,
      "train_eval_time_sec": 166.78768256306648,
      "train_kl": 3405.2695922851562,
      "train_loss": 0.5558021403849125,
      "train_lp": 0.39160132887107985,
      "train_meta": 0.4708074424415827,
      "train_ood_reg": 0.23693962608064925,
      "train_weighted_align": 0.14458348908062493,
      "train_weighted_kl": 0.017026347440800498,
      "train_weighted_meta": 0.00235403715591279,
      "train_weighted_ood_reg": 0.00023693963807350623,
      "val_ap": 0.10050103273300416,
      "val_auc": 0.7932402366863905,
      "val_edges": 65,
      "val_ndcg": 0.537001889281996
    },
    {
      "ablation": "baseline",
      "dataset": "synthetic",
      "few_shot_ratio": 1.0,
      "method": "lm_mlp",
      "params_total": 222721,
      "params_trainable": 222721,
      "scenario": "new_node_inductive",
      "seed": 3,
      "test_ap": 0.13954829630316798,
      "test_auc": 0.7586390532544379,
      "test_edges": 78,