{
  "environment": {
    "cuda_available": true,
    "cuda_capability": [
      7,
      0
    ],
    "cuda_device": "Tesla V100-PCIE-32GB",
    "python": "3.10.8",
    "torch": "2.5.1+cu121"
  },
  "rows": [
    {
      "ablation": "full",
      "allocated_mb": 72.73486328125,
      "dataset": "icews05-15",
      "few_shot_ratio": 1.0,
      "max_allocated_mb": 7451.82568359375,
      "method": "ssptgfm",
      "params_total": 5340063,
      "params_trainable": 5340050,
      "reserved_mb": 7824.0,
      "rough_forward_flops": 24506974208,
      "scenario": "standard",
      "seed": 2,
      "test_ap": 0.8480278617115459,
      "test_auc": 0.9465359967630971,
      "test_edges": 74087,
      "test_hits@1": 0.37,
      "test_hits@10": 0.6866666666666666,
      "test_hits@100": 0.8566666666666667,
      "test_hits@50": 0.8166666666666667,
      "test_mrr": 0.4813164364752,
      "test_ndcg": 0.981248830905244,
      "train_align": 381.29175476178034,
      "train_edges": 326918,
      "train_eval_time_sec": 21236.124771542847,
      "train_kl": 503.8835790030942,
      "train_loss": 19.4963046681389,
      "train_lp": 0.17740814489842904,
      "train_meta": 0.1777334050285739,
      "train_ood_reg": 0.2135817588054171,
      "train_rank": 0.061891485116058464,
      "train_struct_aux": 1.2644254189820867,
      "train_weighted_align": 19.064588068526906,
      "train_weighted_kl": 0.2519418017946022,
      "train_weighted_meta": 0.0008886670043450261,
      "train_weighted_ood_reg": 0.00021358176883771765,
      "train_weighted_rank": 6.18914880606663e-05,
      "train_weighted_struct_aux": 0.0012644254792997184,
      "val_ap": 0.8734381851511201,
      "val_auc": 0.9576614874020848,
      "val_edges": 60324,
      "val_hits@1": 0.3933333333333333,
      "val_hits@10": 0.6933333333333334,
      "val_hits@100": 0.8666666666666667,
      "val_hits@50": 0.8466666666666667,
      "val_mrr": 0.4979293822251223,
      "val_ndcg": 0.9845319040956373
    }
  ]
}