{
  "environment": {
    "cuda_available": true,
    "cuda_capability": [
      7,
      0
    ],
    "cuda_device": "Tesla V100-PCIE-32GB",
    "python": "3.10.8",
    "torch": "2.5.1+cu121"
  },
  "rows": [
    {
      "ablation": "full",
      "allocated_mb": 163.48779296875,
      "dataset": "tkgl-smallpedia",
      "few_shot_ratio": 1.0,
      "max_allocated_mb": 13891.22900390625,
      "method": "ssptgfm",
      "params_total": 10079572,
      "params_trainable": 10079523,
      "reserved_mb": 14336.0,
      "rough_forward_flops": 34232064000,
      "scenario": "label_split",
      "seed": 5,
      "test_ap": 0.41656349074751076,
      "test_auc": 0.7809060097789261,
      "test_edges": 163172,
      "test_hits@1": 0.068,
      "test_hits@10": 0.12,
      "test_hits@100": 0.222,
      "test_hits@50": 0.192,
      "test_mrr": 0.09053035797410099,
      "test_ndcg": 0.899717703161667,
      "train_align": 4873.91193295012,
      "train_edges": 775514,
      "train_eval_time_sec": 45423.352078381926,
      "train_kl": 9346.713419267913,
      "train_loss": 25.369070434687277,
      "train_lp": 0.06369000356454205,
      "train_meta": 0.0656193061736399,
      "train_ood_reg": 0.20710562701124863,
      "train_rank": 0.019311734030475133,
      "train_struct_aux": 0.6147507906611474,
      "train_weighted_align": 24.36955911938717,
      "train_weighted_kl": 0.9346713181531583,
      "train_weighted_meta": 0.0003280965241450109,
      "train_weighted_ood_reg": 0.00020710563696914186,
      "train_weighted_rank": 1.9311735010300706e-05,
      "train_weighted_struct_aux": 0.0006147508204177989,
      "val_ap": 0.5191151124669192,
      "val_auc": 0.867727298859209,
      "val_edges": 162066,
      "val_hits@1": 0.155,
      "val_hits@10": 0.22,
      "val_hits@100": 0.33,
      "val_hits@50": 0.3,
      "val_mrr": 0.1844475013533274,
      "val_ndcg": 0.9268099632714787
    }
  ]
}