{
  "environment": {
    "cuda_available": true,
    "cuda_capability": [
      7,
      0
    ],
    "cuda_device": "Tesla V100-PCIE-32GB",
    "python": "3.10.8",
    "torch": "2.5.1+cu121"
  },
  "rows": [
    {
      "ablation": "full",
      "allocated_mb": 57.21923828125,
      "dataset": "icews05-15",
      "few_shot_ratio": 1.0,
      "max_allocated_mb": 5626.76611328125,
      "method": "ssptgfm",
      "params_total": 3305488,
      "params_trainable": 3305488,
      "reserved_mb": 6238.0,
      "rough_forward_flops": 14289186816,
      "scenario": "standard",
      "seed": 5,
      "test_ap": 0.6940707773298156,
      "test_auc": 0.907947326829151,
      "test_edges": 74087,
      "test_hits@1": 0.03,
      "test_hits@10": 0.235,
      "test_hits@100": 0.515,
      "test_hits@50": 0.43,
      "test_mrr": 0.09782397073644489,
      "test_ndcg": 0.9616801814812219,
      "train_align": 380.25452058453527,
      "train_edges": 326918,
      "train_eval_time_sec": 85439.7767254673,
      "train_kl": 528.0191147898237,
      "train_loss": 19.4906006119867,
      "train_lp": 0.21259228806718733,
      "train_meta": 0.21681078481875568,
      "train_ood_reg": 0.18835813771338278,
      "val_ap": 0.7626774147769166,
      "val_auc": 0.9336427209118545,
      "val_edges": 60324,
      "val_ndcg": 0.9710857859744805
    },
    {
      "ablation": "baseline",
      "dataset": "icews05-15",
      "few_shot_ratio": 1.0,
      "method": "lm_mlp",
      "params_total": 98209,
      "params_trainable": 98209,
      "scenario": "standard",
      "seed": 5,
      "test_ap": 0.7628541588580908,
      "test_auc": 0.9154294971710303,
      "test_edges": 74087,
      "test_hits@1": 0.08,
      "test_hits@10": 0.33,
      "test_hits@100": 0.635,
      "test_hits@50": 0.55,
      "test_mrr": 0.1586789197067936,
      "test_ndcg": 0.9695363068329674,
      "train_edges": 326918,
      "train_eval_time_sec": 1297.5626424960792,
      "val_ap": 0.8275418761837453,
      "val_auc": 0.9486549457795839,
      "val_edges": 60324,
      "val_ndcg": 0.9790593016732051
    },
    {
      "ablation": "baseline",
      "dataset": "icews05-15",
      "few_shot_ratio": 1.0,
      "method": "structure_mlp",
      "params_total": 33985,
      "params_trainable": 33985,
      "scenario": "standard",
      "seed": 5,
      "test_ap": 0.8400367209272044,
      "test_auc": 0.9381606358136251,
      "test_edges": 74087,
      "test_hits@1": 0.235,
      "test_hits@10": 0.66,
      "test_hits@100": 0.855,
      "test_hits@50": 0.815,
      "test_mrr": 0.3633971890510635,
      "test_ndcg": 0.9797561467213075,
      "train_edges": 326918,
      "train_eval_time_sec": 5781.978345733136,
      "val_ap": 0.8626975176436678,
      "val_auc": 0.949538550169601,
      "val_edges": 60324,
      "val_ndcg": 0.9828215090439
    }
  ]
}