metric,optimized,best_external_baseline,delta,win
auc,0.9617806291923365,0.9553957891667827,0.0063848400255538396,True
ap,0.9229766182664388,0.8992711734548288,0.023705444811610077,True
mrr,0.8830731313931565,0.8981460575356689,-0.015072926142512433,False
hits@10,0.8973333333333333,0.92,-0.022666666666666724,False
ndcg,0.9891731341490833,0.9855335690473936,0.0036395651016896124,True
