metric,optimized,best_external_baseline,delta,win
auc,0.6504532220500986,0.715036886583563,-0.06458366453346442,False
ap,0.1479430430603601,0.1540793392408241,-0.00613629618046399,False
mrr,0.12231718794746012,0.1388835393375584,-0.01656635139009828,False
hits@10,0.25466666666666665,0.2305,0.024166666666666642,True
ndcg,0.8237074432148519,0.8244092553467314,-0.0007018121318794757,False
