metric,optimized,best_external_baseline,delta,win
auc,0.803438249537685,0.787086288585407,0.016351960952277977,True
ap,0.42945288066752113,0.44954806601035563,-0.0200951853428345,False
mrr,0.09258959018453294,0.07911783290821547,0.01347175727631747,True
hits@10,0.1296,0.1125,0.01709999999999999,True
ndcg,0.9043628193135024,0.9072722036646249,-0.002909384351122535,False
