metric,optimized,best_external_baseline,delta,win
auc,0.935109945271641,0.9380577301948596,-0.002947784923218566,False
ap,0.8348600647380504,0.8371196732003561,-0.0022596084623056623,False
mrr,0.42396446880314376,0.3679325888535817,0.05603187994956205,True
hits@10,0.676,0.634,0.04200000000000004,True
ndcg,0.9789236236411241,0.9794725824770751,-0.0005489588359510744,False
