metric,optimized,best_external_baseline,delta,win
auc,0.9339427503971859,0.9098328388870797,0.02410991151010622,True
ap,0.7231691920675806,0.6395419317158659,0.08362726035171464,True
mrr,0.42096442971410675,0.3121606555171064,0.10880377419700032,True
hits@10,0.658,0.5549999999999999,0.10300000000000009,True
ndcg,0.9565929175737481,0.9302301758904522,0.026362741683295887,True
