,,,,,test_ap,test_ap,test_ap,test_ap,test_auc,test_auc,test_auc,test_auc,test_edges,test_edges,test_edges,test_edges,test_hits@1,test_hits@1,test_hits@1,test_hits@1,test_hits@10,test_hits@10,test_hits@10,test_hits@10,test_hits@100,test_hits@100,test_hits@100,test_hits@100,test_hits@50,test_hits@50,test_hits@50,test_hits@50,test_mrr,test_mrr,test_mrr,test_mrr,test_ndcg,test_ndcg,test_ndcg,test_ndcg,val_ap,val_ap,val_ap,val_ap,val_auc,val_auc,val_auc,val_auc,val_edges,val_edges,val_edges,val_edges,val_hits@1,val_hits@1,val_hits@1,val_hits@1,val_hits@10,val_hits@10,val_hits@10,val_hits@10,val_hits@100,val_hits@100,val_hits@100,val_hits@100,val_hits@50,val_hits@50,val_hits@50,val_hits@50,val_mrr,val_mrr,val_mrr,val_mrr,val_ndcg,val_ndcg,val_ndcg,val_ndcg
,,,,,ci95,count,mean,std,ci95,count,mean,std,ci95,count,mean,std,ci95,count,mean,std,ci95,count,mean,std,ci95,count,mean,std,ci95,count,mean,std,ci95,count,mean,std,ci95,count,mean,std,ci95,count,mean,std,ci95,count,mean,std,ci95,count,mean,std,ci95,count,mean,std,ci95,count,mean,std,ci95,count,mean,std,ci95,count,mean,std,ci95,count,mean,std,ci95,count,mean,std
dataset,method,ablation,scenario,few_shot_ratio,,,,,,,,,,,,,,,,,,,,,,,,,,,,,,,,,,,,,,,,,,,,,,,,,,,,,,,,,,,,,,,,,,,,,,,,
icews14,ssptgfm,full,standard,1.0,0.013938839181500665,5,0.44147111002253875,0.01590213874350664,0.003253412183674028,5,0.8898559839174087,0.003711658572204673,0.0,5,14378.0,0.0,0.013293366766925522,5,0.0785,0.015165750888103098,0.014235322265407274,5,0.23049999999999998,0.01624038176891172,0.017558143409825547,5,0.513,0.02003122562401014,0.02412472590517869,5,0.4205,0.027522717889045763,0.012104874803397322,5,0.13286738860028183,0.013809858632408582,0.002764548965093559,5,0.905249244966055,0.003153938476059128,0.01193256006363424,5,0.47007485388407366,0.013613273187696623,0.0029015190809311897,5,0.8862872184643052,0.0033102009709055375,0.0,5,14592.0,0.0,0.01592311527308648,5,0.096,0.018165902124584948,0.021470724254202527,5,0.24,0.0244948974278318,0.04571466285558715,5,0.548,0.05215361924162119,0.049816398906384236,5,0.41600000000000004,0.05683308895353129,0.015550183359911733,5,0.14094492744554935,0.017740442375177915,0.0025612688732609503,5,0.9105212045167788,0.0029220261781968257
