{
  "environment": {
    "cuda_available": true,
    "cuda_capability": [
      7,
      0
    ],
    "cuda_device": "Tesla V100-PCIE-32GB",
    "python": "3.10.8",
    "torch": "2.5.1+cu121"
  },
  "rows": [
    {
      "ablation": "full",
      "allocated_mb": 31.658203125,
      "dataset": "synthetic",
      "few_shot_ratio": 1.0,
      "max_allocated_mb": 150.46142578125,
      "method": "ssptgfm",
      "params_total": 1966288,
      "params_trainable": 1966288,
      "reserved_mb": 206.0,
      "rough_forward_flops": 403587072,
      "scenario": "standard",
      "seed": 1,
      "test_ap": 0.19643865670757293,
      "test_auc": 0.8591513888888889,
      "test_edges": 240,
      "test_hits@1": 0.045,
      "test_hits@10": 0.18,
      "test_hits@100": 0.78,
      "test_hits@50": 0.685,
      "test_mrr": 0.10949595525432013,
      "test_ndcg": 0.7096386501385142,
      "train_align": 101.87052753993443,
      "train_edges": 1120,
      "train_eval_time_sec": 114.47676654905081,
      "train_kl": 2148.466624668666,
      "train_loss": 6.629747697285244,
      "train_lp": 0.4593526321862425,
      "train_meta": 0.48116367869079113,
      "train_ood_reg": 0.229402380330222,
      "val_ap": 0.2108320037469927,
      "val_auc": 0.8781208333333335,
      "val_edges": 240,
      "val_ndcg": 0.7257060383260361
    },
    {
      "ablation": "baseline",
      "dataset": "synthetic",
      "few_shot_ratio": 1.0,
      "method": "lm_mlp",
      "params_total": 222721,
      "params_trainable": 222721,
      "scenario": "standard",
      "seed": 1,
      "test_ap": 0.19402821744280954,
      "test_auc": 0.864459375,
      "test_edges": 240,
      "test_hits@1": 0.03,
      "test_hits@10": 0.21,
      "test_hits@100": 0.825,
      "test_hits@50": 0.745,
      "test_mrr": 0.1009001621128626,
      "test_ndcg": 0.698079142830539,
      "train_edges": 1120,
      "train_eval_time_sec": 38.81140733137727,
      "val_ap": 0.20560974378413005,
      "val_auc": 0.8530628472222221,
      "val_edges": 240,
      "val_ndcg": 0.7039301850270574
    },
    {
      "ablation": "baseline",
      "dataset": "synthetic",
      "few_shot_ratio": 1.0,
      "method": "structure_mlp",
      "params_total": 38977,
      "params_trainable": 38977,
      "scenario": "standard",
      "seed": 1,
      "test_ap": 0.055695975118386296,
      "test_auc": 0.6291204861111112,
      "test_edges": 240,
      "test_hits@1": 0.03,
      "test_hits@10": 0.235,
      "test_hits@100": 0.775,
      "test_hits@50": 0.68,
      "test_mrr": 0.09910742424526324,
      "test_ndcg": 0.5833842306365415,
      "train_edges": 1120,
      "train_eval_time_sec": 60.735431879758835,
      "val_ap": 0.055867444326346015,
      "val_auc": 0.6425347222222222,
      "val_edges": 240,
      "val_ndcg": 0.5802321446925155
    },
    {
      "ablation": "full",
      "allocated_mb": 31.9580078125,
      "dataset": "synthetic",
      "few_shot_ratio": 1.0,
      "max_allocated_mb": 150.76123046875,
      "method": "ssptgfm",
      "params_total": 1966288,
      "params_trainable": 1966288,
      "reserved_mb": 206.0,
      "rough_forward_flops": 403587072,
      "scenario": "standard",
      "seed": 2,
      "test_ap": 0.1804801972786258,
      "test_auc": 0.8556125,
      "test_edges": 240,
      "test_hits@1": 0.01,
      "test_hits@10": 0.245,
      "test_hits@100": 0.79,
      "test_hits@50": 0.71,
      "test_mrr": 0.09568090288147565,
      "test_ndcg": 0.7029593660300377,
      "train_align": 161.3098874773298,
      "train_edges": 1120,
      "train_eval_time_sec": 100.81952930241823,
      "train_kl": 1774.0891832624163,
      "train_loss": 9.479889248098646,
      "train_lp": 0.5244520772248507,
      "train_meta": 0.5329390588615622,
      "train_ood_reg": 0.2333569965724434,
      "val_ap": 0.22378939507446854,
      "val_auc": 0.87883125,
      "val_edges": 240,
      "val_ndcg": 0.7389682759141104
    },
    {
      "ablation": "baseline",
      "dataset": "synthetic",
      "few_shot_ratio": 1.0,
      "method": "lm_mlp",
      "params_total": 222721,
      "params_trainable": 222721,
      "scenario": "standard",
      "seed": 2,
      "test_ap": 0.18423614663536522,
      "test_auc": 0.8539402777777778,
      "test_edges": 240,
      "test_hits@1": 0.015,
      "test_hits@10": 0.165,
      "test_hits@100": 0.835,
      "test_hits@50": 0.75,
      "test_mrr": 0.07867197760892351,
      "test_ndcg": 0.701010868857458,
      "train_edges": 1120,
      "train_eval_time_sec": 41.75067077577114,
      "val_ap": 0.1747378009385548,
      "val_auc": 0.8398798611111111,
      "val_edges": 240,
      "val_ndcg": 0.6940342422735267
    },
    {
      "ablation": "baseline",
      "dataset": "synthetic",
      "few_shot_ratio": 1.0,
      "method": "structure_mlp",
      "params_total": 38977,
      "params_trainable": 38977,
      "scenario": "standard",
      "seed": 2,
      "test_ap": 0.055062726707937486,
      "test_auc": 0.6255239583333333,
      "test_edges": 240,
      "test_hits@1": 0.015,
      "test_hits@10": 0.225,
      "test_hits@100": 0.79,
      "test_hits@50": 0.695,
      "test_mrr": 0.09564551286012409,
      "test_ndcg": 0.5788589875383481,
      "train_edges": 1120,
      "train_eval_time_sec": 44.098237596452236,
      "val_ap": 0.058032266330921824,
      "val_auc": 0.6423458333333334,
      "val_edges": 240,
      "val_ndcg": 0.5877075564244132
    },
    {
      "ablation": "full",
      "allocated_mb": 31.9580078125,
      "dataset": "synthetic",
      "few_shot_ratio": 1.0,
      "max_allocated_mb": 150.76123046875,
      "method": "ssptgfm",
      "params_total": 1966288,
      "params_trainable": 1966288,
      "reserved_mb": 208.0,
      "rough_forward_flops": 403587072,
      "scenario": "standard",
      "seed": 3,
      "test_ap": 0.21292444053226095,
      "test_auc": 0.8540743055555556,
      "test_edges": 240,
      "test_hits@1": 0.015,
      "test_hits@10": 0.195,
      "test_hits@100": 0.785,
      "test_hits@50": 0.7,
      "test_mrr": 0.08625518318392941,
      "test_ndcg": 0.7277284305527288,
      "train_align": 160.79883752550398,
      "train_edges": 1120,
      "train_eval_time_sec": 100.36985014751554,
      "train_kl": 1742.716550554548,
      "train_loss": 9.451051303318568,
      "train_lp": 0.5367899579661233,
      "train_meta": 0.5452231565224273,
      "train_ood_reg": 0.23499492981604167,
      "val_ap": 0.21372068448432502,
      "val_auc": 0.8756861111111112,
      "val_edges": 240,
      "val_ndcg": 0.7172168258986135
    },
    {
      "ablation": "baseline",
      "dataset": "synthetic",
      "few_shot_ratio": 1.0,
      "method": "lm_mlp",
      "params_total": 222721,
      "params_trainable": 222721,
      "scenario": "standard",
      "seed": 3,
      "test_ap": 0.20642720143740337,
      "test_auc": 0.8512899305555556,
      "test_edges": 240,
      "test_hits@1": 0.03,
      "test_hits@10": 0.23,
      "test_hits@100": 0.84,
      "test_hits@50": 0.74,
      "test_mrr": 0.10318150311451917,
      "test_ndcg": 0.733746841330879,
      "train_edges": 1120,
      "train_eval_time_sec": 45.15373381599784,
      "val_ap": 0.1914332261980939,
      "val_auc": 0.8453628472222221,
      "val_edges": 240,
      "val_ndcg": 0.7205243861202854
    },
    {
      "ablation": "baseline",
      "dataset": "synthetic",
      "few_shot_ratio": 1.0,
      "method": "structure_mlp",
      "params_total": 38977,
      "params_trainable": 38977,
      "scenario": "standard",
      "seed": 3,
      "test_ap": 0.05670839403458276,
      "test_auc": 0.6305770833333333,
      "test_edges": 240,
      "test_hits@1": 0.035,
      "test_hits@10": 0.24,
      "test_hits@100": 0.795,
      "test_hits@50": 0.72,
      "test_mrr": 0.10790370334765097,
      "test_ndcg": 0.583037513710771,
      "train_edges": 1120,
      "train_eval_time_sec": 54.72330701351166,
      "val_ap": 0.05895855439822633,
      "val_auc": 0.6479482638888889,
      "val_edges": 240,