{
  "rows": [
    {
      "ablation": "full",
      "allocated_mb": 33.2470703125,
      "dataset": "yago15k-temporal",
      "few_shot_ratio": 1.0,
      "max_allocated_mb": 1101.61767578125,
      "method": "ssptgfm",
      "params_total": 1416735,
      "params_trainable": 1416722,
      "reserved_mb": 1220.0,
      "rough_forward_flops": 384237568,
      "scenario": "standard",
      "seed": 1,
      "test_ap": 0.16811980129663615,
      "test_auc": 0.6017083942774282,
      "test_edges": 26719,
      "test_hits@1": 0.051666666666666666,
      "test_hits@10": 0.26666666666666666,
      "test_hits@100": 0.6266666666666667,
      "test_hits@50": 0.5,
      "test_mrr": 0.12812079997612866,
      "test_ndcg": 0.833985703177538,
      "train_align": 107.72422178847305,
      "train_candidate_rank": 3.0364811347434455,
      "train_edges": 3244,
      "train_eval_time_sec": 1719.727048303932,
      "train_kl": 2124.0542460942675,
      "train_loss": 1.9416834331449058,
      "train_lp": 0.6480143825756386,
      "train_meta": 0.5810211155754987,
      "train_ood_reg": 0.22120818028510628,
      "train_rank": 0.5130325122653461,
      "train_struct_aux": 0.8951154938441211,
      "train_weighted_align": 1.0772421966815935,
      "train_weighted_candidate_rank": 0.1518240598313041,
      "train_weighted_kl": 0.21240541806160393,
      "train_weighted_meta": 0.0029051055364118575,
      "train_weighted_ood_reg": 0.000221208190388575,
      "train_weighted_rank": 0.005130325035921312,
      "train_weighted_struct_aux": 0.0008951155367698046,
      "val_ap": 0.152132524374391,
      "val_auc": 0.585461353808109,
      "val_edges": 6738,
      "val_hits@1": 0.08333333333333333,
      "val_hits@10": 0.39666666666666667,
      "val_hits@100": 0.6166666666666667,
      "val_hits@50": 0.5033333333333333,
      "val_mrr": 0.1723403756686868,
      "val_ndcg": 0.8044875855701914
    },
    {
      "ablation": "full",
      "allocated_mb": 33.2470703125,
      "dataset": "yago15k-temporal",
      "few_shot_ratio": 1.0,
      "max_allocated_mb": 1101.68212890625,
      "method": "ssptgfm",
      "params_total": 1416735,
      "params_trainable": 1416722,
      "reserved_mb": 1220.0,
      "rough_forward_flops": 384237568,
      "scenario": "standard",
      "seed": 2,
      "test_ap": 0.1472814713784954,
      "test_auc": 0.5867149495127265,
      "test_edges": 26719,
      "test_hits@1": 0.08,
      "test_hits@10": 0.31666666666666665,
      "test_hits@100": 0.52,
      "test_hits@50": 0.4816666666666667,
      "test_mrr": 0.16200440030508295,
      "test_ndcg": 0.8250524594295411,
      "train_align": 71.10402047817232,
      "train_candidate_rank": 1.9663242017546332,
      "train_edges": 3244,
      "train_eval_time_sec": 3677.516798045486,
      "train_kl": 606.9890339414952,
      "train_loss": 1.1955742318640952,
      "train_lp": 0.4211279563017492,
      "train_meta": 0.3356321995701623,
      "train_ood_reg": 0.23747224575382167,
      "train_rank": 0.20217844923648376,
      "train_struct_aux": 0.7915528965776949,
      "train_weighted_align": 0.7110401901102751,
      "train_weighted_candidate_rank": 0.09831621200898734,
      "train_weighted_kl": 0.06069890167800931,
      "train_weighted_meta": 0.0016781609689632525,
      "train_weighted_ood_reg": 0.00023747225744862868,
      "train_weighted_rank": 0.002021784442903598,
      "train_weighted_struct_aux": 0.0007915529332747686,
      "val_ap": 0.14076717564720592,
      "val_auc": 0.5783734334253056,
      "val_edges": 6738,
      "val_hits@1": 0.11,
      "val_hits@10": 0.41,
      "val_hits@100": 0.5,
      "val_hits@50": 0.47,
      "val_mrr": 0.21706636835411378,
      "val_ndcg": 0.7980891254796819
    },
    {
      "ablation": "full",
      "allocated_mb": 33.2470703125,
      "dataset": "yago15k-temporal",
      "few_shot_ratio": 1.0,
      "max_allocated_mb": 1101.6455078125,
      "method": "ssptgfm",
      "params_total": 1416735,
      "params_trainable": 1416722,
      "reserved_mb": 1220.0,
      "rough_forward_flops": 384237568,
      "scenario": "standard",
      "seed": 3,
      "test_ap": 0.16320462440049047,
      "test_auc": 0.6068421790250033,
      "test_edges": 26719,
      "test_hits@1": 0.06,
      "test_hits@10": 0.30666666666666664,
      "test_hits@100": 0.595,
      "test_hits@50": 0.505,
      "test_mrr": 0.14408124755082755,
      "test_ndcg": 0.8323037757898565,
      "train_align": 83.1334131644502,
      "train_candidate_rank": 2.4241015537210564,
      "train_edges": 3244,
      "train_eval_time_sec": 2488.7008057907224,
      "train_kl": 1032.664627915722,
      "train_loss": 1.417248232811058,
      "train_lp": 0.47931165235951406,
      "train_meta": 0.4683174712793755,
      "train_ood_reg": 0.236323832581609,
      "train_rank": 0.37466045208324894,
      "train_struct_aux": 0.758089191004559,
      "train_weighted_align": 0.8313341153163061,
      "train_weighted_candidate_rank": 0.12120507956840318,
      "train_weighted_kl": 0.10326646011070174,
      "train_weighted_meta": 0.0023415873092103136,
      "train_weighted_ood_reg": 0.0002363238437298559,
      "train_weighted_rank": 0.0037466044346421523,
      "train_weighted_struct_aux": 0.0007580892282184587,
      "val_ap": 0.1483240483189326,
      "val_auc": 0.591458651996214,
      "val_edges": 6738,
      "val_hits@1": 0.1,
      "val_hits@10": 0.4,
      "val_hits@100": 0.5633333333333334,
      "val_hits@50": 0.4866666666666667,
      "val_mrr": 0.2035101588227617,
      "val_ndcg": 0.8021036361876703
    },
    {
      "ablation": "full",
      "allocated_mb": 33.2470703125,
      "dataset": "yago15k-temporal",
      "few_shot_ratio": 1.0,
      "max_allocated_mb": 1101.64990234375,
      "method": "ssptgfm",
      "params_total": 1416735,
      "params_trainable": 1416722,
      "reserved_mb": 1220.0,
      "rough_forward_flops": 384237568,
      "scenario": "standard",
      "seed": 4,
      "test_ap": 0.1525019366752296,
      "test_auc": 0.5848198571350172,
      "test_edges": 26719,
      "test_hits@1": 0.058333333333333334,
      "test_hits@10": 0.2733333333333333,
      "test_hits@100": 0.66,
      "test_hits@50": 0.5383333333333333,
      "test_mrr": 0.13713638681608795,
      "test_ndcg": 0.825580109419473,
      "train_align": 106.06103624959113,
      "train_candidate_rank": 3.155297888979568,
      "train_edges": 3244,
      "train_eval_time_sec": 1640.2091712877154,
      "train_kl": 2094.749260853913,
      "train_loss": 1.9103413369443456,
      "train_lp": 0.6362169612893613,
      "train_meta": 0.6132837719603647,
      "train_ood_reg": 0.20974864798077084,
      "train_rank": 0.5245596500724293,
      "train_struct_aux": 0.7629549983194319,
      "train_weighted_align": 1.0606103368908546,
      "train_weighted_candidate_rank": 0.15776489784591338,
      "train_weighted_kl": 0.2094749196795589,
      "train_weighted_meta": 0.003066418780058561,
      "train_weighted_ood_reg": 0.00020974865789975087,
      "train_weighted_rank": 0.005245596390883463,
      "train_weighted_struct_aux": 0.0007629550342799275,
      "val_ap": 0.14988692188201025,
      "val_auc": 0.579363451320206,
      "val_edges": 6738,
      "val_hits@1": 0.09,
      "val_hits@10": 0.43333333333333335,
      "val_hits@100": 0.6566666666666666,
      "val_hits@50": 0.5433333333333333,
      "val_mrr": 0.20449734184877152,
      "val_ndcg": 0.8027166696070736
    },
    {
      "ablation": "full",
      "allocated_mb": 33.2470703125,
      "dataset": "yago15k-temporal",
      "few_shot_ratio": 1.0,
      "max_allocated_mb": 1101.64111328125,
      "method": "ssptgfm",
      "params_total": 1416735,
      "params_trainable": 1416722,
      "reserved_mb": 1220.0,
      "rough_forward_flops": 384237568,
      "scenario": "standard",
      "seed": 5,
      "test_ap": 0.15767553673710988,
      "test_auc": 0.5679128006507858,
      "test_edges": 26719,
      "test_hits@1": 0.06,
      "test_hits@10": 0.325,