,,,,,test_ap,test_ap,test_ap,test_ap,test_auc,test_auc,test_auc,test_auc,test_edges,test_edges,test_edges,test_edges,test_hits@1,test_hits@1,test_hits@1,test_hits@1,test_hits@10,test_hits@10,test_hits@10,test_hits@10,test_hits@100,test_hits@100,test_hits@100,test_hits@100,test_hits@50,test_hits@50,test_hits@50,test_hits@50,test_mrr,test_mrr,test_mrr,test_mrr,test_ndcg,test_ndcg,test_ndcg,test_ndcg,val_ap,val_ap,val_ap,val_ap,val_auc,val_auc,val_auc,val_auc,val_edges,val_edges,val_edges,val_edges,val_hits@1,val_hits@1,val_hits@1,val_hits@1,val_hits@10,val_hits@10,val_hits@10,val_hits@10,val_hits@100,val_hits@100,val_hits@100,val_hits@100,val_hits@50,val_hits@50,val_hits@50,val_hits@50,val_mrr,val_mrr,val_mrr,val_mrr,val_ndcg,val_ndcg,val_ndcg,val_ndcg
,,,,,ci95,count,mean,std,ci95,count,mean,std,ci95,count,mean,std,ci95,count,mean,std,ci95,count,mean,std,ci95,count,mean,std,ci95,count,mean,std,ci95,count,mean,std,ci95,count,mean,std,ci95,count,mean,std,ci95,count,mean,std,ci95,count,mean,std,ci95,count,mean,std,ci95,count,mean,std,ci95,count,mean,std,ci95,count,mean,std,ci95,count,mean,std,ci95,count,mean,std
dataset,method,ablation,scenario,few_shot_ratio,,,,,,,,,,,,,,,,,,,,,,,,,,,,,,,,,,,,,,,,,,,,,,,,,,,,,,,,,,,,,,,,,,,,,,,,
yago15k-temporal,ssptgfm,full,standard,1.0,0.0072602496689460755,5,0.15775667409759228,0.008282863159889678,0.013475722305372298,5,0.5895996361201922,0.015373791388123795,0.0,5,26719.0,0.0,0.009320023843555576,5,0.062,0.010632758605157723,0.022950512945127066,5,0.29766666666666663,0.026183115848873992,0.04767990678588949,5,0.593,0.05439566976229716,0.018099809698201554,5,0.505,0.02064918615560644,0.01124819971241816,5,0.14426212661730553,0.012832519990541118,0.0034782089591689175,5,0.8293158033571876,0.003968118200331883,0.003980313927179103,5,0.14847126222512239,0.004540945159674297,0.00962677983086708,5,0.5793513999493047,0.0109827214827769,0.0,5,6738.0,0.0,0.010453333333333335,5,0.09866666666666667,0.011925695879998881,0.01263486534246497,5,0.4093333333333334,0.014414498873626447,0.05574430514012667,5,0.5733333333333334,0.06359594676112969,0.02674679960086607,5,0.49466666666666664,0.0305141133102555,0.016691987787294846,5,0.20361597079686627,0.019043071108156926,0.0021579425672366126,5,0.8021903662310015,0.0024618909550415697
