{
  "environment": {
    "cuda_available": true,
    "cuda_capability": [
      7,
      0
    ],
    "cuda_device": "Tesla V100-PCIE-32GB",
    "python": "3.10.8",
    "torch": "2.5.1+cu121"
  },
  "rows": [
    {
      "ablation": "full",
      "allocated_mb": 28.1728515625,
      "dataset": "synthetic",
      "few_shot_ratio": 1.0,
      "max_allocated_mb": 61.14599609375,
      "method": "ssptgfm",
      "params_total": 1966288,
      "params_trainable": 1966288,
      "reserved_mb": 78.0,
      "rough_forward_flops": 47038464,
      "scenario": "standard",
      "seed": 1,
      "test_ap": 0.09972842932750582,
      "test_auc": 0.6947812499999999,
      "test_edges": 240,
      "test_hits@1": 0.01,
      "test_hits@10": 0.14,
      "test_hits@100": 0.625,
      "test_hits@50": 0.4,
      "test_mrr": 0.05770340046427979,
      "test_ndcg": 0.6567247220919206,
      "train_align": 16.194271087646484,
      "train_edges": 4,
      "train_eval_time_sec": 17.779706820845604,
      "train_kl": 401.6942138671875,
      "train_loss": 2.0023441314697266,
      "train_lp": 0.9885678291320801,
      "train_meta": 0.30137214064598083,
      "train_ood_reg": 0.2019394338130951,
      "val_ap": 0.1031233501904176,
      "val_auc": 0.7105645833333333,
      "val_edges": 240,
      "val_ndcg": 0.6463125231690225
    },
    {
      "ablation": "baseline",
      "dataset": "synthetic",
      "few_shot_ratio": 1.0,
      "method": "lm_mlp",
      "params_total": 222721,
      "params_trainable": 222721,
      "scenario": "standard",
      "seed": 1,
      "test_ap": 0.08890748066842061,
      "test_auc": 0.6178190972222222,
      "test_edges": 240,
      "test_hits@1": 0.015,
      "test_hits@10": 0.11,
      "test_hits@100": 0.575,
      "test_hits@50": 0.42,
      "test_mrr": 0.054748678510626626,
      "test_ndcg": 0.6174157053197226,
      "train_edges": 4,
      "train_eval_time_sec": 8.651970203965902,
      "val_ap": 0.09078307357148344,
      "val_auc": 0.6464645833333333,
      "val_edges": 240,
      "val_ndcg": 0.6157049465072427
    },
    {
      "ablation": "baseline",
      "dataset": "synthetic",
      "few_shot_ratio": 1.0,
      "method": "structure_mlp",
      "params_total": 38977,
      "params_trainable": 38977,
      "scenario": "standard",
      "seed": 1,
      "test_ap": 0.03808026719852531,
      "test_auc": 0.4889892361111111,
      "test_edges": 240,
      "test_hits@1": 0.005,
      "test_hits@10": 0.06,
      "test_hits@100": 0.44,
      "test_hits@50": 0.18,
      "test_mrr": 0.0294401032613962,
      "test_ndcg": 0.5448391714863688,
      "train_edges": 4,
      "train_eval_time_sec": 5.505575679242611,
      "val_ap": 0.03844513498632455,
      "val_auc": 0.5001038194444444,
      "val_edges": 240,
      "val_ndcg": 0.5506350501548836
    },
    {
      "ablation": "full",
      "allocated_mb": 28.47265625,
      "dataset": "synthetic",
      "few_shot_ratio": 1.0,
      "max_allocated_mb": 61.44580078125,
      "method": "ssptgfm",
      "params_total": 1966288,
      "params_trainable": 1966288,
      "reserved_mb": 78.0,
      "rough_forward_flops": 47038464,
      "scenario": "standard",
      "seed": 2,
      "test_ap": 0.1012729528789021,
      "test_auc": 0.724538888888889,
      "test_edges": 240,
      "test_hits@1": 0.01,
      "test_hits@10": 0.155,
      "test_hits@100": 0.675,
      "test_hits@50": 0.535,
      "test_mrr": 0.06588901494386637,
      "test_ndcg": 0.6448673017651356,
      "train_align": 20.85208511352539,
      "train_edges": 4,
      "train_eval_time_sec": 14.697455447167158,
      "train_kl": 440.14056396484375,
      "train_loss": 1.48078453540802,
      "train_lp": 0.21585144102573395,
      "train_meta": 0.20825020968914032,
      "train_ood_reg": 0.17609070241451263,
      "val_ap": 0.11825894908385462,
      "val_auc": 0.7458645833333334,
      "val_edges": 240,
      "val_ndcg": 0.6529000112606099
    },
    {
      "ablation": "baseline",
      "dataset": "synthetic",
      "few_shot_ratio": 1.0,
      "method": "lm_mlp",
      "params_total": 222721,
      "params_trainable": 222721,
      "scenario": "standard",
      "seed": 2,
      "test_ap": 0.06101121979570235,
      "test_auc": 0.65124375,
      "test_edges": 240,
      "test_hits@1": 0.005,
      "test_hits@10": 0.1,
      "test_hits@100": 0.54,
      "test_hits@50": 0.44,
      "test_mrr": 0.03705641280564056,
      "test_ndcg": 0.5791648993568251,
      "train_edges": 4,
      "train_eval_time_sec": 7.653525717556477,
      "val_ap": 0.06495981557330303,
      "val_auc": 0.6910760416666666,
      "val_edges": 240,
      "val_ndcg": 0.5808655849169377
    },
    {
      "ablation": "baseline",
      "dataset": "synthetic",
      "few_shot_ratio": 1.0,
      "method": "structure_mlp",
      "params_total": 38977,
      "params_trainable": 38977,
      "scenario": "standard",
      "seed": 2,
      "test_ap": 0.060342856214164964,
      "test_auc": 0.5198697916666667,
      "test_edges": 240,
      "test_hits@1": 0.03,
      "test_hits@10": 0.115,
      "test_hits@100": 0.44,
      "test_hits@50": 0.215,
      "test_mrr": 0.06655842141579794,
      "test_ndcg": 0.5900971387393567,
      "train_edges": 4,
      "train_eval_time_sec": 7.084952924400568,
      "val_ap": 0.038507243160835,
      "val_auc": 0.5001625,
      "val_edges": 240,
      "val_ndcg": 0.551385722379586
    },
    {
      "ablation": "full",
      "allocated_mb": 28.47265625,
      "dataset": "synthetic",
      "few_shot_ratio": 1.0,
      "max_allocated_mb": 61.44580078125,
      "method": "ssptgfm",
      "params_total": 1966288,
      "params_trainable": 1966288,
      "reserved_mb": 78.0,
      "rough_forward_flops": 47038464,
      "scenario": "standard",
      "seed": 3,
      "test_ap": 0.08705619854841495,
      "test_auc": 0.7015548611111111,
      "test_edges": 240,
      "test_hits@1": 0.01,
      "test_hits@10": 0.115,
      "test_hits@100": 0.655,
      "test_hits@50": 0.485,
      "test_mrr": 0.0574675830662143,
      "test_ndcg": 0.6330650890578425,
      "train_align": 21.293970108032227,
      "train_edges": 4,
      "train_eval_time_sec": 13.941841177642345,
      "train_kl": 452.0513610839844,
      "train_loss": 1.2928619384765625,
      "train_lp": 0.0019254212966188788,
      "train_meta": 0.00239075580611825,
      "train_ood_reg": 0.1881842166185379,
      "val_ap": 0.07941796183242014,
      "val_auc": 0.6815284722222221,
      "val_edges": 240,
      "val_ndcg": 0.6193580722377942
    },
    {
      "ablation": "baseline",
      "dataset": "synthetic",
      "few_shot_ratio": 1.0,
      "method": "lm_mlp",
      "params_total": 222721,
      "params_trainable": 222721,
      "scenario": "standard",
      "seed": 3,
      "test_ap": 0.11492861780856234,
      "test_auc": 0.6311156250000001,
      "test_edges": 240,
      "test_hits@1": 0.0,
      "test_hits@10": 0.1,
      "test_hits@100": 0.575,
      "test_hits@50": 0.435,
      "test_mrr": 0.04045824643266979,
      "test_ndcg": 0.6454696623845098,
      "train_edges": 4,
      "train_eval_time_sec": 6.725691813975573,
      "val_ap": 0.11608552005363693,
      "val_auc": 0.6704059027777778,
      "val_edges": 240,
      "val_ndcg": 0.6509856890072031
    },
    {
      "ablation": "baseline",
      "dataset": "synthetic",
      "few_shot_ratio": 1.0,
      "method": "structure_mlp",
      "params_total": 38977,
      "params_trainable": 38977,
      "scenario": "standard",
      "seed": 3,
      "test_ap": 0.07328811577797828,
      "test_auc": 0.557182638888889,
      "test_edges": 240,
      "test_hits@1": 0.03,
      "test_hits@10": 0.135,
      "test_hits@100": 0.575,
      "test_hits@50": 0.32,
      "test_mrr": 0.07107770103748788,
      "test_ndcg": 0.6152100424660656,
      "train_edges": 4,
      "train_eval_time_sec": 6.369667366147041,
      "val_ap": 0.03853504210004844,
      "val_auc": 0.5006673611111111,
      "val_edges": 240,