{
  "environment": {
    "cuda_available": true,
    "cuda_capability": [
      7,
      0
    ],
    "cuda_device": "Tesla V100-PCIE-32GB",
    "python": "3.10.8",
    "torch": "2.5.1+cu121"
  },
  "rows": [
    {
      "ablation": "full",
      "allocated_mb": 31.658203125,
      "dataset": "synthetic",
      "few_shot_ratio": 1.0,
      "max_allocated_mb": 75.0771484375,
      "method": "ssptgfm",
      "params_total": 1966288,
      "params_trainable": 1966288,
      "reserved_mb": 100.0,
      "rough_forward_flops": 58540032,
      "scenario": "standard",
      "seed": 1,
      "test_ap": 0.1767729684621181,
      "test_auc": 0.8046701388888888,
      "test_edges": 240,
      "test_hits@1": 0.025,
      "test_hits@10": 0.19,
      "test_hits@100": 0.765,
      "test_hits@50": 0.68,
      "test_mrr": 0.0905216421692393,
      "test_ndcg": 0.6999521722353474,
      "train_align": 113.74865913391113,
      "train_edges": 40,
      "train_eval_time_sec": 18.85685697570443,
      "train_kl": 1390.1891174316406,
      "train_loss": 6.574929078420003,
      "train_lp": 0.18640932937463126,
      "train_meta": 0.5764736185471216,
      "train_ood_reg": 0.2274264693260193,
      "val_ap": 0.18879841671264092,
      "val_auc": 0.8418270833333333,
      "val_edges": 240,
      "val_ndcg": 0.7035603706723325
    },
    {
      "ablation": "baseline",
      "dataset": "synthetic",
      "few_shot_ratio": 1.0,
      "method": "lm_mlp",
      "params_total": 222721,
      "params_trainable": 222721,
      "scenario": "standard",
      "seed": 1,
      "test_ap": 0.1272539091960747,
      "test_auc": 0.7298302083333333,
      "test_edges": 240,
      "test_hits@1": 0.015,
      "test_hits@10": 0.11,
      "test_hits@100": 0.745,
      "test_hits@50": 0.535,
      "test_mrr": 0.05700557649826498,
      "test_ndcg": 0.6574037332176702,
      "train_edges": 40,
      "train_eval_time_sec": 11.203594408929348,
      "val_ap": 0.1429743222075831,
      "val_auc": 0.7747236111111111,
      "val_edges": 240,
      "val_ndcg": 0.665184031081741
    },
    {
      "ablation": "baseline",
      "dataset": "synthetic",
      "few_shot_ratio": 1.0,
      "method": "structure_mlp",
      "params_total": 38977,
      "params_trainable": 38977,
      "scenario": "standard",
      "seed": 1,
      "test_ap": 0.046641233218623526,
      "test_auc": 0.5737531250000001,
      "test_edges": 240,
      "test_hits@1": 0.01,
      "test_hits@10": 0.125,
      "test_hits@100": 0.65,
      "test_hits@50": 0.38,
      "test_mrr": 0.05151958397441964,
      "test_ndcg": 0.5627228632199233,
      "train_edges": 40,
      "train_eval_time_sec": 9.013018429279327,
      "val_ap": 0.04102655959028818,
      "val_auc": 0.5187638888888888,
      "val_edges": 240,
      "val_ndcg": 0.5560479665459523
    },
    {
      "ablation": "full",
      "allocated_mb": 31.9580078125,
      "dataset": "synthetic",
      "few_shot_ratio": 1.0,
      "max_allocated_mb": 75.376953125,
      "method": "ssptgfm",
      "params_total": 1966288,
      "params_trainable": 1966288,
      "reserved_mb": 102.0,
      "rough_forward_flops": 58540032,
      "scenario": "standard",
      "seed": 2,
      "test_ap": 0.17408936605829858,
      "test_auc": 0.8039506944444444,
      "test_edges": 240,
      "test_hits@1": 0.015,
      "test_hits@10": 0.21,
      "test_hits@100": 0.755,
      "test_hits@50": 0.68,
      "test_mrr": 0.0820966553271405,
      "test_ndcg": 0.7114813349504397,
      "train_align": 107.23059209187825,
      "train_edges": 40,
      "train_eval_time_sec": 17.024252001196146,
      "train_kl": 1357.8266703287761,
      "train_loss": 6.252633611361186,
      "train_lp": 0.20891123513380686,
      "train_meta": 0.3059864342212677,
      "train_ood_reg": 0.21958915889263153,
      "val_ap": 0.17787112074132425,
      "val_auc": 0.8402534722222222,
      "val_edges": 240,
      "val_ndcg": 0.6907102487294465
    },
    {
      "ablation": "baseline",
      "dataset": "synthetic",
      "few_shot_ratio": 1.0,
      "method": "lm_mlp",
      "params_total": 222721,
      "params_trainable": 222721,
      "scenario": "standard",
      "seed": 2,
      "test_ap": 0.15229622287109787,
      "test_auc": 0.7356868055555557,
      "test_edges": 240,
      "test_hits@1": 0.015,
      "test_hits@10": 0.185,
      "test_hits@100": 0.73,
      "test_hits@50": 0.595,
      "test_mrr": 0.0689286610305816,
      "test_ndcg": 0.6877331347289426,
      "train_edges": 40,
      "train_eval_time_sec": 12.519213382154703,
      "val_ap": 0.13414424250585488,
      "val_auc": 0.7717413194444445,
      "val_edges": 240,
      "val_ndcg": 0.6589196361871725
    },
    {
      "ablation": "baseline",
      "dataset": "synthetic",
      "few_shot_ratio": 1.0,
      "method": "structure_mlp",
      "params_total": 38977,
      "params_trainable": 38977,
      "scenario": "standard",
      "seed": 2,
      "test_ap": 0.0703359497739579,
      "test_auc": 0.5795072916666666,
      "test_edges": 240,
      "test_hits@1": 0.025,
      "test_hits@10": 0.125,
      "test_hits@100": 0.495,
      "test_hits@50": 0.335,
      "test_mrr": 0.06576718680304643,
      "test_ndcg": 0.6053795955703681,
      "train_edges": 40,
      "train_eval_time_sec": 11.165234491229057,
      "val_ap": 0.03966924490361495,
      "val_auc": 0.5072888888888889,
      "val_edges": 240,
      "val_ndcg": 0.5528612166551253
    },
    {
      "ablation": "full",
      "allocated_mb": 31.9580078125,
      "dataset": "synthetic",
      "few_shot_ratio": 1.0,
      "max_allocated_mb": 75.376953125,
      "method": "ssptgfm",
      "params_total": 1966288,
      "params_trainable": 1966288,
      "reserved_mb": 102.0,
      "rough_forward_flops": 58540032,
      "scenario": "standard",
      "seed": 3,
      "test_ap": 0.1925814506766458,
      "test_auc": 0.8136861111111111,
      "test_edges": 240,
      "test_hits@1": 0.02,
      "test_hits@10": 0.19,
      "test_hits@100": 0.79,
      "test_hits@50": 0.71,
      "test_mrr": 0.08584662452093454,
      "test_ndcg": 0.7205382011236753,
      "train_align": 107.40310796101888,
      "train_edges": 40,
      "train_eval_time_sec": 16.72629340365529,
      "train_kl": 1340.2765401204426,
      "train_loss": 6.402073264122009,
      "train_lp": 0.3585974747935931,
      "train_meta": 0.2959781487782796,
      "train_ood_reg": 0.2223024070262909,
      "val_ap": 0.19306211982173666,
      "val_auc": 0.8420416666666667,
      "val_edges": 240,
      "val_ndcg": 0.7134557802048379
    },
    {
      "ablation": "baseline",
      "dataset": "synthetic",
      "few_shot_ratio": 1.0,
      "method": "lm_mlp",
      "params_total": 222721,
      "params_trainable": 222721,
      "scenario": "standard",
      "seed": 3,
      "test_ap": 0.14016870523559152,
      "test_auc": 0.7332184027777777,
      "test_edges": 240,
      "test_hits@1": 0.005,
      "test_hits@10": 0.125,
      "test_hits@100": 0.73,
      "test_hits@50": 0.51,
      "test_mrr": 0.054000363757587155,
      "test_ndcg": 0.6719215288436852,
      "train_edges": 40,
      "train_eval_time_sec": 10.977492693811655,
      "val_ap": 0.12550322861793398,
      "val_auc": 0.7687579861111111,
      "val_edges": 240,
      "val_ndcg": 0.6496034133232194
    },
    {
      "ablation": "baseline",
      "dataset": "synthetic",
      "few_shot_ratio": 1.0,
      "method": "structure_mlp",
      "params_total": 38977,
      "params_trainable": 38977,
      "scenario": "standard",
      "seed": 3,
      "test_ap": 0.08140917054249573,
      "test_auc": 0.5936541666666666,
      "test_edges": 240,
      "test_hits@1": 0.025,
      "test_hits@10": 0.15,
      "test_hits@100": 0.675,
      "test_hits@50": 0.41,
      "test_mrr": 0.07277158802989409,
      "test_ndcg": 0.6220042434423465,
      "train_edges": 40,
      "train_eval_time_sec": 8.198166407644749,
      "val_ap": 0.041040593982545504,
      "val_auc": 0.5103149305555555,
      "val_edges": 240,