{
  "best_candidate": {
    "model": {
      "adapter_rank": 16,
      "hidden_dim": 128,
      "relation_rank": 16,
      "temporal_layers": 1
    },
    "name": "h128_lr7e4_meta01_ood001",
    "train": {
      "lambda_align": 0.05,
      "lambda_kl": 0.0005,
      "lambda_meta": 0.01,
      "lambda_ood": 0.001,
      "lr": 0.0007
    }
  },
  "best_candidate_passes_minima": true,
  "best_validation_mean": 0.7052094784162092,
  "candidate_summaries": [
    {
      "candidate": "h96_lr1e3_meta005_ood001",
      "means": {
        "val_auc": 0.6598433801952236
      },
      "passes_metric_minima": true,
      "score": 0.6598433801952236,
      "seeds_completed": 2
    },
    {
      "candidate": "h96_lr7e4_meta01_ood001",
      "means": {
        "val_auc": 0.6519114657272262
      },
      "passes_metric_minima": true,
      "score": 0.6519114657272262,
      "seeds_completed": 2
    },
    {
      "candidate": "h128_lr7e4_meta01_ood001",
      "means": {
        "val_auc": 0.7052094784162092
      },
      "passes_metric_minima": true,
      "score": 0.7052094784162092,
      "seeds_completed": 2
    }
  ],
  "dataset": "yago15k-temporal",
  "environment": {
    "cuda_available": true,
    "cuda_capability": [
      7,
      0
    ],
    "cuda_device": "Tesla V100-PCIE-32GB",
    "python": "3.10.8",
    "torch": "2.5.1+cu121"
  },
  "formal_allowed": true,
  "leakage_control": {
    "selection_uses": "validation metrics only",
    "temporal_split": "strict train < validation < test",
    "test_usage": "not evaluated by this script"
  },
  "metric_minima": {},
  "metric_weights": {},
  "rows": [
    {
      "candidate": "h96_lr1e3_meta005_ood001",
      "seed": 1,
      "train_align": 296.30844008316427,
      "train_kl": 1200.050073752969,
      "train_loss": 15.933532422882015,
      "train_lp": 0.5152923382692418,
      "train_meta": 0.5149256565560729,
      "train_ood_reg": 0.21809692579810902,
      "train_weighted_align": 14.815422199919063,
      "train_weighted_kl": 0.6000250678951458,
      "train_weighted_meta": 0.002574628230847292,
      "train_weighted_ood_reg": 0.00021809693628140742,
      "val_ap": 0.15169917004908515,
      "val_auc": 0.6252167799646189,
      "val_ndcg": 0.800972661284199
    },
    {
      "candidate": "h96_lr1e3_meta005_ood001",
      "seed": 2,
      "train_align": 301.11183088916846,
      "train_kl": 1162.5039716171007,
      "train_loss": 16.17386666445409,
      "train_lp": 0.5341697291044866,
      "train_meta": 0.5242337966495652,
      "train_ood_reg": 0.23201203901888962,
      "train_weighted_align": 15.055591780439777,
      "train_weighted_kl": 0.5812520146433074,
      "train_weighted_meta": 0.0026211689238168174,
      "train_weighted_ood_reg": 0.00023201204971035438,
      "val_ap": 0.164574045378712,
      "val_auc": 0.6944699804258283,
      "val_ndcg": 0.8068500291712909
    },
    {
      "candidate": "h96_lr7e4_meta01_ood001",
      "seed": 1,
      "train_align": 304.3147196001926,
      "train_kl": 1188.5602365914037,
      "train_loss": 16.350046566482316,
      "train_lp": 0.5344889474622274,
      "train_meta": 0.5323372762334548,
      "train_ood_reg": 0.2179017247537435,
      "train_weighted_align": 15.215736206557791,
      "train_weighted_kl": 0.5942801483985731,
      "train_weighted_meta": 0.0053233726480896824,
      "train_weighted_ood_reg": 0.00021790173578064225,
      "val_ap": 0.14888970183653588,
      "val_auc": 0.622684429322192,
      "val_ndcg": 0.8002988840659468
    },
    {
      "candidate": "h96_lr7e4_meta01_ood001",
      "seed": 2,
      "train_align": 307.36923723705746,
      "train_kl": 1195.52525122691,
      "train_loss": 16.56217097831985,
      "train_lp": 0.5898554860535314,
      "train_meta": 0.585906828485303,
      "train_ood_reg": 0.23164634494963338,
      "train_weighted_align": 15.368462142550339,
      "train_weighted_kl": 0.5977626525307611,
      "train_weighted_meta": 0.005859068173607338,
      "train_weighted_ood_reg": 0.00023164635625770474,
      "val_ap": 0.14652250471768238,
      "val_auc": 0.6811385021322605,
      "val_ndcg": 0.7946178209100746
    },
    {
      "candidate": "h128_lr7e4_meta01_ood001",
      "seed": 1,
      "train_align": 218.01926983109976,
      "train_kl": 1834.7434619968221,
      "train_loss": 12.207308144766396,
      "train_lp": 0.38600215383497527,
      "train_meta": 0.27344822630254645,
      "train_ood_reg": 0.23616412572436413,
      "train_weighted_align": 10.900963673336527,
      "train_weighted_kl": 0.9173717746605813,
      "train_weighted_meta": 0.0027344821986905843,
      "train_weighted_ood_reg": 0.00023616413769343773,
      "val_ap": 0.17256368995702884,
      "val_auc": 0.7028097663108037,
      "val_ndcg": 0.8114382338189797
    },
    {
      "candidate": "h128_lr7e4_meta01_ood001",
      "seed": 2,
      "train_align": 232.4544942682072,
      "train_kl": 1751.5721592983957,
      "train_loss": 12.877203741442349,
      "train_lp": 0.3750145472349378,
      "train_meta": 0.3443785111688204,
      "train_ood_reg": 0.2343331353139069,
      "train_weighted_align": 11.622724963888778,
      "train_weighted_kl": 0.8757861164256425,
      "train_weighted_meta": 0.003443785061096867,
      "train_weighted_ood_reg": 0.00023433314752271714,
      "val_ap": 0.1798297270408292,
      "val_auc": 0.7076091905216146,
      "val_ndcg": 0.8176695041198939
    }
  ],
  "scenario": {
    "name": "standard"
  },
  "selection_metric": "val_auc",
  "selection_metrics": [
    "val_auc"
  ]
}