{
  "environment": {
    "cuda_available": true,
    "cuda_capability": [
      7,
      0
    ],
    "cuda_device": "Tesla V100-PCIE-32GB",
    "python": "3.10.8",
    "torch": "2.5.1+cu121"
  },
  "rows": [
    {
      "ablation": "full",
      "allocated_mb": 72.60009765625,
      "dataset": "icews05-15",
      "few_shot_ratio": 1.0,
      "max_allocated_mb": 7450.70263671875,
      "method": "ssptgfm",
      "params_total": 5322768,
      "params_trainable": 5322768,
      "reserved_mb": 7824.0,
      "rough_forward_flops": 24506974208,
      "scenario": "standard",
      "seed": 1,
      "test_ap": 0.7960896546058447,
      "test_auc": 0.93157629685914,
      "test_edges": 74087,
      "test_hits@1": 0.06,
      "test_hits@10": 0.365,
      "test_hits@100": 0.785,
      "test_hits@50": 0.645,
      "test_mrr": 0.15340476735358946,
      "test_ndcg": 0.9747323329472474,
      "train_align": 382.40168856878967,
      "train_edges": 326918,
      "train_eval_time_sec": 23910.234705988318,
      "train_kl": 553.7672752752205,
      "train_loss": 19.588056357061255,
      "train_lp": 0.1890237839095366,
      "train_meta": 0.19053301752429974,
      "train_ood_reg": 0.1588092649621244,
      "train_weighted_align": 19.120084766761046,
      "train_weighted_kl": 0.27688365023780637,
      "train_weighted_meta": 0.0019053301328197125,
      "train_weighted_ood_reg": 0.00015880927252150012,
      "val_ap": 0.8368910720032146,
      "val_auc": 0.950065851164976,
      "val_edges": 60324,
      "val_ndcg": 0.9802464580676594
    },
    {
      "ablation": "baseline",
      "dataset": "icews05-15",
      "few_shot_ratio": 1.0,
      "method": "lm_mlp",
      "params_total": 147329,
      "params_trainable": 147329,
      "scenario": "standard",
      "seed": 1,
      "test_ap": 0.7593774053016301,
      "test_auc": 0.9149159393473737,
      "test_edges": 74087,
      "test_hits@1": 0.065,
      "test_hits@10": 0.3,
      "test_hits@100": 0.625,
      "test_hits@50": 0.53,
      "test_mrr": 0.14239003688879945,
      "test_ndcg": 0.9686865604638317,
      "train_edges": 326918,
      "train_eval_time_sec": 1622.0529193356633,
      "val_ap": 0.8291771233533699,
      "val_auc": 0.9482483962033263,
      "val_edges": 60324,
      "val_ndcg": 0.9791320382554044
    },
    {
      "ablation": "baseline",
      "dataset": "icews05-15",
      "few_shot_ratio": 1.0,
      "method": "structure_mlp",
      "params_total": 49409,
      "params_trainable": 49409,
      "scenario": "standard",
      "seed": 1,
      "test_ap": 0.8385674310200966,
      "test_auc": 0.9392765663344681,
      "test_edges": 74087,
      "test_hits@1": 0.22,
      "test_hits@10": 0.63,
      "test_hits@100": 0.85,
      "test_hits@50": 0.82,
      "test_mrr": 0.3606774978292782,
      "test_ndcg": 0.9797262092108807,
      "train_edges": 326918,
      "train_eval_time_sec": 12167.669331647456,
      "val_ap": 0.8617391298327588,
      "val_auc": 0.9497434068136699,
      "val_edges": 60324,
      "val_ndcg": 0.982747437068291
    }
  ]
}