{
  "environment": {
    "cuda_available": true,
    "cuda_capability": [
      7,
      0
    ],
    "cuda_device": "Tesla V100-PCIE-32GB",
    "python": "3.10.8",
    "torch": "2.5.1+cu121"
  },
  "rows": [
    {
      "ablation": "full",
      "allocated_mb": 48.81201171875,
      "dataset": "tkgl-yago",
      "few_shot_ratio": 1.0,
      "max_allocated_mb": 8346.5517578125,
      "method": "ssptgfm",
      "params_total": 2230544,
      "params_trainable": 2230544,
      "reserved_mb": 8522.0,
      "rough_forward_flops": 24227184640,
      "scenario": "label_split",
      "seed": 2,
      "test_ap": 0.8777381644145081,
      "test_auc": 0.950229770084469,
      "test_edges": 40052,
      "test_hits@1": 0.77,
      "test_hits@10": 0.85,
      "test_hits@100": 0.91,
      "test_hits@50": 0.9,
      "test_mrr": 0.7949427630456101,
      "test_ndcg": 0.9836009429251266,
      "train_align": 13935.643779578575,
      "train_edges": 323080,
      "train_eval_time_sec": 1816.058391135186,
      "train_kl": 74885.86617588141,
      "train_loss": 734.3727693802272,
      "train_lp": 0.14601706859584038,
      "train_meta": 0.1382123718046037,
      "train_ood_reg": 0.22811690240334243,
      "train_weighted_align": 696.7822019136869,
      "train_weighted_kl": 37.44293480408497,
      "train_weighted_meta": 0.0013821236886679472,
      "train_weighted_ood_reg": 0.00022811691346876802,
      "val_ap": 0.8283453591201642,
      "val_auc": 0.9337181284074387,
      "val_edges": 39046,
      "val_ndcg": 0.9766285026059186
    },
    {
      "ablation": "baseline",
      "dataset": "tkgl-yago",
      "few_shot_ratio": 1.0,
      "method": "lm_mlp",
      "params_total": 117761,
      "params_trainable": 117761,
      "scenario": "label_split",
      "seed": 2,
      "test_ap": 0.3989711194444646,
      "test_auc": 0.8311049898028299,
      "test_edges": 40052,
      "test_hits@1": 0.0,
      "test_hits@10": 0.0,
      "test_hits@100": 0.26,
      "test_hits@50": 0.13,
      "test_mrr": 0.0073066175828005375,
      "test_ndcg": 0.9043318014588623,
      "train_edges": 323080,
      "train_eval_time_sec": 623.324589766562,
      "val_ap": 0.43549802109981794,
      "val_auc": 0.8689874114663354,
      "val_edges": 39046,
      "val_ndcg": 0.9125943587585211
    },
    {
      "ablation": "baseline",
      "dataset": "tkgl-yago",
      "few_shot_ratio": 1.0,
      "method": "structure_mlp",
      "params_total": 19841,
      "params_trainable": 19841,
      "scenario": "label_split",
      "seed": 2,
      "test_ap": 0.9060231203285323,
      "test_auc": 0.9541432137360053,
      "test_edges": 40052,
      "test_hits@1": 0.855,
      "test_hits@10": 0.92,
      "test_hits@100": 0.925,
      "test_hits@50": 0.92,
      "test_mrr": 0.8875951917134728,
      "test_ndcg": 0.9860949715921123,
      "train_edges": 323080,
      "train_eval_time_sec": 1906.0553466826677,
      "val_ap": 0.8495864662518954,
      "val_auc": 0.9370696734531369,
      "val_edges": 39046,
      "val_ndcg": 0.9780618579423854
    }
  ]
}