{
  "best_candidate": {
    "model": {
      "adapter_rank": 12,
      "hidden_dim": 96,
      "relation_rank": 12,
      "temporal_layers": 1
    },
    "name": "h96_lr1e3_meta005_ood001",
    "train": {
      "lambda_align": 0.05,
      "lambda_kl": 0.0005,
      "lambda_meta": 0.005,
      "lambda_ood": 0.001,
      "lr": 0.001
    }
  },
  "best_validation_mean": 0.9480699016494099,
  "dataset": "icews05-15",
  "environment": {
    "cuda_available": true,
    "cuda_capability": [
      7,
      0
    ],
    "cuda_device": "Tesla V100-PCIE-32GB",
    "python": "3.10.8",
    "torch": "2.5.1+cu121"
  },
  "leakage_control": {
    "selection_uses": "validation metrics only",
    "temporal_split": "strict train < validation < test",
    "test_usage": "not evaluated by this script"
  },
  "rows": [
    {
      "candidate": "h96_lr1e3_meta005_ood001",
      "seed": 1,
      "train_align": 383.6967899885011,
      "train_kl": 548.5573603692152,
      "train_loss": 19.66517356342372,
      "train_lp": 0.20489385637793622,
      "train_meta": 0.20317412907395502,
      "train_ood_reg": 0.14529938230901288,
      "val_ap": 0.8215237406607201,
      "val_auc": 0.9467402533595952,
      "val_ndcg": 0.9784969617511313
    },
    {
      "candidate": "h96_lr1e3_meta005_ood001",
      "seed": 2,
      "train_align": 381.27406915894016,
      "train_kl": 457.898441723851,
      "train_loss": 19.487373437248742,
      "train_lp": 0.19362233272229848,
      "train_meta": 0.1911255370882515,
      "train_ood_reg": 0.1424926161363175,
      "val_ap": 0.8245097310176664,
      "val_auc": 0.9493995499392245,
      "val_ndcg": 0.9790409214002884
    },
    {
      "candidate": "h96_lr7e4_meta01_ood001",
      "seed": 1,
      "train_align": 386.5685940202722,
      "train_kl": 679.2853717227205,
      "train_loss": 19.873597791613907,
      "train_lp": 0.20333751035262496,
      "train_meta": 0.2029000932306193,
      "train_ood_reg": 0.158584209538702,
      "val_ap": 0.8274021800802512,
      "val_auc": 0.9468779392949053,
      "val_ndcg": 0.9789483139355591
    },
    {
      "candidate": "h96_lr7e4_meta01_ood001",
      "seed": 2,
      "train_align": 381.4536922928787,
      "train_kl": 416.7480828004645,
      "train_loss": 19.47727015011254,
      "train_lp": 0.19416823552219692,
      "train_meta": 0.188888731673499,
      "train_ood_reg": 0.1540119625662451,
      "val_ap": 0.8264844257646831,
      "val_auc": 0.9467300418857238,
      "val_ndcg": 0.9788006344594627
    },
    {
      "candidate": "h128_lr7e4_meta01_ood001",
      "seed": 1,
      "train_align": 382.4176817006464,
      "train_kl": 558.3387946526125,
      "train_loss": 19.591462864035265,
      "train_lp": 0.18933054629735827,
      "train_meta": 0.1919982175126805,
      "train_ood_reg": 0.15850291436929714,
      "val_ap": 0.8365481158760663,
      "val_auc": 0.9483663148819772,
      "val_ndcg": 0.9799530350993418
    },
    {
      "candidate": "h128_lr7e4_meta01_ood001",
      "seed": 2,
      "train_align": 382.4282647081645,
      "train_kl": 503.04254941014113,
      "train_loss": 19.566007834382432,
      "train_lp": 0.19100247003199028,
      "train_meta": 0.19068404207046186,
      "train_ood_reg": 0.16370996194605045,
      "val_ap": 0.8294475018949887,
      "val_auc": 0.9475235624880469,
      "val_ndcg": 0.9792585853222041
    },
    {
      "candidate": "h128_lr5e4_align01_meta005_ood005",
      "seed": 1,
      "train_align": 383.79976809096905,
      "train_kl": 548.4908671126337,
      "train_loss": 39.12335368648452,
      "train_lp": 0.19308884227823975,
      "train_meta": 0.19458148101552106,
      "train_ood_reg": 0.16472375647362675,
      "val_ap": 0.8342304069758807,
      "val_auc": 0.9481761320687574,
      "val_ndcg": 0.9797370141944429
    },
    {
      "candidate": "h128_lr5e4_align01_meta005_ood005",
      "seed": 2,
      "train_align": 382.8879867470252,
      "train_kl": 508.3285052280161,
      "train_loss": 38.99404358314645,
      "train_lp": 0.19508165690275284,
      "train_meta": 0.19734587096677095,
      "train_ood_reg": 0.16946513969908403,
      "val_ap": 0.8188343373093308,
      "val_auc": 0.9450017645524899,
      "val_ndcg": 0.9779365618809384
    }
  ],
  "scenario": {
    "name": "standard"
  },
  "selection_metric": "val_auc"
}