{
  "environment": {
    "cuda_available": true,
    "cuda_capability": [
      7,
      0
    ],
    "cuda_device": "Tesla V100-PCIE-32GB",
    "python": "3.10.8",
    "torch": "2.5.1+cu121"
  },
  "rows": [
    {
      "ablation": "full",
      "allocated_mb": 31.658203125,
      "dataset": "synthetic",
      "few_shot_ratio": 1.0,
      "max_allocated_mb": 150.46484375,
      "method": "ssptgfm",
      "params_total": 1966288,
      "params_trainable": 1966288,
      "reserved_mb": 206.0,
      "rough_forward_flops": 403587072,
      "scenario": "ood_time",
      "seed": 1,
      "test_ap": 0.19970895327217714,
      "test_auc": 0.856242361111111,
      "test_edges": 240,
      "test_hits@1": 0.03,
      "test_hits@10": 0.22,
      "test_hits@100": 0.795,
      "test_hits@50": 0.705,
      "test_mrr": 0.08814621641510387,
      "test_ndcg": 0.7268532854586447,
      "train_align": 159.82854584285192,
      "train_edges": 1120,
      "train_eval_time_sec": 80.6456448584795,
      "train_kl": 1803.1433933803014,
      "train_loss": 9.405851398195539,
      "train_lp": 0.507617055571505,
      "train_meta": 0.5017955848681075,
      "train_ood_reg": 0.21739164500364236,
      "val_ap": 0.20537380842666061,
      "val_auc": 0.8626916666666666,
      "val_edges": 240,
      "val_ndcg": 0.730515514039887
    },
    {
      "ablation": "baseline",
      "dataset": "synthetic",
      "few_shot_ratio": 1.0,
      "method": "lm_mlp",
      "params_total": 222721,
      "params_trainable": 222721,
      "scenario": "ood_time",
      "seed": 1,
      "test_ap": 0.18091621956544823,
      "test_auc": 0.8484100694444444,
      "test_edges": 240,
      "test_hits@1": 0.02,
      "test_hits@10": 0.225,
      "test_hits@100": 0.83,
      "test_hits@50": 0.73,
      "test_mrr": 0.09523687314229135,
      "test_ndcg": 0.7086152168363163,
      "train_edges": 1120,
      "train_eval_time_sec": 43.236750684678555,
      "val_ap": 0.1912157982389969,
      "val_auc": 0.8427868055555554,
      "val_edges": 240,
      "val_ndcg": 0.6987213660339348
    },
    {
      "ablation": "baseline",
      "dataset": "synthetic",
      "few_shot_ratio": 1.0,
      "method": "structure_mlp",
      "params_total": 38977,
      "params_trainable": 38977,
      "scenario": "ood_time",
      "seed": 1,
      "test_ap": 0.19394920756208833,
      "test_auc": 0.8530986111111112,
      "test_edges": 240,
      "test_hits@1": 0.02,
      "test_hits@10": 0.25,
      "test_hits@100": 0.825,
      "test_hits@50": 0.765,
      "test_mrr": 0.10177021352553511,
      "test_ndcg": 0.6996905251737174,
      "train_edges": 1120,
      "train_eval_time_sec": 41.49466099217534,
      "val_ap": 0.2000485078136705,
      "val_auc": 0.8392145833333333,
      "val_edges": 240,
      "val_ndcg": 0.7070301492571688
    },
    {
      "ablation": "full",
      "allocated_mb": 31.9580078125,
      "dataset": "synthetic",
      "few_shot_ratio": 1.0,
      "max_allocated_mb": 150.7646484375,
      "method": "ssptgfm",
      "params_total": 1966288,
      "params_trainable": 1966288,
      "reserved_mb": 208.0,
      "rough_forward_flops": 403587072,
      "scenario": "ood_time",
      "seed": 2,
      "test_ap": 0.19759339089490682,
      "test_auc": 0.855270138888889,
      "test_edges": 240,
      "test_hits@1": 0.025,
      "test_hits@10": 0.225,
      "test_hits@100": 0.75,
      "test_hits@50": 0.67,
      "test_mrr": 0.09014952876950863,
      "test_ndcg": 0.7128229004369613,
      "train_align": 161.2478265762329,
      "train_edges": 1120,
      "train_eval_time_sec": 77.19004087150097,
      "train_kl": 1806.6515633719307,
      "train_loss": 9.474949376923698,
      "train_lp": 0.5038823309753623,
      "train_meta": 0.5115491447171995,
      "train_ood_reg": 0.2343108244240284,
      "val_ap": 0.2101179568179072,
      "val_auc": 0.8838166666666667,
      "val_edges": 240,
      "val_ndcg": 0.7162562650864256
    },
    {
      "ablation": "baseline",
      "dataset": "synthetic",
      "few_shot_ratio": 1.0,
      "method": "lm_mlp",
      "params_total": 222721,
      "params_trainable": 222721,
      "scenario": "ood_time",
      "seed": 2,
      "test_ap": 0.19390098638007003,
      "test_auc": 0.8597374999999999,
      "test_edges": 240,
      "test_hits@1": 0.02,
      "test_hits@10": 0.245,
      "test_hits@100": 0.82,
      "test_hits@50": 0.745,
      "test_mrr": 0.0903511147439317,
      "test_ndcg": 0.7036020035788757,
      "train_edges": 1120,
      "train_eval_time_sec": 40.543279245495796,
      "val_ap": 0.18404762139119865,
      "val_auc": 0.8462069444444444,
      "val_edges": 240,
      "val_ndcg": 0.7093556043036399
    },
    {
      "ablation": "baseline",
      "dataset": "synthetic",
      "few_shot_ratio": 1.0,
      "method": "structure_mlp",
      "params_total": 38977,
      "params_trainable": 38977,
      "scenario": "ood_time",
      "seed": 2,
      "test_ap": 0.20381398864131486,
      "test_auc": 0.8562583333333332,
      "test_edges": 240,
      "test_hits@1": 0.02,
      "test_hits@10": 0.25,
      "test_hits@100": 0.82,
      "test_hits@50": 0.765,
      "test_mrr": 0.10125926764522053,
      "test_ndcg": 0.7109767366214195,
      "train_edges": 1120,
      "train_eval_time_sec": 52.18734926357865,
      "val_ap": 0.18762792986660237,
      "val_auc": 0.839061111111111,
      "val_edges": 240,
      "val_ndcg": 0.7053843224248988
    },
    {
      "ablation": "full",
      "allocated_mb": 31.9580078125,
      "dataset": "synthetic",
      "few_shot_ratio": 1.0,
      "max_allocated_mb": 150.7646484375,
      "method": "ssptgfm",
      "params_total": 1966288,
      "params_trainable": 1966288,
      "reserved_mb": 208.0,
      "rough_forward_flops": 403587072,
      "scenario": "ood_time",
      "seed": 3,
      "test_ap": 0.19838133032952662,
      "test_auc": 0.8672361111111111,
      "test_edges": 240,
      "test_hits@1": 0.02,
      "test_hits@10": 0.185,
      "test_hits@100": 0.76,
      "test_hits@50": 0.665,
      "test_mrr": 0.08350326334761718,
      "test_ndcg": 0.7214973346626685,
      "train_align": 162.33870356423515,
      "train_edges": 1120,
      "train_eval_time_sec": 76.90931141003966,
      "train_kl": 1790.5943494524274,
      "train_loss": 9.545003584453038,
      "train_lp": 0.5272395637418542,
      "train_meta": 0.5298326502421072,
      "train_ood_reg": 0.2332483053739582,
      "val_ap": 0.19387571119182906,
      "val_auc": 0.8794027777777778,
      "val_edges": 240,
      "val_ndcg": 0.6998538651884436
    },
    {
      "ablation": "baseline",
      "dataset": "synthetic",
      "few_shot_ratio": 1.0,
      "method": "lm_mlp",
      "params_total": 222721,
      "params_trainable": 222721,
      "scenario": "ood_time",
      "seed": 3,
      "test_ap": 0.1853940799193871,
      "test_auc": 0.8571746527777777,
      "test_edges": 240,
      "test_hits@1": 0.03,
      "test_hits@10": 0.205,
      "test_hits@100": 0.835,
      "test_hits@50": 0.74,
      "test_mrr": 0.09848654380504358,
      "test_ndcg": 0.6956224123848181,
      "train_edges": 1120,
      "train_eval_time_sec": 42.86231032386422,
      "val_ap": 0.17957856253723262,
      "val_auc": 0.8459913194444444,
      "val_edges": 240,
      "val_ndcg": 0.6912285929404118
    },
    {
      "ablation": "baseline",
      "dataset": "synthetic",
      "few_shot_ratio": 1.0,
      "method": "structure_mlp",
      "params_total": 38977,
      "params_trainable": 38977,
      "scenario": "ood_time",
      "seed": 3,
      "test_ap": 0.20057617391305518,
      "test_auc": 0.8602128472222222,
      "test_edges": 240,
      "test_hits@1": 0.015,
      "test_hits@10": 0.24,
      "test_hits@100": 0.82,
      "test_hits@50": 0.775,
      "test_mrr": 0.09693887130522778,
      "test_ndcg": 0.706116171435185,
      "train_edges": 1120,
      "train_eval_time_sec": 44.53227216005325,
      "val_ap": 0.17859292275818703,
      "val_auc": 0.8380635416666666,
      "val_edges": 240,