{
  "environment": {
    "cuda_available": true,
    "cuda_capability": [
      7,
      0
    ],
    "cuda_device": "Tesla V100-PCIE-32GB",
    "python": "3.10.8",
    "torch": "2.5.1+cu121"
  },
  "rows": [
    {
      "ablation": "full",
      "allocated_mb": 31.658203125,
      "dataset": "synthetic",
      "few_shot_ratio": 1.0,
      "max_allocated_mb": 71.60205078125,
      "method": "ssptgfm",
      "params_total": 1966288,
      "params_trainable": 1966288,
      "reserved_mb": 96.0,
      "rough_forward_flops": 52150272,
      "scenario": "standard",
      "seed": 1,
      "test_ap": 0.14294633501550555,
      "test_auc": 0.7467506944444444,
      "test_edges": 240,
      "test_hits@1": 0.02,
      "test_hits@10": 0.15,
      "test_hits@100": 0.8,
      "test_hits@50": 0.6,
      "test_mrr": 0.0693767407866395,
      "test_ndcg": 0.6769461068568151,
      "train_align": 94.34610271453857,
      "train_edges": 20,
      "train_eval_time_sec": 16.82742105424404,
      "train_kl": 1095.4591751098633,
      "train_loss": 5.383549749851227,
      "train_lp": 0.11710455059073865,
      "train_meta": 0.11925988434813917,
      "train_ood_reg": 0.21798550337553024,
      "val_ap": 0.16026781998306608,
      "val_auc": 0.7994840277777777,
      "val_edges": 240,
      "val_ndcg": 0.6873892519379108
    },
    {
      "ablation": "baseline",
      "dataset": "synthetic",
      "few_shot_ratio": 1.0,
      "method": "lm_mlp",
      "params_total": 222721,
      "params_trainable": 222721,
      "scenario": "standard",
      "seed": 1,
      "test_ap": 0.09218037572895615,
      "test_auc": 0.7028288194444445,
      "test_edges": 240,
      "test_hits@1": 0.0,
      "test_hits@10": 0.075,
      "test_hits@100": 0.655,
      "test_hits@50": 0.42,
      "test_mrr": 0.03678663723961875,
      "test_ndcg": 0.6251104116741353,
      "train_edges": 20,
      "train_eval_time_sec": 11.134072002023458,
      "val_ap": 0.1033074264717811,
      "val_auc": 0.749478125,
      "val_edges": 240,
      "val_ndcg": 0.6369972093525654
    },
    {
      "ablation": "baseline",
      "dataset": "synthetic",
      "few_shot_ratio": 1.0,
      "method": "structure_mlp",
      "params_total": 38977,
      "params_trainable": 38977,
      "scenario": "standard",
      "seed": 1,
      "test_ap": 0.038097661177226905,
      "test_auc": 0.4878493055555555,
      "test_edges": 240,
      "test_hits@1": 0.015,
      "test_hits@10": 0.055,
      "test_hits@100": 0.44,
      "test_hits@50": 0.28,
      "test_mrr": 0.03557286414357172,
      "test_ndcg": 0.5451041039885186,
      "train_edges": 20,
      "train_eval_time_sec": 6.811017274856567,
      "val_ap": 0.03878657691914185,
      "val_auc": 0.5014607638888888,
      "val_edges": 240,
      "val_ndcg": 0.5551330207949434
    },
    {
      "ablation": "full",
      "allocated_mb": 31.9580078125,
      "dataset": "synthetic",
      "few_shot_ratio": 1.0,
      "max_allocated_mb": 71.90185546875,
      "method": "ssptgfm",
      "params_total": 1966288,
      "params_trainable": 1966288,
      "reserved_mb": 96.0,
      "rough_forward_flops": 52150272,
      "scenario": "standard",
      "seed": 2,
      "test_ap": 0.16600385714507157,
      "test_auc": 0.7850434027777777,
      "test_edges": 240,
      "test_hits@1": 0.03,
      "test_hits@10": 0.18,
      "test_hits@100": 0.75,
      "test_hits@50": 0.675,
      "test_mrr": 0.09102783098432664,
      "test_ndcg": 0.6973854475080484,
      "train_align": 88.06181812286377,
      "train_edges": 20,
      "train_eval_time_sec": 15.131225787103176,
      "train_kl": 1020.442268371582,
      "train_loss": 5.099630385637283,
      "train_lp": 0.1833505630493164,
      "train_meta": 0.276053823530674,
      "train_ood_reg": 0.20730547606945038,
      "val_ap": 0.1668542042432189,
      "val_auc": 0.8212472222222222,
      "val_edges": 240,
      "val_ndcg": 0.6892504953147272
    },
    {
      "ablation": "baseline",
      "dataset": "synthetic",
      "few_shot_ratio": 1.0,
      "method": "lm_mlp",
      "params_total": 222721,
      "params_trainable": 222721,
      "scenario": "standard",
      "seed": 2,
      "test_ap": 0.11055294595355493,
      "test_auc": 0.6878243055555555,
      "test_edges": 240,
      "test_hits@1": 0.0,
      "test_hits@10": 0.06,
      "test_hits@100": 0.7,
      "test_hits@50": 0.425,
      "test_mrr": 0.033912908885801965,
      "test_ndcg": 0.6528440386753089,
      "train_edges": 20,
      "train_eval_time_sec": 8.459953594952822,
      "val_ap": 0.11854472811406218,
      "val_auc": 0.7428635416666666,
      "val_edges": 240,
      "val_ndcg": 0.6499294545074691
    },
    {
      "ablation": "baseline",
      "dataset": "synthetic",
      "few_shot_ratio": 1.0,
      "method": "structure_mlp",
      "params_total": 38977,
      "params_trainable": 38977,
      "scenario": "standard",
      "seed": 2,
      "test_ap": 0.05898934073007537,
      "test_auc": 0.5181444444444445,
      "test_edges": 240,
      "test_hits@1": 0.025,
      "test_hits@10": 0.11,
      "test_hits@100": 0.44,
      "test_hits@50": 0.26,
      "test_mrr": 0.062183900391545664,
      "test_ndcg": 0.5885484566266509,
      "train_edges": 20,
      "train_eval_time_sec": 6.025783348828554,
      "val_ap": 0.03867063612541415,
      "val_auc": 0.4987437499999999,
      "val_edges": 240,
      "val_ndcg": 0.5550652049416831
    },
    {
      "ablation": "full",
      "allocated_mb": 31.9580078125,
      "dataset": "synthetic",
      "few_shot_ratio": 1.0,
      "max_allocated_mb": 71.90185546875,
      "method": "ssptgfm",
      "params_total": 1966288,
      "params_trainable": 1966288,
      "reserved_mb": 96.0,
      "rough_forward_flops": 52150272,
      "scenario": "standard",
      "seed": 3,
      "test_ap": 0.13322656214080725,
      "test_auc": 0.7434006944444446,
      "test_edges": 240,
      "test_hits@1": 0.045,
      "test_hits@10": 0.195,
      "test_hits@100": 0.73,
      "test_hits@50": 0.56,
      "test_mrr": 0.09716119812856654,
      "test_ndcg": 0.6720329864811223,
      "train_align": 83.6355848312378,
      "train_edges": 20,
      "train_eval_time_sec": 13.738263539969921,
      "train_kl": 963.2491760253906,
      "train_loss": 4.849160760641098,
      "train_lp": 0.1844535805284977,
      "train_meta": 0.10804946720600128,
      "train_ood_reg": 0.22273516654968262,
      "val_ap": 0.11410895327324191,
      "val_auc": 0.7313236111111111,
      "val_edges": 240,
      "val_ndcg": 0.6507934636897778
    },
    {
      "ablation": "baseline",
      "dataset": "synthetic",
      "few_shot_ratio": 1.0,
      "method": "lm_mlp",
      "params_total": 222721,
      "params_trainable": 222721,
      "scenario": "standard",
      "seed": 3,
      "test_ap": 0.11792533005635444,
      "test_auc": 0.6912329861111112,
      "test_edges": 240,
      "test_hits@1": 0.0,
      "test_hits@10": 0.075,
      "test_hits@100": 0.7,
      "test_hits@50": 0.405,
      "test_mrr": 0.03609803343701398,
      "test_ndcg": 0.6487601104064454,
      "train_edges": 20,
      "train_eval_time_sec": 8.230736061930656,
      "val_ap": 0.11362045138008342,
      "val_auc": 0.742896875,
      "val_edges": 240,
      "val_ndcg": 0.6419384271459688
    },
    {
      "ablation": "baseline",
      "dataset": "synthetic",
      "few_shot_ratio": 1.0,
      "method": "structure_mlp",
      "params_total": 38977,
      "params_trainable": 38977,
      "scenario": "standard",
      "seed": 3,
      "test_ap": 0.07400588124794186,
      "test_auc": 0.5585982638888889,
      "test_edges": 240,
      "test_hits@1": 0.03,
      "test_hits@10": 0.145,
      "test_hits@100": 0.56,
      "test_hits@50": 0.345,
      "test_mrr": 0.07610348934306732,
      "test_ndcg": 0.6176652795178776,
      "train_edges": 20,
      "train_eval_time_sec": 8.240832887589931,
      "val_ap": 0.03866543008144107,
      "val_auc": 0.5009243055555556,
      "val_edges": 240,