{
  "environment": {
    "cuda_available": true,
    "cuda_capability": [
      7,
      0
    ],
    "cuda_device": "Tesla V100-PCIE-32GB",
    "python": "3.10.8",
    "torch": "2.5.1+cu121"
  },
  "rows": [
    {
      "ablation": "full",
      "allocated_mb": 28.1728515625,
      "dataset": "synthetic",
      "few_shot_ratio": 1.0,
      "max_allocated_mb": 61.14208984375,
      "method": "ssptgfm",
      "params_total": 1966288,
      "params_trainable": 1966288,
      "reserved_mb": 76.0,
      "rough_forward_flops": 47038464,
      "scenario": "standard",
      "seed": 1,
      "test_ap": 0.10447812786120371,
      "test_auc": 0.7137,
      "test_edges": 240,
      "test_hits@1": 0.01,
      "test_hits@10": 0.14,
      "test_hits@100": 0.63,
      "test_hits@50": 0.405,
      "test_mrr": 0.05790449314043406,
      "test_ndcg": 0.653470545461314,
      "train_align": 16.18744468688965,
      "train_edges": 4,
      "train_eval_time_sec": 18.590174924582243,
      "train_kl": 401.5771484375,
      "train_loss": 1.9973887205123901,
      "train_lp": 0.9854888319969177,
      "train_meta": 0.3074377775192261,
      "train_ood_reg": 0.2018027901649475,
      "val_ap": 0.10343017374842392,
      "val_auc": 0.7109798611111112,
      "val_edges": 240,
      "val_ndcg": 0.6465926975886197
    },
    {
      "ablation": "baseline",
      "dataset": "synthetic",
      "few_shot_ratio": 1.0,
      "method": "lm_mlp",
      "params_total": 222721,
      "params_trainable": 222721,
      "scenario": "standard",
      "seed": 1,
      "test_ap": 0.08890748066842061,
      "test_auc": 0.6178190972222222,
      "test_edges": 240,
      "test_hits@1": 0.015,
      "test_hits@10": 0.11,
      "test_hits@100": 0.575,
      "test_hits@50": 0.42,
      "test_mrr": 0.054748678510626626,
      "test_ndcg": 0.6174157053197226,
      "train_edges": 4,
      "train_eval_time_sec": 8.415423978120089,
      "val_ap": 0.09078307357148344,
      "val_auc": 0.6464645833333333,
      "val_edges": 240,
      "val_ndcg": 0.6157049465072427
    },
    {
      "ablation": "baseline",
      "dataset": "synthetic",
      "few_shot_ratio": 1.0,
      "method": "structure_mlp",
      "params_total": 38977,
      "params_trainable": 38977,
      "scenario": "standard",
      "seed": 1,
      "test_ap": 0.04291246172467622,
      "test_auc": 0.5466239583333333,
      "test_edges": 240,
      "test_hits@1": 0.005,
      "test_hits@10": 0.06,
      "test_hits@100": 0.44,
      "test_hits@50": 0.18,
      "test_mrr": 0.0294401032613962,
      "test_ndcg": 0.5563505771457591,
      "train_edges": 4,
      "train_eval_time_sec": 5.6194480471313,
      "val_ap": 0.03843772038630314,
      "val_auc": 0.5002927083333334,
      "val_edges": 240,
      "val_ndcg": 0.5506241097709619
    },
    {
      "ablation": "full",
      "allocated_mb": 28.47265625,
      "dataset": "synthetic",
      "few_shot_ratio": 1.0,
      "max_allocated_mb": 61.44189453125,
      "method": "ssptgfm",
      "params_total": 1966288,
      "params_trainable": 1966288,
      "reserved_mb": 78.0,
      "rough_forward_flops": 47038464,
      "scenario": "standard",
      "seed": 2,
      "test_ap": 0.10163268017015537,
      "test_auc": 0.7151208333333333,
      "test_edges": 240,
      "test_hits@1": 0.01,
      "test_hits@10": 0.155,
      "test_hits@100": 0.675,
      "test_hits@50": 0.535,
      "test_mrr": 0.06582940805889964,
      "test_ndcg": 0.653565123092271,
      "train_align": 20.84914779663086,
      "train_edges": 4,
      "train_eval_time_sec": 15.535806462168694,
      "train_kl": 440.1222229003906,
      "train_loss": 1.4796257019042969,
      "train_lp": 0.21588781476020813,
      "train_meta": 0.20863094925880432,
      "train_ood_reg": 0.1761075258255005,
      "val_ap": 0.11826067922074476,
      "val_auc": 0.7463631944444444,
      "val_edges": 240,
      "val_ndcg": 0.6529442550182275
    },
    {
      "ablation": "baseline",
      "dataset": "synthetic",
      "few_shot_ratio": 1.0,
      "method": "lm_mlp",
      "params_total": 222721,
      "params_trainable": 222721,
      "scenario": "standard",
      "seed": 2,
      "test_ap": 0.06101121979570235,
      "test_auc": 0.65124375,
      "test_edges": 240,
      "test_hits@1": 0.005,
      "test_hits@10": 0.1,
      "test_hits@100": 0.54,
      "test_hits@50": 0.44,
      "test_mrr": 0.03705641280564056,
      "test_ndcg": 0.5791648993568251,
      "train_edges": 4,
      "train_eval_time_sec": 7.711389843374491,
      "val_ap": 0.06495981557330303,
      "val_auc": 0.6910760416666666,
      "val_edges": 240,
      "val_ndcg": 0.5808655849169377
    },
    {
      "ablation": "baseline",
      "dataset": "synthetic",
      "few_shot_ratio": 1.0,
      "method": "structure_mlp",
      "params_total": 38977,
      "params_trainable": 38977,
      "scenario": "standard",
      "seed": 2,
      "test_ap": 0.034373674685443334,
      "test_auc": 0.4605930555555555,
      "test_edges": 240,
      "test_hits@1": 0.03,
      "test_hits@10": 0.115,
      "test_hits@100": 0.44,
      "test_hits@50": 0.215,
      "test_mrr": 0.06655842141579794,
      "test_ndcg": 0.5397740856014837,
      "train_edges": 4,
      "train_eval_time_sec": 7.0698660127818584,
      "val_ap": 0.03853484238703766,
      "val_auc": 0.5001583333333333,
      "val_edges": 240,
      "val_ndcg": 0.552789959411664
    },
    {
      "ablation": "full",
      "allocated_mb": 28.47265625,
      "dataset": "synthetic",
      "few_shot_ratio": 1.0,
      "max_allocated_mb": 61.44189453125,
      "method": "ssptgfm",
      "params_total": 1966288,
      "params_trainable": 1966288,
      "reserved_mb": 78.0,
      "rough_forward_flops": 47038464,
      "scenario": "standard",
      "seed": 3,
      "test_ap": 0.0855600323508938,
      "test_auc": 0.6892958333333333,
      "test_edges": 240,
      "test_hits@1": 0.01,
      "test_hits@10": 0.115,
      "test_hits@100": 0.655,
      "test_hits@50": 0.48,
      "test_mrr": 0.0577756345210644,
      "test_ndcg": 0.6313361491495363,
      "train_align": 21.286806106567383,
      "train_edges": 4,
      "train_eval_time_sec": 15.282097600400448,
      "train_kl": 451.98284912109375,
      "train_loss": 1.2924708127975464,
      "train_lp": 0.0019391215173527598,
      "train_meta": 0.002378630917519331,
      "train_ood_reg": 0.1880350261926651,
      "val_ap": 0.0789391693884271,
      "val_auc": 0.680901388888889,
      "val_edges": 240,
      "val_ndcg": 0.6187519439592067
    },
    {
      "ablation": "baseline",
      "dataset": "synthetic",
      "few_shot_ratio": 1.0,
      "method": "lm_mlp",
      "params_total": 222721,
      "params_trainable": 222721,
      "scenario": "standard",
      "seed": 3,
      "test_ap": 0.11492861780856234,
      "test_auc": 0.6311156250000001,
      "test_edges": 240,
      "test_hits@1": 0.0,
      "test_hits@10": 0.1,
      "test_hits@100": 0.575,
      "test_hits@50": 0.435,
      "test_mrr": 0.04045824643266979,
      "test_ndcg": 0.6454696623845098,
      "train_edges": 4,
      "train_eval_time_sec": 6.972375366836786,
      "val_ap": 0.11608552005363693,
      "val_auc": 0.6704059027777778,
      "val_edges": 240,
      "val_ndcg": 0.6509856890072031
    },
    {
      "ablation": "baseline",
      "dataset": "synthetic",
      "few_shot_ratio": 1.0,
      "method": "structure_mlp",
      "params_total": 38977,
      "params_trainable": 38977,
      "scenario": "standard",
      "seed": 3,
      "test_ap": 0.04049788442788911,
      "test_auc": 0.5193052083333334,
      "test_edges": 240,
      "test_hits@1": 0.03,
      "test_hits@10": 0.135,
      "test_hits@100": 0.575,
      "test_hits@50": 0.32,
      "test_mrr": 0.07107770103748788,
      "test_ndcg": 0.5564349164525745,
      "train_edges": 4,
      "train_eval_time_sec": 6.4798935279250145,
      "val_ap": 0.03849697245398089,
      "val_auc": 0.5003947916666667,
      "val_edges": 240,