{
  "environment": {
    "cuda_available": true,
    "cuda_capability": [
      7,
      0
    ],
    "cuda_device": "Tesla V100-PCIE-32GB",
    "python": "3.10.8",
    "torch": "2.5.1+cu121"
  },
  "rows": [
    {
      "ablation": "full",
      "allocated_mb": 48.81201171875,
      "dataset": "tkgl-yago",
      "few_shot_ratio": 1.0,
      "max_allocated_mb": 8345.5107421875,
      "method": "ssptgfm",
      "params_total": 2230544,
      "params_trainable": 2230544,
      "reserved_mb": 8522.0,
      "rough_forward_flops": 24227184640,
      "scenario": "label_split",
      "seed": 4,
      "test_ap": 0.898142475652459,
      "test_auc": 0.9526070390114245,
      "test_edges": 40052,
      "test_hits@1": 0.84,
      "test_hits@10": 0.91,
      "test_hits@100": 0.92,
      "test_hits@50": 0.92,
      "test_mrr": 0.8718216245095556,
      "test_ndcg": 0.9856263599263887,
      "train_align": 17204.05676926833,
      "train_edges": 323080,
      "train_eval_time_sec": 1581.285653501749,
      "train_kl": 47645.380978315305,
      "train_loss": 884.1808825566219,
      "train_lp": 0.15364511407529696,
      "train_meta": 0.14731785551139648,
      "train_ood_reg": 0.21217472293438056,
      "train_weighted_align": 860.2028516524878,
      "train_weighted_kl": 23.82269161175459,
      "train_weighted_meta": 0.0014731785257840085,
      "train_weighted_ood_reg": 0.00021217473310967668,
      "val_ap": 0.8450143725851791,
      "val_auc": 0.9362048609135808,
      "val_edges": 39046,
      "val_ndcg": 0.9783909613866858
    },
    {
      "ablation": "baseline",
      "dataset": "tkgl-yago",
      "few_shot_ratio": 1.0,
      "method": "lm_mlp",
      "params_total": 117761,
      "params_trainable": 117761,
      "scenario": "label_split",
      "seed": 4,
      "test_ap": 0.39295136088791877,
      "test_auc": 0.8319581820298947,
      "test_edges": 40052,
      "test_hits@1": 0.0,
      "test_hits@10": 0.0,
      "test_hits@100": 0.255,
      "test_hits@50": 0.13,
      "test_mrr": 0.007075525888617088,
      "test_ndcg": 0.9027240044969218,
      "train_edges": 323080,
      "train_eval_time_sec": 598.1314622499049,
      "val_ap": 0.4275013793126693,
      "val_auc": 0.868849236656077,
      "val_edges": 39046,
      "val_ndcg": 0.9109209962758404
    },
    {
      "ablation": "baseline",
      "dataset": "tkgl-yago",
      "few_shot_ratio": 1.0,
      "method": "structure_mlp",
      "params_total": 19841,
      "params_trainable": 19841,
      "scenario": "label_split",
      "seed": 4,
      "test_ap": 0.895524570351694,
      "test_auc": 0.9600041683178291,
      "test_edges": 40052,
      "test_hits@1": 0.875,
      "test_hits@10": 0.92,
      "test_hits@100": 0.92,
      "test_hits@50": 0.92,
      "test_mrr": 0.8977152357285304,
      "test_ndcg": 0.9856666624574439,
      "train_edges": 323080,
      "train_eval_time_sec": 3508.7569336481392,
      "val_ap": 0.8385280188556998,
      "val_auc": 0.9420512019113733,
      "val_edges": 39046,
      "val_ndcg": 0.9777361969056075
    }
  ]
}