{
  "rows": [
    {
      "ablation": "full",
      "allocated_mb": 62.34765625,
      "dataset": "icews14",
      "few_shot_ratio": 1.0,
      "max_allocated_mb": 1757.5078125,
      "method": "ssptgfm",
      "params_total": 4627743,
      "params_trainable": 4627730,
      "reserved_mb": 1988.0,
      "rough_forward_flops": 4794548224,
      "scenario": "standard",
      "seed": 1,
      "test_ap": 0.7231929761080951,
      "test_auc": 0.932096174970644,
      "test_edges": 14378,
      "test_hits@1": 0.308,
      "test_hits@10": 0.642,
      "test_hits@100": 0.838,
      "test_hits@50": 0.784,
      "test_mrr": 0.42113487781683556,
      "test_ndcg": 0.9564081868537846,
      "train_align": 1161.5612168255975,
      "train_edges": 61760,
      "train_eval_time_sec": 3668.4544714801013,
      "train_kl": 4965.391391410079,
      "train_loss": 60.88649075826009,
      "train_lp": 0.32264362830741733,
      "train_meta": 0.31509322646786186,
      "train_ood_reg": 0.20813093167894026,
      "train_rank": 0.15716793564896958,
      "train_struct_aux": 1.3059683297194686,
      "train_weighted_align": 58.07806196773753,
      "train_weighted_kl": 2.482695816311182,
      "train_weighted_meta": 0.0015754660943011734,
      "train_weighted_ood_reg": 0.00020813094132452034,
      "train_weighted_rank": 0.0001571679431471435,
      "train_weighted_struct_aux": 0.001305968393617328,
      "val_ap": 0.7065497013325212,
      "val_auc": 0.9189977367961175,
      "val_edges": 14592,
      "val_hits@1": 0.23,
      "val_hits@10": 0.575,
      "val_hits@100": 0.815,
      "val_hits@50": 0.775,
      "val_mrr": 0.33895406129124306,
      "val_ndcg": 0.9520801370596526
    },
    {
      "ablation": "full",
      "allocated_mb": 62.34765625,
      "dataset": "icews14",
      "few_shot_ratio": 1.0,
      "max_allocated_mb": 1757.53515625,
      "method": "ssptgfm",
      "params_total": 4627743,
      "params_trainable": 4627730,
      "reserved_mb": 1988.0,
      "rough_forward_flops": 4794548224,
      "scenario": "standard",
      "seed": 2,
      "test_ap": 0.7178468169750443,
      "test_auc": 0.9309270251468599,
      "test_edges": 14378,
      "test_hits@1": 0.324,
      "test_hits@10": 0.644,
      "test_hits@100": 0.842,
      "test_hits@50": 0.8,
      "test_mrr": 0.4310785511429771,
      "test_ndcg": 0.9554757579860441,
      "train_align": 1367.031663602941,
      "train_edges": 61760,
      "train_eval_time_sec": 3000.5332329645753,
      "train_kl": 11110.93010301777,
      "train_loss": 74.25337819866105,
      "train_lp": 0.3435381329527088,
      "train_meta": 0.32647616448355654,
      "train_ood_reg": 0.20307047127508648,
      "train_rank": 0.1689987602917587,
      "train_struct_aux": 0.9547145046439826,
      "train_weighted_align": 68.3515843410118,
      "train_weighted_kl": 5.5554653205123605,
      "train_weighted_meta": 0.001632380787757974,
      "train_weighted_ood_reg": 0.00020307048124617295,
      "train_weighted_rank": 0.0001689987686119161,
      "train_weighted_struct_aux": 0.0009547145506504047,
      "val_ap": 0.6982791560673693,
      "val_auc": 0.9176830651731482,
      "val_edges": 14592,
      "val_hits@1": 0.265,
      "val_hits@10": 0.56,
      "val_hits@100": 0.805,
      "val_hits@50": 0.755,
      "val_mrr": 0.34940041889555273,
      "val_ndcg": 0.9506637052194554
    },
    {
      "ablation": "full",
      "allocated_mb": 62.34765625,
      "dataset": "icews14",
      "few_shot_ratio": 1.0,
      "max_allocated_mb": 1757.5625,
      "method": "ssptgfm",
      "params_total": 4627743,
      "params_trainable": 4627730,
      "reserved_mb": 1988.0,
      "rough_forward_flops": 4794548224,
      "scenario": "standard",
      "seed": 3,
      "test_ap": 0.7229352316295155,
      "test_auc": 0.9299957894204027,
      "test_edges": 14378,
      "test_hits@1": 0.306,
      "test_hits@10": 0.66,
      "test_hits@100": 0.844,
      "test_hits@50": 0.804,
      "test_mrr": 0.4234710913164057,
      "test_ndcg": 0.9561192904689435,
      "train_align": 1163.5892378264782,
      "train_edges": 61760,
      "train_eval_time_sec": 3590.2282495312393,
      "train_kl": 4993.646828565411,
      "train_loss": 60.998056187349206,
      "train_lp": 0.3185522955422308,
      "train_meta": 0.31102092271926357,
      "train_ood_reg": 0.20824281859631633,
      "train_rank": 0.15549763114575077,
      "train_struct_aux": 1.454195736436283,
      "train_weighted_align": 58.179462911568436,
      "train_weighted_kl": 2.49682352846744,
      "train_weighted_meta": 0.0015551045810913338,
      "train_weighted_ood_reg": 0.00020824282843272623,
      "train_weighted_rank": 0.00015549763865077267,
      "train_weighted_struct_aux": 0.0014541958072953219,
      "val_ap": 0.707326648865186,
      "val_auc": 0.9192608026402954,
      "val_edges": 14592,
      "val_hits@1": 0.235,
      "val_hits@10": 0.57,
      "val_hits@100": 0.815,
      "val_hits@50": 0.765,
      "val_mrr": 0.3384755136223987,
      "val_ndcg": 0.9523021111114681
    },
    {
      "ablation": "full",
      "allocated_mb": 62.34765625,
      "dataset": "icews14",
      "few_shot_ratio": 1.0,
      "max_allocated_mb": 1757.5078125,
      "method": "ssptgfm",
      "params_total": 4627743,
      "params_trainable": 4627730,
      "reserved_mb": 1988.0,
      "rough_forward_flops": 4794548224,
      "scenario": "standard",
      "seed": 4,
      "test_ap": 0.7147748371569542,
      "test_auc": 0.9269071834894971,
      "test_edges": 14378,
      "test_hits@1": 0.322,
      "test_hits@10": 0.642,
      "test_hits@100": 0.83,
      "test_hits@50": 0.792,
      "test_mrr": 0.43072354628155735,
      "test_ndcg": 0.9542934266734436,
      "train_align": 1569.6619109509038,
      "train_edges": 61760,
      "train_eval_time_sec": 2736.190174639225,
      "train_kl": 13979.415862438726,
      "train_loss": 85.84032102098652,
      "train_lp": 0.36437353228821473,
      "train_meta": 0.363865061601003,
      "train_ood_reg": 0.19586795679494445,
      "train_rank": 0.17275999591631047,
      "train_struct_aux": 1.127098701397578,
      "train_weighted_align": 78.48309681462307,
      "train_weighted_kl": 6.9897082749535056,
      "train_weighted_meta": 0.0018193252654015726,
      "train_weighted_ood_reg": 0.0001958679661780194,
      "train_weighted_rank": 0.00017276000409551404,
      "train_weighted_struct_aux": 0.0011270987578695091,
      "val_ap": 0.6924956718940045,
      "val_auc": 0.9136261257783345,
      "val_edges": 14592,
      "val_hits@1": 0.255,
      "val_hits@10": 0.57,
      "val_hits@100": 0.825,
      "val_hits@50": 0.775,
      "val_mrr": 0.35228901882517794,
      "val_ndcg": 0.9492862976413695
    },
    {
      "ablation": "full",
      "allocated_mb": 62.34765625,
      "dataset": "icews14",
      "few_shot_ratio": 1.0,
      "max_allocated_mb": 1757.42578125,
      "method": "ssptgfm",
      "params_total": 4627743,
      "params_trainable": 4627730,
      "reserved_mb": 1988.0,
      "rough_forward_flops": 4794548224,
      "scenario": "standard",
      "seed": 5,
      "test_ap": 0.7061850291137206,
      "test_auc": 0.9242128155910289,
      "test_edges": 14378,
      "test_hits@1": 0.316,
      "test_hits@10": 0.648,
      "test_hits@100": 0.824,
      "test_hits@50": 0.776,
      "test_mrr": 0.4322977923874911,
      "test_ndcg": 0.9527698438166586,
      "train_align": 1892.5602151309743,
      "train_edges": 61760,
      "train_eval_time_sec": 1883.957274504006,
      "train_kl": 15441.313625919118,
      "train_loss": 102.73594349879845,
      "train_lp": 0.3841064652975868,
      "train_meta": 0.37912948201684393,
      "train_ood_reg": 0.22745126100147472,
      "train_rank": 0.17581076193966116,
      "train_struct_aux": 1.0450247368391823,
      "train_weighted_align": 94.6280122794357,
      "train_weighted_kl": 7.720657178467396,
      "train_weighted_meta": 0.0018956473664444523,
      "train_weighted_ood_reg": 0.0002274512717335978,