,,,,,test_ap,test_ap,test_ap,test_ap,test_auc,test_auc,test_auc,test_auc,test_edges,test_edges,test_edges,test_edges,test_hits@1,test_hits@1,test_hits@1,test_hits@1,test_hits@10,test_hits@10,test_hits@10,test_hits@10,test_hits@100,test_hits@100,test_hits@100,test_hits@100,test_hits@50,test_hits@50,test_hits@50,test_hits@50,test_mrr,test_mrr,test_mrr,test_mrr,test_ndcg,test_ndcg,test_ndcg,test_ndcg,val_ap,val_ap,val_ap,val_ap,val_auc,val_auc,val_auc,val_auc,val_edges,val_edges,val_edges,val_edges,val_hits@1,val_hits@1,val_hits@1,val_hits@1,val_hits@10,val_hits@10,val_hits@10,val_hits@10,val_hits@100,val_hits@100,val_hits@100,val_hits@100,val_hits@50,val_hits@50,val_hits@50,val_hits@50,val_mrr,val_mrr,val_mrr,val_mrr,val_ndcg,val_ndcg,val_ndcg,val_ndcg
,,,,,ci95,count,mean,std,ci95,count,mean,std,ci95,count,mean,std,ci95,count,mean,std,ci95,count,mean,std,ci95,count,mean,std,ci95,count,mean,std,ci95,count,mean,std,ci95,count,mean,std,ci95,count,mean,std,ci95,count,mean,std,ci95,count,mean,std,ci95,count,mean,std,ci95,count,mean,std,ci95,count,mean,std,ci95,count,mean,std,ci95,count,mean,std,ci95,count,mean,std
dataset,method,ablation,scenario,few_shot_ratio,,,,,,,,,,,,,,,,,,,,,,,,,,,,,,,,,,,,,,,,,,,,,,,,,,,,,,,,,,,,,,,,,,,,,,,,
icews14,ssptgfm,full,standard,1.0,0.006139074249030411,5,0.7169869781966659,0.007003769050893099,0.002821313260954192,5,0.9288277977236865,0.0032186980802628457,0.0,5,14378.0,0.0,0.007077744273424978,5,0.31520000000000004,0.008074651695274547,0.0066293215339128025,5,0.6472,0.007563068160475615,0.007375435987112873,5,0.8356,0.008414273587185024,0.010040098804294711,5,0.7912000000000001,0.011454256850621089,0.004440863423060598,5,0.42774117178905335,0.0050663635167121955,0.0013099858274166999,5,0.9550133011597749,0.001494498652890331,0.006624805773435856,5,0.699187419290426,0.007557916350579411,0.0025269179486744607,5,0.9165886377373926,0.0028828368912247036,0.0,5,14592.0,0.0,0.012777636714197198,5,0.24500000000000002,0.014577379737113259,0.007201499843782489,5,0.5660000000000001,0.00821583836257743,0.008543441929339677,5,0.8119999999999999,0.009746794344808915,0.007840000000000005,5,0.766,0.008944271909999165,0.0055823061828187874,5,0.3440444477119045,0.006368579640816417,0.001343396848552313,5,0.9506640650704821,0.0015326156500622254
