{
  "environment": {
    "cuda_available": true,
    "cuda_capability": [
      7,
      0
    ],
    "cuda_device": "Tesla V100-PCIE-32GB",
    "python": "3.10.8",
    "torch": "2.5.1+cu121"
  },
  "rows": [
    {
      "ablation": "full",
      "allocated_mb": 33.2470703125,
      "dataset": "yago15k-temporal",
      "few_shot_ratio": 1.0,
      "max_allocated_mb": 1101.6455078125,
      "method": "ssptgfm",
      "params_total": 1416735,
      "params_trainable": 1416722,
      "reserved_mb": 1220.0,
      "rough_forward_flops": 384237568,
      "scenario": "standard",
      "seed": 3,
      "test_ap": 0.16320462440049047,
      "test_auc": 0.6068421790250033,
      "test_edges": 26719,
      "test_hits@1": 0.06,
      "test_hits@10": 0.30666666666666664,
      "test_hits@100": 0.595,
      "test_hits@50": 0.505,
      "test_mrr": 0.14408124755082755,
      "test_ndcg": 0.8323037757898565,
      "train_align": 83.1334131644502,
      "train_candidate_rank": 2.4241015537210564,
      "train_edges": 3244,
      "train_eval_time_sec": 2488.7008057907224,
      "train_kl": 1032.664627915722,
      "train_loss": 1.417248232811058,
      "train_lp": 0.47931165235951406,
      "train_meta": 0.4683174712793755,
      "train_ood_reg": 0.236323832581609,
      "train_rank": 0.37466045208324894,
      "train_struct_aux": 0.758089191004559,
      "train_weighted_align": 0.8313341153163061,
      "train_weighted_candidate_rank": 0.12120507956840318,
      "train_weighted_kl": 0.10326646011070174,
      "train_weighted_meta": 0.0023415873092103136,
      "train_weighted_ood_reg": 0.0002363238437298559,
      "train_weighted_rank": 0.0037466044346421523,
      "train_weighted_struct_aux": 0.0007580892282184587,
      "val_ap": 0.1483240483189326,
      "val_auc": 0.591458651996214,
      "val_edges": 6738,
      "val_hits@1": 0.1,
      "val_hits@10": 0.4,
      "val_hits@100": 0.5633333333333334,
      "val_hits@50": 0.4866666666666667,
      "val_mrr": 0.2035101588227617,
      "val_ndcg": 0.8021036361876703
    }
  ]
}