{
  "best_candidate": {
    "model": {
      "freeze_history_prior": true,
      "history_prior_init_scale": 1.5,
      "history_prior_mode": "linear",
      "struct_feature_init_scale": 0.2,
      "use_struct_feature_residual": true
    },
    "name": "smallpedia_best_scale_s15_sf02_cr002_repeat",
    "train": {}
  },
  "best_candidate_passes_minima": true,
  "best_validation_mean": 0.08283721985609196,
  "candidate_summaries": [
    {
      "candidate": "yago_best_struct_hist_s1_sf04_cr002",
      "means": {
        "val_ap": 0.16017053371512996,
        "val_auc": 0.574951171875,
        "val_ndcg": 0.6937276715705173,
        "val_tgb_hits@10": 0.09375,
        "val_tgb_mrr": 0.07372943389416575
      },
      "passes_metric_minima": true,
      "score": 0.07372943389416575,
      "seeds_completed": 1
    },
    {
      "candidate": "smallpedia_best_scale_s15_sf02_cr002_repeat",
      "means": {
        "val_ap": 0.18456630434742927,
        "val_auc": 0.5734008789062499,
        "val_ndcg": 0.7157235972684094,
        "val_tgb_hits@10": 0.09375,
        "val_tgb_mrr": 0.08283721985609196
      },
      "passes_metric_minima": true,
      "score": 0.08283721985609196,
      "seeds_completed": 1
    }
  ],
  "dataset": "tkgl-smallpedia",
  "environment": {
    "cuda_available": true,
    "cuda_capability": [
      7,
      0
    ],
    "cuda_device": "Tesla V100-PCIE-32GB",
    "python": "3.10.8",
    "torch": "2.5.1+cu121"
  },
  "formal_allowed": true,
  "leakage_control": {
    "selection_uses": "validation metrics only",
    "temporal_split": "strict train < validation < test",
    "test_usage": "not evaluated by this script"
  },
  "metric_minima": {},
  "metric_weights": {},
  "rows": [
    {
      "candidate": "yago_best_struct_hist_s1_sf04_cr002",
      "seed": 1,
      "train_align": 4065.4926770268653,
      "train_candidate_rank": 3.6606583400648467,
      "train_kl": 6218.159067582111,
      "train_loss": 41.7862575297453,
      "train_lp": 0.5050432204591985,
      "train_meta": 0.8490706597055707,
      "train_ood_reg": 0.2272668345546236,
      "train_rank": 0.5871734381938467,
      "train_struct_aux": 0.0,
      "train_weighted_align": 40.654925735629334,
      "train_weighted_candidate_rank": 0.073213165435864,
      "train_weighted_kl": 0.6218158925066188,
      "train_weighted_meta": 0.0042453531950370086,
      "train_weighted_ood_reg": 0.00022726684582433947,
      "train_weighted_rank": 0.0058717342682791,
      "train_weighted_struct_aux": 0.0,
      "val_ap": 0.16017053371512996,
      "val_auc": 0.574951171875,
      "val_ndcg": 0.6937276715705173,
      "val_tgb_hits@10": 0.09375,
      "val_tgb_mrr": 0.07372943389416575
    },
    {
      "candidate": "smallpedia_best_scale_s15_sf02_cr002_repeat",
      "seed": 1,
      "train_align": 3245.9896526725925,
      "train_candidate_rank": 3.752612235594769,
      "train_kl": 18053.17001654177,
      "train_loss": 34.7783937648851,
      "train_lp": 0.5084182471036911,
      "train_meta": 0.9078517668709463,
      "train_ood_reg": 0.22356770795827008,
      "train_rank": 0.6275226625860953,
      "train_struct_aux": 0.0,
      "train_weighted_align": 32.459895824899476,
      "train_weighted_candidate_rank": 0.0750522431442324,
      "train_weighted_kl": 1.805316953634729,
      "train_weighted_meta": 0.004539258729390876,
      "train_weighted_ood_reg": 0.00022356771868154674,
      "train_weighted_rank": 0.006275226442827558,
      "train_weighted_struct_aux": 0.0,
      "val_ap": 0.18456630434742927,
      "val_auc": 0.5734008789062499,
      "val_ndcg": 0.7157235972684094,
      "val_tgb_hits@10": 0.09375,
      "val_tgb_mrr": 0.08283721985609196
    }
  ],
  "scenario": {
    "name": "label_split"
  },
  "selection_metric": "val_tgb_mrr",
  "selection_metrics": [
    "val_tgb_mrr",
    "val_tgb_hits@10",
    "val_auc",
    "val_ap",
    "val_ndcg"
  ]
}