{
  "rows": [
    {
      "ablation": "baseline",
      "dataset": "yago15k-temporal",
      "few_shot_ratio": 1.0,
      "method": "lm_mlp",
      "params_total": 117633,
      "params_trainable": 117633,
      "scenario": "standard",
      "seed": 1,
      "test_ap": 0.156618338338481,
      "test_auc": 0.7188254860719479,
      "test_edges": 26719,
      "test_hits@1": 0.0025,
      "test_hits@10": 0.035,
      "test_hits@100": 0.2475,
      "test_hits@50": 0.1375,
      "test_mrr": 0.016356651631689006,
      "test_ndcg": 0.8256398534752609,
      "train_edges": 3244,
      "train_eval_time_sec": 42.65322256460786,
      "val_ap": 0.1968713812604495,
      "val_auc": 0.7633364000299203,
      "val_edges": 6738,
      "val_ndcg": 0.8205591094074868
    },
    {
      "ablation": "full",
      "allocated_mb": 33.1123046875,
      "dataset": "yago15k-temporal",
      "few_shot_ratio": 1.0,
      "max_allocated_mb": 253.0341796875,
      "method": "ssptgfm",
      "params_total": 1399440,
      "params_trainable": 1399440,
      "reserved_mb": 324.0,
      "rough_forward_flops": 384237568,
      "scenario": "standard",
      "seed": 1,
      "test_ap": 0.1561907149421686,
      "test_auc": 0.678280941866154,
      "test_edges": 26719,
      "test_hits@1": 0.0175,
      "test_hits@10": 0.0625,
      "test_hits@100": 0.425,
      "test_hits@50": 0.2275,
      "test_mrr": 0.03948299991364737,
      "test_ndcg": 0.8282570933738772,
      "train_align": 218.019270894386,
      "train_edges": 3244,
      "train_eval_time_sec": 2471.278475318104,
      "train_kl": 1834.7434672662766,
      "train_loss": 12.207308195847071,
      "train_lp": 0.386002141479166,
      "train_meta": 0.27344826148019835,
      "train_ood_reg": 0.23616413064932418,
      "val_ap": 0.17458718188523792,
      "val_auc": 0.7040387026228085,
      "val_edges": 6738,
      "val_ndcg": 0.8122557590514066
    },
    {
      "ablation": "baseline",
      "dataset": "yago15k-temporal",
      "few_shot_ratio": 1.0,
      "method": "structure_mlp",
      "params_total": 19713,
      "params_trainable": 19713,
      "scenario": "standard",
      "seed": 1,
      "test_ap": 0.1520067482800652,
      "test_auc": 0.6684103738144495,
      "test_edges": 26719,
      "test_hits@1": 0.055,
      "test_hits@10": 0.23,
      "test_hits@100": 0.61,
      "test_hits@50": 0.455,
      "test_mrr": 0.127715492644207,
      "test_ndcg": 0.8258851230581107,
      "train_edges": 3244,
      "train_eval_time_sec": 1856.2002309039235,
      "val_ap": 0.14726380972462202,
      "val_auc": 0.6265151712385403,
      "val_edges": 6738,
      "val_ndcg": 0.7973921434056118
    },
    {
      "ablation": "baseline",
      "dataset": "yago15k-temporal",
      "few_shot_ratio": 1.0,
      "method": "lm_mlp",
      "params_total": 117633,
      "params_trainable": 117633,
      "scenario": "standard",
      "seed": 2,
      "test_ap": 0.1552221855698488,
      "test_auc": 0.7140846034126382,
      "test_edges": 26719,
      "test_hits@1": 0.0025,
      "test_hits@10": 0.0275,
      "test_hits@100": 0.2475,
      "test_hits@50": 0.1225,
      "test_mrr": 0.017869485047992125,
      "test_ndcg": 0.8251416630533978,
      "train_edges": 3244,
      "train_eval_time_sec": 41.13728356361389,
      "val_ap": 0.19127345827566591,
      "val_auc": 0.7548409181156108,
      "val_edges": 6738,
      "val_ndcg": 0.8198976180101076
    },
    {
      "ablation": "full",
      "allocated_mb": 33.1123046875,
      "dataset": "yago15k-temporal",
      "few_shot_ratio": 1.0,
      "max_allocated_mb": 253.001953125,
      "method": "ssptgfm",
      "params_total": 1399440,
      "params_trainable": 1399440,
      "reserved_mb": 324.0,
      "rough_forward_flops": 384237568,
      "scenario": "standard",
      "seed": 2,
      "test_ap": 0.16530792386666526,
      "test_auc": 0.6817070111381395,
      "test_edges": 26719,
      "test_hits@1": 0.04,
      "test_hits@10": 0.19,
      "test_hits@100": 0.555,
      "test_hits@50": 0.4125,
      "test_mrr": 0.09415191743976122,
      "test_ndcg": 0.8335830013640634,
      "train_align": 232.4544926497896,
      "train_edges": 3244,
      "train_eval_time_sec": 2390.341051314026,
      "train_kl": 1751.5721532530704,
      "train_loss": 12.877203642690587,
      "train_lp": 0.3750145441726229,
      "train_meta": 0.34437850916016277,
      "train_ood_reg": 0.23433313733440334,
      "val_ap": 0.1839279149305199,
      "val_auc": 0.7083468342431443,
      "val_edges": 6738,
      "val_ndcg": 0.8204598270696591
    },
    {
      "ablation": "baseline",
      "dataset": "yago15k-temporal",
      "few_shot_ratio": 1.0,
      "method": "structure_mlp",
      "params_total": 19713,
      "params_trainable": 19713,
      "scenario": "standard",
      "seed": 2,
      "test_ap": 0.14477174829925615,
      "test_auc": 0.6596187688489813,
      "test_edges": 26719,
      "test_hits@1": 0.06,
      "test_hits@10": 0.26,
      "test_hits@100": 0.6075,
      "test_hits@50": 0.43,
      "test_mrr": 0.13562991522471696,
      "test_ndcg": 0.8205412268765748,
      "train_edges": 3244,
      "train_eval_time_sec": 1912.6206032820046,
      "val_ap": 0.14335096045570062,
      "val_auc": 0.6173252399239095,
      "val_edges": 6738,
      "val_ndcg": 0.7959098268225213
    },
    {
      "ablation": "baseline",
      "dataset": "yago15k-temporal",
      "few_shot_ratio": 1.0,
      "method": "lm_mlp",
      "params_total": 117633,
      "params_trainable": 117633,
      "scenario": "standard",
      "seed": 3,
      "test_ap": 0.1556088411398612,
      "test_auc": 0.7188625612450394,
      "test_edges": 26719,
      "test_hits@1": 0.005,
      "test_hits@10": 0.0325,
      "test_hits@100": 0.2575,
      "test_hits@50": 0.135,
      "test_mrr": 0.018257847746836017,
      "test_ndcg": 0.8245776734251855,
      "train_edges": 3244,
      "train_eval_time_sec": 41.27414949610829,
      "val_ap": 0.20236540311457504,
      "val_auc": 0.7682441288718282,
      "val_edges": 6738,
      "val_ndcg": 0.8241807462983872
    },
    {
      "ablation": "full",
      "allocated_mb": 33.1123046875,
      "dataset": "yago15k-temporal",
      "few_shot_ratio": 1.0,
      "max_allocated_mb": 252.92138671875,
      "method": "ssptgfm",
      "params_total": 1399440,
      "params_trainable": 1399440,
      "reserved_mb": 324.0,
      "rough_forward_flops": 384237568,
      "scenario": "standard",
      "seed": 3,
      "test_ap": 0.15438733473800886,
      "test_auc": 0.6657719081882105,
      "test_edges": 26719,
      "test_hits@1": 0.0125,
      "test_hits@10": 0.085,
      "test_hits@100": 0.4875,
      "test_hits@50": 0.275,
      "test_mrr": 0.041376828273259995,
      "test_ndcg": 0.8273706732750173,
      "train_align": 231.27338709366524,
      "train_edges": 3244,
      "train_eval_time_sec": 2387.9243084564805,
      "train_kl": 1751.9621840008235,
      "train_loss": 12.799905966146518,
      "train_lp": 0.35696300628028516,
      "train_meta": 0.30554685358152184,
      "train_ood_reg": 0.23663369111590465,
      "val_ap": 0.17765735551164138,
      "val_auc": 0.6957829133436961,
      "val_edges": 6738,
      "val_ndcg": 0.8152035233441585
    },
    {
      "ablation": "baseline",
      "dataset": "yago15k-temporal",
      "few_shot_ratio": 1.0,
      "method": "structure_mlp",
      "params_total": 19713,
      "params_trainable": 19713,
      "scenario": "standard",
      "seed": 3,
      "test_ap": 0.14219044909660183,
      "test_auc": 0.6563636626696588,
      "test_edges": 26719,
      "test_hits@1": 0.08,
      "test_hits@10": 0.2225,
      "test_hits@100": 0.6,
      "test_hits@50": 0.41,
      "test_mrr": 0.1443698730480481,
      "test_ndcg": 0.8190249497912216,
      "train_edges": 3244,
      "train_eval_time_sec": 2032.2151882722974,
      "val_ap": 0.14629692420102772,
      "val_auc": 0.6159365845118848,
      "val_edges": 6738,