{
  "environment": {
    "cuda_available": true,
    "cuda_capability": [
      7,
      0
    ],
    "cuda_device": "Tesla V100-PCIE-32GB",
    "python": "3.10.8",
    "torch": "2.5.1+cu121"
  },
  "rows": [
    {
      "ablation": "full",
      "allocated_mb": 198.05859375,
      "dataset": "tkgl-smallpedia",
      "few_shot_ratio": 1.0,
      "max_allocated_mb": 18520.85888671875,
      "method": "ssptgfm",
      "params_total": 14285328,
      "params_trainable": 14285328,
      "reserved_mb": 24694.0,
      "rough_forward_flops": 58738917376,
      "scenario": "label_split",
      "seed": 1,
      "test_ap": 0.40329690491056047,
      "test_auc": 0.7333147998335914,
      "test_edges": 163172,
      "test_hits@1": 0.035,
      "test_hits@10": 0.09,
      "test_hits@100": 0.105,
      "test_hits@50": 0.1025,
      "test_mrr": 0.05144370217372599,
      "test_ndcg": 0.8902058746357749,
      "train_align": 5664.601072434339,
      "train_edges": 775514,
      "train_eval_time_sec": 14070.944835912436,
      "train_kl": 31325.321394617877,
      "train_loss": 597.9717985651032,
      "train_lp": 0.18448113308222186,
      "train_meta": 0.17829850174061093,
      "train_ood_reg": 0.19514582509171377,
      "val_ap": 0.3529086626593208,
      "val_auc": 0.750548780949462,
      "val_edges": 162066,
      "val_ndcg": 0.8828465157007498
    },
    {
      "ablation": "baseline",
      "dataset": "tkgl-smallpedia",
      "few_shot_ratio": 1.0,
      "method": "lm_mlp",
      "params_total": 187649,
      "params_trainable": 187649,
      "scenario": "label_split",
      "seed": 1,
      "test_ap": 0.07540565069032788,
      "test_auc": 0.6105959528060371,
      "test_edges": 163172,
      "test_hits@1": 0.0,
      "test_hits@10": 0.0,
      "test_hits@100": 0.0025,
      "test_hits@50": 0.0,
      "test_mrr": 0.00023370978285712203,
      "test_ndcg": 0.803622302566835,
      "train_edges": 775514,
      "train_eval_time_sec": 883.5710275135934,
      "val_ap": 0.12886658734130035,
      "val_auc": 0.7030553099109869,
      "val_edges": 162066,
      "val_ndcg": 0.8331310147837371
    },
    {
      "ablation": "baseline",
      "dataset": "tkgl-smallpedia",
      "few_shot_ratio": 1.0,
      "method": "structure_mlp",
      "params_total": 89729,
      "params_trainable": 89729,
      "scenario": "label_split",
      "seed": 1,
      "test_ap": 0.44236094257827363,
      "test_auc": 0.783361029412702,
      "test_edges": 163172,
      "test_hits@1": 0.0475,
      "test_hits@10": 0.1175,
      "test_hits@100": 0.1725,
      "test_hits@50": 0.15,
      "test_mrr": 0.06977662050112031,
      "test_ndcg": 0.9029454979563848,
      "train_edges": 775514,
      "train_eval_time_sec": 16740.87071879208,
      "val_ap": 0.4397379239423753,
      "val_auc": 0.7901148131944264,
      "val_edges": 162066,
      "val_ndcg": 0.9025066059221677
    },
    {
      "ablation": "full",
      "allocated_mb": 197.64111328125,
      "dataset": "tkgl-smallpedia",
      "few_shot_ratio": 1.0,
      "max_allocated_mb": 20967.60400390625,
      "method": "ssptgfm",
      "params_total": 14285328,
      "params_trainable": 14285328,
      "reserved_mb": 14528.0,
      "rough_forward_flops": 58738917376,
      "scenario": "label_split",
      "seed": 2,
      "test_ap": 0.3701163741486606,
      "test_auc": 0.7185377448098301,
      "test_edges": 163172,
      "test_hits@1": 0.0,
      "test_hits@10": 0.0375,
      "test_hits@100": 0.105,
      "test_hits@50": 0.095,
      "test_mrr": 0.013530495573082193,
      "test_ndcg": 0.8836768404176742,
      "train_align": 7343.9166084245735,
      "train_edges": 775514,
      "train_eval_time_sec": 15024.127505786717,
      "train_kl": 27019.30186442927,
      "train_loss": 761.6152163043323,
      "train_lp": 0.2021854752252721,
      "train_meta": 0.19765155964270092,
      "train_ood_reg": 0.21451064126462638,
      "val_ap": 0.38716837097955054,
      "val_auc": 0.7426719027028578,
      "val_edges": 162066,
      "val_ndcg": 0.8880528180198178
    },
    {
      "ablation": "baseline",
      "dataset": "tkgl-smallpedia",
      "few_shot_ratio": 1.0,
      "method": "lm_mlp",
      "params_total": 187649,
      "params_trainable": 187649,
      "scenario": "label_split",
      "seed": 2,
      "test_ap": 0.07502171218330755,
      "test_auc": 0.6124051081306853,
      "test_edges": 163172,
      "test_hits@1": 0.0,
      "test_hits@10": 0.0,
      "test_hits@100": 0.0025,
      "test_hits@50": 0.0,
      "test_mrr": 0.0002654322407653193,
      "test_ndcg": 0.8034126997894421,
      "train_edges": 775514,
      "train_eval_time_sec": 788.6534567549825,
      "val_ap": 0.12674325550928797,
      "val_auc": 0.7033467039888607,
      "val_edges": 162066,
      "val_ndcg": 0.8320386885374804
    },
    {
      "ablation": "baseline",
      "dataset": "tkgl-smallpedia",
      "few_shot_ratio": 1.0,
      "method": "structure_mlp",
      "params_total": 89729,
      "params_trainable": 89729,
      "scenario": "label_split",
      "seed": 2,
      "test_ap": 0.44002720425501013,
      "test_auc": 0.7836602166633072,
      "test_edges": 163172,
      "test_hits@1": 0.045,
      "test_hits@10": 0.11,
      "test_hits@100": 0.17,
      "test_hits@50": 0.15,
      "test_mrr": 0.06598149601297246,
      "test_ndcg": 0.9021322213940851,
      "train_edges": 775514,
      "train_eval_time_sec": 15304.617246612906,
      "val_ap": 0.4446584536828073,
      "val_auc": 0.7940034058280342,
      "val_edges": 162066,
      "val_ndcg": 0.9034623190794526
    },
    {
      "ablation": "full",
      "allocated_mb": 198.4052734375,
      "dataset": "tkgl-smallpedia",
      "few_shot_ratio": 1.0,
      "max_allocated_mb": 20980.23046875,
      "method": "ssptgfm",
      "params_total": 14285328,
      "params_trainable": 14285328,
      "reserved_mb": 16992.0,
      "rough_forward_flops": 58738917376,
      "scenario": "label_split",
      "seed": 3,
      "test_ap": 0.38643695628928976,
      "test_auc": 0.7157718616394819,
      "test_edges": 163172,
      "test_hits@1": 0.0125,
      "test_hits@10": 0.0525,
      "test_hits@100": 0.0975,
      "test_hits@50": 0.0825,
      "test_mrr": 0.02568499268600247,
      "test_ndcg": 0.8867537711163048,
      "train_align": 4638.212433392483,
      "train_edges": 775514,
      "train_eval_time_sec": 41294.55689993873,
      "train_kl": 16237.600650733797,
      "train_loss": 480.2275357949521,
      "train_lp": 0.16675773333109103,
      "train_meta": 0.16726412751724387,
      "train_ood_reg": 0.2177525351552653,
      "val_ap": 0.41063811160629976,
      "val_auc": 0.7584631454462853,
      "val_edges": 162066,
      "val_ndcg": 0.8945535131684844
    },
    {
      "ablation": "baseline",
      "dataset": "tkgl-smallpedia",
      "few_shot_ratio": 1.0,
      "method": "lm_mlp",
      "params_total": 187649,
      "params_trainable": 187649,
      "scenario": "label_split",
      "seed": 3,
      "test_ap": 0.07705206136904688,
      "test_auc": 0.6115492121338905,
      "test_edges": 163172,
      "test_hits@1": 0.0,
      "test_hits@10": 0.0,
      "test_hits@100": 0.01,
      "test_hits@50": 0.0,
      "test_mrr": 0.0004126746906667944,
      "test_ndcg": 0.8045056456700339,
      "train_edges": 775514,
      "train_eval_time_sec": 998.73120142892,
      "val_ap": 0.13069354158558275,
      "val_auc": 0.7036168891688328,
      "val_edges": 162066,
      "val_ndcg": 0.8338344267406301
    },
    {
      "ablation": "baseline",
      "dataset": "tkgl-smallpedia",
      "few_shot_ratio": 1.0,
      "method": "structure_mlp",
      "params_total": 89729,
      "params_trainable": 89729,
      "scenario": "label_split",
      "seed": 3,
      "test_ap": 0.4492541867352691,
      "test_auc": 0.7896883267403197,
      "test_edges": 163172,
      "test_hits@1": 0.05,
      "test_hits@10": 0.1275,
      "test_hits@100": 0.155,
      "test_hits@50": 0.145,
      "test_mrr": 0.07305827651743092,