{
  "environment": {
    "cuda_available": true,
    "cuda_capability": [
      7,
      0
    ],
    "cuda_device": "Tesla V100-PCIE-32GB",
    "python": "3.10.8",
    "torch": "2.5.1+cu121"
  },
  "rows": [
    {
      "ablation": "full",
      "allocated_mb": 48.5595703125,
      "dataset": "icews14",
      "few_shot_ratio": 1.0,
      "max_allocated_mb": 1289.021484375,
      "method": "ssptgfm",
      "params_total": 2819632,
      "params_trainable": 2819632,
      "reserved_mb": 1542.0,
      "rough_forward_flops": 2792030208,
      "scenario": "standard",
      "seed": 2,
      "test_ap": 0.39711654409655933,
      "test_auc": 0.8987214040337396,
      "test_edges": 14378,
      "test_hits@1": 0.02,
      "test_hits@10": 0.1375,
      "test_hits@100": 0.4325,
      "test_hits@50": 0.315,
      "test_mrr": 0.0609196072457684,
      "test_ndcg": 0.8972829197766515,
      "train_align": 1164.246653478286,
      "train_edges": 61760,
      "train_eval_time_sec": 7438.811756968498,
      "train_kl": 2346.9644680845972,
      "train_loss": 59.72511317683201,
      "train_lp": 0.3357830101368474,
      "train_meta": 0.3299608224455048,
      "train_ood_reg": 0.21497521710162068,
      "train_weighted_align": 58.212333649280026,
      "train_weighted_kl": 1.1734822829564413,
      "train_weighted_meta": 0.0032996081642112604,
      "train_weighted_ood_reg": 0.00021497522750138945,
      "val_ap": 0.42644459730708895,
      "val_auc": 0.8988472810030791,
      "val_edges": 14592,
      "val_ndcg": 0.9043948237589283
    },
    {
      "ablation": "baseline",
      "dataset": "icews14",
      "few_shot_ratio": 1.0,
      "method": "lm_mlp",
      "params_total": 96193,
      "params_trainable": 96193,
      "scenario": "standard",
      "seed": 2,
      "test_ap": 0.5253462583808024,
      "test_auc": 0.9101538239216144,
      "test_edges": 14378,
      "test_hits@1": 0.015,
      "test_hits@10": 0.1275,
      "test_hits@100": 0.55,
      "test_hits@50": 0.3975,
      "test_mrr": 0.060975977580484814,
      "test_ndcg": 0.9212357583340596,
      "train_edges": 61760,
      "train_eval_time_sec": 348.1701919361949,
      "val_ap": 0.5311489976879329,
      "val_auc": 0.908270846502199,
      "val_edges": 14592,
      "val_ndcg": 0.9222463242730656
    },
    {
      "ablation": "baseline",
      "dataset": "icews14",
      "few_shot_ratio": 1.0,
      "method": "structure_mlp",
      "params_total": 31969,
      "params_trainable": 31969,
      "scenario": "standard",
      "seed": 2,
      "test_ap": 0.5900549777756148,
      "test_auc": 0.8316952384383638,
      "test_edges": 14378,
      "test_hits@1": 0.2275,
      "test_hits@10": 0.565,
      "test_hits@100": 0.8075,
      "test_hits@50": 0.75,
      "test_mrr": 0.33122014441010095,
      "test_ndcg": 0.922822006959437,
      "train_edges": 61760,
      "train_eval_time_sec": 3963.464240822941,
      "val_ap": 0.5812671348278402,
      "val_auc": 0.8188651443533107,
      "val_edges": 14592,
      "val_ndcg": 0.9191315106381043
    }
  ]
}