{
  "environment": {
    "cuda_available": true,
    "cuda_capability": [
      7,
      0
    ],
    "cuda_device": "Tesla V100-PCIE-32GB",
    "python": "3.10.8",
    "torch": "2.5.1+cu121"
  },
  "rows": [
    {
      "ablation": "full",
      "allocated_mb": 48.5595703125,
      "dataset": "icews14",
      "few_shot_ratio": 1.0,
      "max_allocated_mb": 1288.802734375,
      "method": "ssptgfm",
      "params_total": 2819632,
      "params_trainable": 2819632,
      "reserved_mb": 1542.0,
      "rough_forward_flops": 2792030208,
      "scenario": "standard",
      "seed": 5,
      "test_ap": 0.3888150097220354,
      "test_auc": 0.8960661130073435,
      "test_edges": 14378,
      "test_hits@1": 0.02,
      "test_hits@10": 0.1375,
      "test_hits@100": 0.46,
      "test_hits@50": 0.34,
      "test_mrr": 0.05611297884921082,
      "test_ndcg": 0.8956497455892378,
      "train_align": 1155.043333644493,
      "train_edges": 61760,
      "train_eval_time_sec": 4625.607204377651,
      "train_kl": 2056.2594561408546,
      "train_loss": 59.112726555618586,
      "train_lp": 0.32887116132998,
      "train_meta": 0.3342835395359525,
      "train_ood_reg": 0.21536261982777538,
      "train_weighted_align": 57.75216786253686,
      "train_weighted_kl": 1.0281297704752754,
      "train_weighted_meta": 0.0033428353243781365,
      "train_weighted_ood_reg": 0.00021536263007232372,
      "val_ap": 0.4326656582797555,
      "val_auc": 0.8949176445253888,
      "val_edges": 14592,
      "val_ndcg": 0.9043150928826525
    },
    {
      "ablation": "baseline",
      "dataset": "icews14",
      "few_shot_ratio": 1.0,
      "method": "lm_mlp",
      "params_total": 96193,
      "params_trainable": 96193,
      "scenario": "standard",
      "seed": 5,
      "test_ap": 0.5284408272454013,
      "test_auc": 0.9095320223566085,
      "test_edges": 14378,
      "test_hits@1": 0.0175,
      "test_hits@10": 0.16,
      "test_hits@100": 0.5975,
      "test_hits@50": 0.41,
      "test_mrr": 0.07080320762025921,
      "test_ndcg": 0.9219272461330665,
      "train_edges": 61760,
      "train_eval_time_sec": 332.11715231463313,
      "val_ap": 0.5380917137765315,
      "val_auc": 0.908598420626569,
      "val_edges": 14592,
      "val_ndcg": 0.9232720009826991
    },
    {
      "ablation": "baseline",
      "dataset": "icews14",
      "few_shot_ratio": 1.0,
      "method": "structure_mlp",
      "params_total": 31969,
      "params_trainable": 31969,
      "scenario": "standard",
      "seed": 5,
      "test_ap": 0.5849948647129465,
      "test_auc": 0.8326959786226933,
      "test_edges": 14378,
      "test_hits@1": 0.2225,
      "test_hits@10": 0.56,
      "test_hits@100": 0.8075,
      "test_hits@50": 0.7525,
      "test_mrr": 0.3292769235461875,
      "test_ndcg": 0.9223136863491689,
      "train_edges": 61760,
      "train_eval_time_sec": 2438.1279573626816,
      "val_ap": 0.5736071638181692,
      "val_auc": 0.819637446569347,
      "val_edges": 14592,
      "val_ndcg": 0.9176850661773889
    }
  ]
}