{
  "environment": {
    "cuda_available": true,
    "cuda_capability": [
      7,
      0
    ],
    "cuda_device": "Tesla V100-PCIE-32GB",
    "python": "3.10.8",
    "torch": "2.5.1+cu121"
  },
  "rows": [
    {
      "ablation": "full",
      "allocated_mb": 33.2470703125,
      "dataset": "yago15k-temporal",
      "few_shot_ratio": 1.0,
      "max_allocated_mb": 1101.68212890625,
      "method": "ssptgfm",
      "params_total": 1416735,
      "params_trainable": 1416722,
      "reserved_mb": 1220.0,
      "rough_forward_flops": 384237568,
      "scenario": "standard",
      "seed": 2,
      "test_ap": 0.1472814713784954,
      "test_auc": 0.5867149495127265,
      "test_edges": 26719,
      "test_hits@1": 0.08,
      "test_hits@10": 0.31666666666666665,
      "test_hits@100": 0.52,
      "test_hits@50": 0.4816666666666667,
      "test_mrr": 0.16200440030508295,
      "test_ndcg": 0.8250524594295411,
      "train_align": 71.10402047817232,
      "train_candidate_rank": 1.9663242017546332,
      "train_edges": 3244,
      "train_eval_time_sec": 3677.516798045486,
      "train_kl": 606.9890339414952,
      "train_loss": 1.1955742318640952,
      "train_lp": 0.4211279563017492,
      "train_meta": 0.3356321995701623,
      "train_ood_reg": 0.23747224575382167,
      "train_rank": 0.20217844923648376,
      "train_struct_aux": 0.7915528965776949,
      "train_weighted_align": 0.7110401901102751,
      "train_weighted_candidate_rank": 0.09831621200898734,
      "train_weighted_kl": 0.06069890167800931,
      "train_weighted_meta": 0.0016781609689632525,
      "train_weighted_ood_reg": 0.00023747225744862868,
      "train_weighted_rank": 0.002021784442903598,
      "train_weighted_struct_aux": 0.0007915529332747686,
      "val_ap": 0.14076717564720592,
      "val_auc": 0.5783734334253056,
      "val_edges": 6738,
      "val_hits@1": 0.11,
      "val_hits@10": 0.41,
      "val_hits@100": 0.5,
      "val_hits@50": 0.47,
      "val_mrr": 0.21706636835411378,
      "val_ndcg": 0.7980891254796819
    }
  ]
}