{
  "rows": [
    {
      "ablation": "full",
      "allocated_mb": 48.81201171875,
      "dataset": "tkgl-yago",
      "few_shot_ratio": 1.0,
      "max_allocated_mb": 10637.7373046875,
      "method": "ssptgfm",
      "params_total": 2230544,
      "params_trainable": 2230544,
      "reserved_mb": 10826.0,
      "rough_forward_flops": 24227184640,
      "scenario": "label_split",
      "seed": 1,
      "test_ap": 0.8983154626984571,
      "test_auc": 0.951221896254733,
      "test_edges": 40052,
      "test_hits@1": 0.875,
      "test_hits@10": 0.92,
      "test_hits@100": 0.92,
      "test_hits@50": 0.92,
      "test_mrr": 0.8940738680388016,
      "test_ndcg": 0.9854818830807066,
      "train_align": 30647.36989902594,
      "train_edges": 323080,
      "train_eval_time_sec": 10236.243592239916,
      "train_kl": 17414.267728052382,
      "train_loss": 155.0465727781638,
      "train_lp": 0.0670782998825113,
      "train_meta": 0.20098314555098812,
      "train_ood_reg": 0.22113846517526187,
      "train_weighted_align": 153.23684571584064,
      "train_weighted_kl": 1.7414266821402962,
      "train_weighted_meta": 0.0010049157024882814,
      "train_weighted_ood_reg": 0.00022113847602994586,
      "val_ap": 0.8443009775582585,
      "val_auc": 0.9342912165055648,
      "val_edges": 39046,
      "val_hits@1": 0.87,
      "val_hits@10": 0.9,
      "val_hits@100": 0.9,
      "val_hits@50": 0.9,
      "val_mrr": 0.8850206138439322,
      "val_ndcg": 0.9781028057401032
    },
    {
      "ablation": "full",
      "allocated_mb": 48.81201171875,
      "dataset": "tkgl-yago",
      "few_shot_ratio": 1.0,
      "max_allocated_mb": 10639.95263671875,
      "method": "ssptgfm",
      "params_total": 2230544,
      "params_trainable": 2230544,
      "reserved_mb": 10824.0,
      "rough_forward_flops": 24227184640,
      "scenario": "label_split",
      "seed": 2,
      "test_ap": 0.8870566225759469,
      "test_auc": 0.9496610235678438,
      "test_edges": 40052,
      "test_hits@1": 0.9,
      "test_hits@10": 0.92,
      "test_hits@100": 0.92,
      "test_hits@50": 0.92,
      "test_mrr": 0.9091868593244975,
      "test_ndcg": 0.9844469219937627,
      "train_align": 29366.478286508413,
      "train_edges": 323080,
      "train_eval_time_sec": 10075.730387527496,
      "train_kl": 22852.92162428636,
      "train_loss": 149.1915464523511,
      "train_lp": 0.07260790037898682,
      "train_meta": 0.20683347593801907,
      "train_ood_reg": 0.22445010856176034,
      "train_weighted_align": 146.83238780681904,
      "train_weighted_kl": 2.2852921614136834,
      "train_weighted_meta": 0.0010341673568157207,
      "train_weighted_ood_reg": 0.0002244501194068923,
      "val_ap": 0.8339820684039166,
      "val_auc": 0.9330028497967777,
      "val_edges": 39046,
      "val_hits@1": 0.89,
      "val_hits@10": 0.9,
      "val_hits@100": 0.9,
      "val_hits@50": 0.9,
      "val_mrr": 0.8950256763739961,
      "val_ndcg": 0.9770845978913283
    },
    {
      "ablation": "full",
      "allocated_mb": 48.81201171875,
      "dataset": "tkgl-yago",
      "few_shot_ratio": 1.0,
      "max_allocated_mb": 10624.8134765625,
      "method": "ssptgfm",
      "params_total": 2230544,
      "params_trainable": 2230544,
      "reserved_mb": 10804.0,
      "rough_forward_flops": 24227184640,
      "scenario": "label_split",
      "seed": 3,
      "test_ap": 0.8488829052822464,
      "test_auc": 0.9501373940744603,
      "test_edges": 40052,
      "test_hits@1": 0.235,
      "test_hits@10": 0.59,
      "test_hits@100": 0.865,
      "test_hits@50": 0.79,
      "test_mrr": 0.34920429211114196,
      "test_ndcg": 0.9795765471884285,
      "train_align": 46318.366111403244,
      "train_edges": 323080,
      "train_eval_time_sec": 3564.2790439277887,
      "train_kl": 13491.830373480381,
      "train_loss": 233.07561825972337,
      "train_lp": 0.13304934195983104,
      "train_meta": 0.2648094778128255,
      "train_ood_reg": 0.23198558451273502,
      "train_weighted_align": 231.59182543143248,
      "train_weighted_kl": 1.349183008270577,
      "train_weighted_meta": 0.0013240473545127502,
      "train_weighted_ood_reg": 0.0002319855951310064,
      "val_ap": 0.801090656541677,
      "val_auc": 0.9352891560724246,
      "val_edges": 39046,
      "val_hits@1": 0.32,
      "val_hits@10": 0.65,
      "val_hits@100": 0.88,
      "val_hits@50": 0.85,
      "val_mrr": 0.4286343613722052,
      "val_ndcg": 0.9730578436675571
    },
    {
      "ablation": "full",
      "allocated_mb": 48.81201171875,
      "dataset": "tkgl-yago",
      "few_shot_ratio": 1.0,
      "max_allocated_mb": 10631.80859375,
      "method": "ssptgfm",
      "params_total": 2230544,
      "params_trainable": 2230544,
      "reserved_mb": 10824.0,
      "rough_forward_flops": 24227184640,
      "scenario": "label_split",
      "seed": 4,
      "test_ap": 0.8970531908449701,
      "test_auc": 0.9494577841774833,
      "test_edges": 40052,
      "test_hits@1": 0.85,
      "test_hits@10": 0.9,
      "test_hits@100": 0.925,
      "test_hits@50": 0.92,
      "test_mrr": 0.8745002729676365,
      "test_ndcg": 0.9852063143957264,
      "train_align": 29520.0300396259,
      "train_edges": 323080,
      "train_eval_time_sec": 9271.204842604697,
      "train_kl": 16351.618250098596,
      "train_loss": 149.30658659079137,
      "train_lp": 0.07034634825510856,
      "train_meta": 0.1430328661572882,
      "train_ood_reg": 0.22002696769359784,
      "train_weighted_align": 147.60014663353945,
      "train_weighted_kl": 1.635161819576453,
      "train_weighted_meta": 0.000715164317276472,
      "train_weighted_ood_reg": 0.00022002697843186652,
      "val_ap": 0.843976425489782,
      "val_auc": 0.9340474249145663,
      "val_edges": 39046,
      "val_hits@1": 0.86,
      "val_hits@10": 0.9,
      "val_hits@100": 0.9,
      "val_hits@50": 0.9,
      "val_mrr": 0.876458759767142,
      "val_ndcg": 0.9780443797608289
    },
    {
      "ablation": "full",
      "allocated_mb": 48.81201171875,
      "dataset": "tkgl-yago",
      "few_shot_ratio": 1.0,
      "max_allocated_mb": 10625.63623046875,
      "method": "ssptgfm",
      "params_total": 2230544,
      "params_trainable": 2230544,
      "reserved_mb": 10806.0,
      "rough_forward_flops": 24227184640,
      "scenario": "label_split",
      "seed": 5,
      "test_ap": 0.8522540258060887,
      "test_auc": 0.9491050367294912,
      "test_edges": 40052,
      "test_hits@1": 0.25,
      "test_hits@10": 0.605,
      "test_hits@100": 0.85,
      "test_hits@50": 0.775,
      "test_mrr": 0.3643184079277377,
      "test_ndcg": 0.9805813816611243,
      "train_align": 32167.771467159957,
      "train_edges": 323080,
      "train_eval_time_sec": 4719.882743384689,
      "train_kl": 24870.879885629507,
      "train_loss": 163.40412242595966,
      "train_lp": 0.07709910231523025,
      "train_meta": 0.16970747528711141,
      "train_ood_reg": 0.23210523235492217,
      "train_weighted_align": 160.83885289461185,
      "train_weighted_kl": 2.4870879273384046,
      "train_weighted_meta": 0.0008485373533383212,
      "train_weighted_ood_reg": 0.00023210524358989622,
      "val_ap": 0.8032418813296929,
      "val_auc": 0.9322845984198943,
      "val_edges": 39046,
      "val_hits@1": 0.33,
      "val_hits@10": 0.68,
      "val_hits@100": 0.86,
      "val_hits@50": 0.83,
      "val_mrr": 0.4434550069801864,
      "val_ndcg": 0.9735508741194797
    }
  ]
}
