,,,,,test_ap,test_ap,test_ap,test_ap,test_auc,test_auc,test_auc,test_auc,test_edges,test_edges,test_edges,test_edges,test_hits@1,test_hits@1,test_hits@1,test_hits@1,test_hits@10,test_hits@10,test_hits@10,test_hits@10,test_hits@100,test_hits@100,test_hits@100,test_hits@100,test_hits@50,test_hits@50,test_hits@50,test_hits@50,test_mrr,test_mrr,test_mrr,test_mrr,test_ndcg,test_ndcg,test_ndcg,test_ndcg,val_ap,val_ap,val_ap,val_ap,val_auc,val_auc,val_auc,val_auc,val_edges,val_edges,val_edges,val_edges,val_hits@1,val_hits@1,val_hits@1,val_hits@1,val_hits@10,val_hits@10,val_hits@10,val_hits@10,val_hits@100,val_hits@100,val_hits@100,val_hits@100,val_hits@50,val_hits@50,val_hits@50,val_hits@50,val_mrr,val_mrr,val_mrr,val_mrr,val_ndcg,val_ndcg,val_ndcg,val_ndcg
,,,,,ci95,count,mean,std,ci95,count,mean,std,ci95,count,mean,std,ci95,count,mean,std,ci95,count,mean,std,ci95,count,mean,std,ci95,count,mean,std,ci95,count,mean,std,ci95,count,mean,std,ci95,count,mean,std,ci95,count,mean,std,ci95,count,mean,std,ci95,count,mean,std,ci95,count,mean,std,ci95,count,mean,std,ci95,count,mean,std,ci95,count,mean,std,ci95,count,mean,std
dataset,method,ablation,scenario,few_shot_ratio,,,,,,,,,,,,,,,,,,,,,,,,,,,,,,,,,,,,,,,,,,,,,,,,,,,,,,,,,,,,,,,,,,,,,,,,
tkgl-yago,ssptgfm,full,label_split,1.0,0.0212916626623542,5,0.8767124414415418,0.024290614830111298,0.000718416142633861,5,0.9499166269608024,0.0008196057811543357,0.0,5,40052.0,0.0,0.3040938578794382,5,0.622,0.3469257845707061,0.15187154572203446,5,0.787,0.1732628061645084,0.03120649932305772,5,0.8960000000000001,0.03560196623783584,0.06617721662324581,5,0.865,0.07549834435270752,0.2575182184461127,5,0.678256740073963,0.29378991933170834,0.0024273046451985815,5,0.9830586096639496,0.0027691929534515497,0.018890757921341247,5,0.8253184018646653,0.02155154023398554,0.0010232018782816352,5,0.9337830491418455,0.001167320895175103,0.0,5,39046.0,0.0,0.2634432492966939,5,0.654,0.3005494967555261,0.11320590797303821,5,0.806,0.1291510743277035,0.01568000000000001,5,0.8880000000000001,0.01788854381999833,0.02946526090161091,5,0.876,0.03361547262794324,0.21591001438111518,5,0.7057188836674924,0.24632115774445446,0.0021660902849875772,5,0.9759681002358593,0.002471186287058222
