{
  "environment": {
    "cuda_available": true,
    "cuda_capability": [
      7,
      0
    ],
    "cuda_device": "Tesla V100-PCIE-32GB",
    "python": "3.10.8",
    "torch": "2.5.1+cu121"
  },
  "rows": [
    {
      "ablation": "full",
      "allocated_mb": 48.81201171875,
      "dataset": "tkgl-yago",
      "few_shot_ratio": 1.0,
      "max_allocated_mb": 8341.2705078125,
      "method": "ssptgfm",
      "params_total": 2230544,
      "params_trainable": 2230544,
      "reserved_mb": 8504.0,
      "rough_forward_flops": 24227184640,
      "scenario": "label_split",
      "seed": 1,
      "test_ap": 0.8962178979298768,
      "test_auc": 0.9515534674530122,
      "test_edges": 40052,
      "test_hits@1": 0.81,
      "test_hits@10": 0.86,
      "test_hits@100": 0.915,
      "test_hits@50": 0.91,
      "test_mrr": 0.8287048369944663,
      "test_ndcg": 0.9854175899432219,
      "train_align": 17188.236490885418,
      "train_edges": 323080,
      "train_eval_time_sec": 1555.7878968007863,
      "train_kl": 47713.84039337941,
      "train_loss": 883.4262794592441,
      "train_lp": 0.15589488769570986,
      "train_meta": 0.13958679341878263,
      "train_ood_reg": 0.21965157122184067,
      "train_weighted_align": 859.4118388542762,
      "train_weighted_kl": 23.85692132741977,
      "train_weighted_meta": 0.001395867899403432,
      "train_weighted_ood_reg": 0.00021965158177921786,
      "val_ap": 0.8439873556712298,
      "val_auc": 0.9353854093200746,
      "val_edges": 39046,
      "val_ndcg": 0.9782741933252771
    },
    {
      "ablation": "baseline",
      "dataset": "tkgl-yago",
      "few_shot_ratio": 1.0,
      "method": "lm_mlp",
      "params_total": 117761,
      "params_trainable": 117761,
      "scenario": "label_split",
      "seed": 1,
      "test_ap": 0.3899988264384259,
      "test_auc": 0.8307204091749038,
      "test_edges": 40052,
      "test_hits@1": 0.0,
      "test_hits@10": 0.0,
      "test_hits@100": 0.235,
      "test_hits@50": 0.105,
      "test_mrr": 0.006738715243400747,
      "test_ndcg": 0.9019662187062587,
      "train_edges": 323080,
      "train_eval_time_sec": 599.0145183429122,
      "val_ap": 0.42843446246548555,
      "val_auc": 0.86920260697794,
      "val_edges": 39046,
      "val_ndcg": 0.9106788963673222
    },
    {
      "ablation": "baseline",
      "dataset": "tkgl-yago",
      "few_shot_ratio": 1.0,
      "method": "structure_mlp",
      "params_total": 19841,
      "params_trainable": 19841,
      "scenario": "label_split",
      "seed": 1,
      "test_ap": 0.8982931845611177,
      "test_auc": 0.9504216907663502,
      "test_edges": 40052,
      "test_hits@1": 0.875,
      "test_hits@10": 0.92,
      "test_hits@100": 0.92,
      "test_hits@50": 0.92,
      "test_mrr": 0.8976032364609854,
      "test_ndcg": 0.9850312843983565,
      "train_edges": 323080,
      "train_eval_time_sec": 2017.6729968488216,
      "val_ap": 0.8444314786480209,
      "val_auc": 0.9334790601515351,
      "val_edges": 39046,
      "val_ndcg": 0.9776362058871728
    }
  ]
}