{
  "environment": {
    "cuda_available": true,
    "cuda_capability": [
      7,
      0
    ],
    "cuda_device": "Tesla V100-PCIE-32GB",
    "python": "3.10.8",
    "torch": "2.5.1+cu121"
  },
  "rows": [
    {
      "ablation": "full",
      "allocated_mb": 49.5400390625,
      "dataset": "icews14",
      "few_shot_ratio": 1.0,
      "max_allocated_mb": 1292.0556640625,
      "method": "ssptgfm",
      "params_total": 2947300,
      "params_trainable": 2947251,
      "reserved_mb": 1546.0,
      "rough_forward_flops": 2792030208,
      "scenario": "standard",
      "seed": 2,
      "test_ap": 0.7217637839208487,
      "test_auc": 0.9327819004905041,
      "test_edges": 14378,
      "test_hits@1": 0.294,
      "test_hits@10": 0.662,
      "test_hits@100": 0.852,
      "test_hits@50": 0.81,
      "test_mrr": 0.4248737623809682,
      "test_ndcg": 0.9562926794038957,
      "train_align": 2083.8803509880513,
      "train_edges": 61760,
      "train_eval_time_sec": 2498.745646432042,
      "train_kl": 7217.25388805913,
      "train_loss": 11.501839897679348,
      "train_lp": 0.3581982925826428,
      "train_meta": 0.3515319128246868,
      "train_ood_reg": 0.19745175020367492,
      "train_rank": 0.16503326859252127,
      "train_struct_aux": 0.5595635753051907,
      "train_weighted_align": 10.419401516633876,
      "train_weighted_kl": 0.7217253707203211,
      "train_weighted_meta": 0.0017576595250170166,
      "train_weighted_ood_reg": 0.00019745175931009228,
      "train_weighted_rank": 0.00016503327662540672,
      "train_weighted_struct_aux": 0.0005595636026198775,
      "val_ap": 0.7018617216408785,
      "val_auc": 0.9209703194995997,
      "val_edges": 14592,
      "val_hits@1": 0.25,
      "val_hits@10": 0.57,
      "val_hits@100": 0.81,
      "val_hits@50": 0.75,
      "val_mrr": 0.34941123703574917,
      "val_ndcg": 0.9515612525452206
    }
  ]
}