{
  "best_candidate": {
    "model": {
      "adapter_rank": 20,
      "hidden_dim": 160,
      "relation_rank": 20,
      "temporal_layers": 2
    },
    "name": "h160_comp_neg4_lr8e4",
    "train": {
      "early_stop_metric": "composite",
      "early_stop_weights": {
        "val_ap": 0.55,
        "val_auc": 0.55,
        "val_hits@10": 0.85,
        "val_mrr": 2.2,
        "val_ndcg": 0.2
      },
      "lambda_align": 0.0001,
      "lambda_kl": 1e-06,
      "lambda_meta": 0.005,
      "lambda_ood": 0.001,
      "lr": 0.0008,
      "num_neg_train": 4
    }
  },
  "best_candidate_passes_minima": false,
  "best_validation_mean": -0.017286180689359984,
  "candidate_summaries": [
    {
      "candidate": "h128_comp_neg4_lr1e3",
      "means": {
        "val_ap": 0.22416806129146558,
        "val_auc": 0.8782881944444445,
        "val_hits@10": 0.265,
        "val_hits@100": 0.8066666666666666,
        "val_hits@50": 0.77,
        "val_mrr": 0.11639531857358253,
        "val_ndcg": 0.7386763072207829
      },
      "passes_metric_minima": false,
      "score": -0.10465139558782675,
      "seeds_completed": 3
    },
    {
      "candidate": "h128_gate_neg4_lr1e3",
      "means": {
        "val_ap": 0.2211327574181734,
        "val_auc": 0.8660469907407409,
        "val_hits@10": 0.265,
        "val_hits@100": 0.795,
        "val_hits@50": 0.75,
        "val_mrr": 0.12089192299360801,
        "val_ndcg": 0.7367646728487037
      },
      "passes_metric_minima": false,
      "score": -0.07006213081839992,
      "seeds_completed": 3
    },
    {
      "candidate": "h160_comp_neg4_lr8e4",
      "means": {
        "val_ap": 0.21237142250689103,
        "val_auc": 0.8500474537037036,
        "val_hits@10": 0.28833333333333333,
        "val_hits@100": 0.7983333333333333,
        "val_hits@50": 0.725,
        "val_mrr": 0.13036941981458364,
        "val_ndcg": 0.7387067166822905
      },
      "passes_metric_minima": false,
      "score": -0.017286180689359984,
      "seeds_completed": 3
    },
    {
      "candidate": "h192_comp_neg6_rankloss_lr7",
      "means": {
        "val_ap": 0.2141749440946771,
        "val_auc": 0.8503131944444444,
        "val_hits@10": 0.2816666666666667,
        "val_hits@100": 0.7983333333333333,
        "val_hits@50": 0.7216666666666667,
        "val_mrr": 0.1271609189697901,
        "val_ndcg": 0.7448714287152831
      },
      "passes_metric_minima": false,
      "score": -0.021839084847768548,
      "seeds_completed": 3
    },
    {
      "candidate": "h192_hist_neg4_lowmid_lr7",
      "means": {
        "val_ap": NaN,
        "val_auc": NaN,
        "val_hits@10": NaN,
        "val_hits@100": NaN,
        "val_hits@50": NaN,
        "val_mrr": NaN,
        "val_ndcg": NaN
      },
      "passes_metric_minima": false,
      "score": -Infinity,
      "seeds_completed": 3
    },
    {
      "candidate": "h128_hist_neg4_rank_lr1e3",
      "means": {
        "val_ap": NaN,
        "val_auc": NaN,
        "val_hits@10": NaN,
        "val_hits@100": NaN,
        "val_hits@50": NaN,
        "val_mrr": NaN,
        "val_ndcg": NaN
      },
      "passes_metric_minima": false,
      "score": -Infinity,
      "seeds_completed": 3
    }
  ],
  "dataset": "synthetic",
  "environment": {
    "cuda_available": true,
    "cuda_capability": [
      7,
      0
    ],
    "cuda_device": "Tesla V100-PCIE-32GB",
    "python": "3.10.8",
    "torch": "2.5.1+cu121"
  },
  "formal_allowed": false,
  "leakage_control": {
    "selection_uses": "validation metrics only",
    "temporal_split": "strict train < validation < test",
    "test_usage": "not evaluated by this script"
  },
  "metric_minima": {
    "val_ap": 0.215,
    "val_auc": 0.865,
    "val_hits@10": 0.28,
    "val_mrr": 0.13
  },
  "metric_weights": {},
  "rows": [
    {
      "all_minima_margin": NaN,
      "candidate": "h128_comp_neg4_lr1e3",
      "seed": 1,
      "train_align": 429.05264064243863,
      "train_kl": 2962.125231061663,
      "train_loss": 0.4425272946911199,
      "train_lp": 0.39374618232250214,
      "train_meta": 0.5361098793468305,
      "train_ood_reg": 0.233174076836024,
      "train_weighted_align": 0.04290526287098016,
      "train_weighted_kl": 0.0029621252407585935,
      "train_weighted_meta": 0.002680549335699262,
      "train_weighted_ood_reg": 0.00023317408730300876,
      "val_ap": 0.23341062355430198,
      "val_auc": 0.8804875000000001,
      "val_hits@1": 0.035,
      "val_hits@10": 0.25,
      "val_hits@100": 0.79,
      "val_hits@50": 0.76,
      "val_mrr": 0.11055748640202456,
      "val_ndcg": 0.7477844491997497
    },
    {
      "all_minima_margin": NaN,
      "candidate": "h128_comp_neg4_lr1e3",
      "seed": 2,
      "train_align": 426.90886088779996,
      "train_kl": 3197.2864859444753,
      "train_loss": 0.4448882224304335,
      "train_lp": 0.39594748829092297,
      "train_meta": 0.5635109865771872,
      "train_ood_reg": 0.23501305282115936,
      "train_weighted_align": 0.04269088512020452,
      "train_weighted_kl": 0.003197286494209298,
      "train_weighted_meta": 0.0028175548598353218,
      "train_weighted_ood_reg": 0.00023501306376212078,
      "val_ap": 0.23150172896481583,
      "val_auc": 0.8863673611111111,
      "val_hits@1": 0.04,
      "val_hits@10": 0.28,
      "val_hits@100": 0.825,
      "val_hits@50": 0.79,
      "val_mrr": 0.11919846675471156,
      "val_ndcg": 0.7492875607985481
    },
    {
      "all_minima_margin": NaN,
      "candidate": "h128_comp_neg4_lr1e3",
      "seed": 3,
      "train_align": 413.4818998064314,
      "train_kl": 3285.8436322893417,
      "train_loss": 0.35724248604050707,
      "train_lp": 0.310339997655579,
      "train_meta": 0.40633126215210985,
      "train_ood_reg": 0.23679945138948305,
      "train_weighted_align": 0.04134818904900125,
      "train_weighted_kl": 0.0032858436295230475,
      "train_weighted_meta": 0.0020316562586231157,
      "train_weighted_ood_reg": 0.00023679946207266767,
      "val_ap": 0.20759183135527895,
      "val_auc": 0.8680097222222222,
      "val_hits@1": 0.035,
      "val_hits@10": 0.265,
      "val_hits@100": 0.805,
      "val_hits@50": 0.76,
      "val_mrr": 0.11943000256401141,
      "val_ndcg": 0.7189569116640508
    },
    {
      "all_minima_margin": NaN,
      "candidate": "h128_gate_neg4_lr1e3",
      "seed": 1,
      "train_align": 429.05264064243863,
      "train_kl": 2962.125226702009,
      "train_loss": 0.4425272930945669,
      "train_lp": 0.39374618072594914,
      "train_meta": 0.5361098828060287,
      "train_ood_reg": 0.23317407656993186,
      "train_weighted_align": 0.0429052629375032,
      "train_weighted_kl": 0.0029621252366009037,
      "train_weighted_meta": 0.0026805493564877126,
      "train_weighted_ood_reg": 0.00023317408704315312,
      "val_ap": 0.23341062355430198,
      "val_auc": 0.8804875000000001,
      "val_hits@1": 0.035,
      "val_hits@10": 0.25,
      "val_hits@100": 0.79,
      "val_hits@50": 0.76,
      "val_mrr": 0.11055748640202456,
      "val_ndcg": 0.7477844491997497
    },
    {
      "all_minima_margin": NaN,
      "candidate": "h128_gate_neg4_lr1e3",
      "seed": 2,
      "train_align": 407.3590872628348,
      "train_kl": 4212.559875488281,
      "train_loss": 0.3124054563896997,
      "train_lp": 0.26553308511418955,
      "train_meta": 0.3372638752417905,
      "train_ood_reg": 0.23758600199861185,
      "train_weighted_align": 0.040735907786126645,
      "train_weighted_kl": 0.004212559857738337,
      "train_weighted_meta": 0.0016863193429474319,
      "train_weighted_ood_reg": 0.00023758601206022182,
      "val_ap": 0.22239581734493927,
      "val_auc": 0.84964375,
      "val_hits@1": 0.05,
      "val_hits@10": 0.28,
      "val_hits@100": 0.79,
      "val_hits@50": 0.73,
      "val_mrr": 0.13268828001478805,
      "val_ndcg": 0.7435526576823106
    },
    {
      "all_minima_margin": NaN,
      "candidate": "h128_gate_neg4_lr1e3",
      "seed": 3,
      "train_align": 413.4818981715611,