{
  "environment": {
    "cuda_available": true,
    "cuda_capability": [
      7,
      0
    ],
    "cuda_device": "Tesla V100-PCIE-32GB",
    "python": "3.10.8",
    "torch": "2.5.1+cu121"
  },
  "rows": [
    {
      "ablation": "full",
      "allocated_mb": 49.5400390625,
      "dataset": "icews14",
      "few_shot_ratio": 1.0,
      "max_allocated_mb": 1292.0830078125,
      "method": "ssptgfm",
      "params_total": 2947300,
      "params_trainable": 2947251,
      "reserved_mb": 1526.0,
      "rough_forward_flops": 2792030208,
      "scenario": "standard",
      "seed": 3,
      "test_ap": 0.730501992658323,
      "test_auc": 0.9366403993202935,
      "test_edges": 14378,
      "test_hits@1": 0.294,
      "test_hits@10": 0.66,
      "test_hits@100": 0.858,
      "test_hits@50": 0.8,
      "test_mrr": 0.4234702242620458,
      "test_ndcg": 0.9580877023248427,
      "train_align": 1792.6433773265167,
      "train_edges": 61760,
      "train_eval_time_sec": 2670.9566788710654,
      "train_kl": 7619.05632276348,
      "train_loss": 10.04823216643988,
      "train_lp": 0.3203508559395285,
      "train_meta": 0.32355296613246787,
      "train_ood_reg": 0.2151626676905389,
      "train_rank": 0.15444419942065782,
      "train_struct_aux": 0.9261238750289468,
      "train_weighted_align": 8.963216708688176,
      "train_weighted_kl": 0.7619056124313205,
      "train_weighted_meta": 0.001617764798107137,
      "train_weighted_ood_reg": 0.0002151626781400695,
      "train_weighted_rank": 0.00015444420688949965,
      "train_weighted_struct_aux": 0.0009261239208189734,
      "val_ap": 0.712772655147818,
      "val_auc": 0.9255604206154479,
      "val_edges": 14592,
      "val_hits@1": 0.24,
      "val_hits@10": 0.57,
      "val_hits@100": 0.82,
      "val_hits@50": 0.765,
      "val_mrr": 0.3423340648169265,
      "val_ndcg": 0.9538570482784223
    }
  ]
}