{
  "best_candidate": {
    "model": {
      "adapter_rank": 16,
      "hidden_dim": 128,
      "relation_rank": 16,
      "temporal_layers": 1
    },
    "name": "h128_lr7e4_meta01_ood001",
    "train": {
      "lambda_align": 0.05,
      "lambda_kl": 0.0005,
      "lambda_meta": 0.01,
      "lambda_ood": 0.001,
      "lr": 0.0007
    }
  },
  "best_validation_mean": 0.7059393083719253,
  "dataset": "yago15k-temporal",
  "environment": {
    "cuda_available": true,
    "cuda_capability": [
      7,
      0
    ],
    "cuda_device": "Tesla V100-PCIE-32GB",
    "python": "3.10.8",
    "torch": "2.5.1+cu121"
  },
  "leakage_control": {
    "selection_uses": "validation metrics only",
    "temporal_split": "strict train < validation < test",
    "test_usage": "not evaluated by this script"
  },
  "rows": [
    {
      "candidate": "h96_lr1e3_meta005_ood001",
      "seed": 1,
      "train_align": 296.308440537776,
      "train_kl": 1200.0500956389862,
      "train_loss": 15.933532458745827,
      "train_lp": 0.5152923391532089,
      "train_meta": 0.5149256614810329,
      "train_ood_reg": 0.21809692845001058,
      "val_ap": 0.15392463872177697,
      "val_auc": 0.6260832082029497,
      "val_ndcg": 0.8030624123914736
    },
    {
      "candidate": "h96_lr1e3_meta005_ood001",
      "seed": 2,
      "train_align": 301.1118302203841,
      "train_kl": 1162.5039459487139,
      "train_loss": 16.17386660939556,
      "train_lp": 0.5341697416063083,
      "train_meta": 0.5242337994908882,
      "train_ood_reg": 0.2320120375035173,
      "val_ap": 0.16582620682863142,
      "val_auc": 0.6949033685513359,
      "val_ndcg": 0.8084948407665976
    },
    {
      "candidate": "h96_lr7e4_meta01_ood001",
      "seed": 1,
      "train_align": 267.46194791995873,
      "train_kl": 1199.8579846721584,
      "train_loss": 14.400686303690328,
      "train_lp": 0.42325641694715466,
      "train_meta": 0.418747352941309,
      "train_ood_reg": 0.21570907533168793,
      "val_ap": 0.1557984711717679,
      "val_auc": 0.6229771245095113,
      "val_ndcg": 0.804447961752733
    },
    {
      "candidate": "h96_lr7e4_meta01_ood001",
      "seed": 2,
      "train_align": 307.36923724109846,
      "train_kl": 1195.5252624770342,
      "train_loss": 16.562170968722487,
      "train_lp": 0.5898554946406412,
      "train_meta": 0.5859068414922488,
      "train_ood_reg": 0.23164634671756776,
      "val_ap": 0.1477097726761465,
      "val_auc": 0.6822444357837743,
      "val_ndcg": 0.795754432362918
    },
    {
      "candidate": "h128_lr7e4_meta01_ood001",
      "seed": 1,
      "train_align": 218.01926872639334,
      "train_kl": 1834.7434728266828,
      "train_loss": 12.20730804841397,
      "train_lp": 0.38600216003458443,
      "train_meta": 0.2734482476223355,
      "train_ood_reg": 0.23616412938651393,
      "val_ap": 0.17458457593129154,
      "val_auc": 0.7022358680638979,
      "val_ndcg": 0.8128343364822658
    },
    {
      "candidate": "h128_lr7e4_meta01_ood001",
      "seed": 2,
      "train_align": 232.45449644125114,
      "train_kl": 1751.5721504082114,
      "train_loss": 12.877203782988808,
      "train_lp": 0.375014532100946,
      "train_meta": 0.3443785111885518,
      "train_ood_reg": 0.2343331361978741,
      "val_ap": 0.184151083197614,
      "val_auc": 0.7096427486799527,
      "val_ndcg": 0.8205998068648402
    }
  ],
  "scenario": {
    "name": "standard"
  },
  "selection_metric": "val_auc"
}