{
  "environment": {
    "cuda_available": true,
    "cuda_capability": [
      7,
      0
    ],
    "cuda_device": "Tesla V100-PCIE-32GB",
    "python": "3.10.8",
    "torch": "2.5.1+cu121"
  },
  "rows": [
    {
      "ablation": "full",
      "allocated_mb": 48.5595703125,
      "dataset": "icews14",
      "few_shot_ratio": 1.0,
      "max_allocated_mb": 1288.994140625,
      "method": "ssptgfm",
      "params_total": 2819632,
      "params_trainable": 2819632,
      "reserved_mb": 1542.0,
      "rough_forward_flops": 2792030208,
      "scenario": "standard",
      "seed": 4,
      "test_ap": 0.41823572422947186,
      "test_auc": 0.9004273162652614,
      "test_edges": 14378,
      "test_hits@1": 0.0275,
      "test_hits@10": 0.16,
      "test_hits@100": 0.5125,
      "test_hits@50": 0.405,
      "test_mrr": 0.07554373995391779,
      "test_ndcg": 0.9025688352542617,
      "train_align": 1127.8402372472426,
      "train_edges": 61760,
      "train_eval_time_sec": 5504.844105042517,
      "train_kl": 2678.2145467122396,
      "train_loss": 58.06463665681727,
      "train_lp": 0.3299799273995792,
      "train_meta": 0.33221475952396207,
      "train_ood_reg": 0.21403726725017322,
      "train_weighted_align": 56.392012906542014,
      "train_weighted_kl": 1.3391073395224178,
      "train_weighted_meta": 0.0033221475291522404,
      "train_weighted_ood_reg": 0.0002140372775280483,
      "val_ap": 0.44733268594046444,
      "val_auc": 0.900338774704867,
      "val_edges": 14592,
      "val_ndcg": 0.9078048792680142
    },
    {
      "ablation": "baseline",
      "dataset": "icews14",
      "few_shot_ratio": 1.0,
      "method": "lm_mlp",
      "params_total": 96193,
      "params_trainable": 96193,
      "scenario": "standard",
      "seed": 4,
      "test_ap": 0.5249641016793472,
      "test_auc": 0.9091743414465628,
      "test_edges": 14378,
      "test_hits@1": 0.02,
      "test_hits@10": 0.135,
      "test_hits@100": 0.5425,
      "test_hits@50": 0.395,
      "test_mrr": 0.06562126695601898,
      "test_ndcg": 0.921639589029293,
      "train_edges": 61760,
      "train_eval_time_sec": 330.3725289031863,
      "val_ap": 0.5321576908548713,
      "val_auc": 0.9087963559099915,
      "val_edges": 14592,
      "val_ndcg": 0.9227625865104084
    },
    {
      "ablation": "baseline",
      "dataset": "icews14",
      "few_shot_ratio": 1.0,
      "method": "structure_mlp",
      "params_total": 31969,
      "params_trainable": 31969,
      "scenario": "standard",
      "seed": 4,
      "test_ap": 0.4797527415824041,
      "test_auc": 0.8373618247929476,
      "test_edges": 14378,
      "test_hits@1": 0.165,
      "test_hits@10": 0.5175,
      "test_hits@100": 0.8075,
      "test_hits@50": 0.7425,
      "test_mrr": 0.26127612670400313,
      "test_ndcg": 0.9063561055007873,
      "train_edges": 61760,
      "train_eval_time_sec": 2539.795007623732,
      "val_ap": 0.48594840658227856,
      "val_auc": 0.8276612885470168,
      "val_edges": 14592,
      "val_ndcg": 0.9054834700185094
    }
  ]
}