{
  "environment": {
    "cuda_available": true,
    "cuda_capability": [
      7,
      0
    ],
    "cuda_device": "Tesla V100-PCIE-32GB",
    "python": "3.10.8",
    "torch": "2.5.1+cu121"
  },
  "rows": [
    {
      "ablation": "full",
      "allocated_mb": 57.21923828125,
      "dataset": "icews05-15",
      "few_shot_ratio": 1.0,
      "max_allocated_mb": 5626.56591796875,
      "method": "ssptgfm",
      "params_total": 3305488,
      "params_trainable": 3305488,
      "reserved_mb": 6238.0,
      "rough_forward_flops": 14289186816,
      "scenario": "standard",
      "seed": 4,
      "test_ap": 0.7065587672887439,
      "test_auc": 0.9092920213935768,
      "test_edges": 74087,
      "test_hits@1": 0.055,
      "test_hits@10": 0.21,
      "test_hits@100": 0.49,
      "test_hits@50": 0.37,
      "test_mrr": 0.10509827491409662,
      "test_ndcg": 0.9632794928572023,
      "train_align": 379.6736213700367,
      "train_edges": 326918,
      "train_eval_time_sec": 107002.13764068112,
      "train_kl": 432.20971201052237,
      "train_loss": 19.401855280245805,
      "train_lp": 0.200860415031714,
      "train_meta": 0.20396750046777923,
      "train_ood_reg": 0.18872012619932366,
      "val_ap": 0.7668519133130824,
      "val_auc": 0.9331241871002438,
      "val_edges": 60324,
      "val_ndcg": 0.9715702880406558
    },
    {
      "ablation": "baseline",
      "dataset": "icews05-15",
      "few_shot_ratio": 1.0,
      "method": "lm_mlp",
      "params_total": 98209,
      "params_trainable": 98209,
      "scenario": "standard",
      "seed": 4,
      "test_ap": 0.7655164983741247,
      "test_auc": 0.9187518779832219,
      "test_edges": 74087,
      "test_hits@1": 0.08,
      "test_hits@10": 0.29,
      "test_hits@100": 0.66,
      "test_hits@50": 0.555,
      "test_mrr": 0.15783124949959226,
      "test_ndcg": 0.9700099335860405,
      "train_edges": 326918,
      "train_eval_time_sec": 1494.342528719455,
      "val_ap": 0.827381585017339,
      "val_auc": 0.9485336610936312,
      "val_edges": 60324,
      "val_ndcg": 0.9791013148605678
    },
    {
      "ablation": "baseline",
      "dataset": "icews05-15",
      "few_shot_ratio": 1.0,
      "method": "structure_mlp",
      "params_total": 33985,
      "params_trainable": 33985,
      "scenario": "standard",
      "seed": 4,
      "test_ap": 0.8331279068697672,
      "test_auc": 0.9374352572188801,
      "test_edges": 74087,
      "test_hits@1": 0.275,
      "test_hits@10": 0.63,
      "test_hits@100": 0.86,
      "test_hits@50": 0.845,
      "test_mrr": 0.3788181700240456,
      "test_ndcg": 0.9790548986552422,
      "train_edges": 326918,
      "train_eval_time_sec": 10495.0856430009,
      "val_ap": 0.8568221675791614,
      "val_auc": 0.9488049880313657,
      "val_edges": 60324,
      "val_ndcg": 0.9821933366701986
    }
  ]
}