{
  "environment": {
    "cuda_available": true,
    "cuda_capability": [
      7,
      0
    ],
    "cuda_device": "Tesla V100-PCIE-32GB",
    "python": "3.10.8",
    "torch": "2.5.1+cu121"
  },
  "rows": [
    {
      "ablation": "full",
      "allocated_mb": 29.890625,
      "dataset": "yago15k-temporal",
      "few_shot_ratio": 1.0,
      "max_allocated_mb": 202.76123046875,
      "method": "ssptgfm",
      "params_total": 974916,
      "params_trainable": 974867,
      "reserved_mb": 270.0,
      "rough_forward_flops": 221349888,
      "scenario": "standard",
      "seed": 1,
      "test_ap": 0.16512041283270823,
      "test_auc": 0.6511668802508853,
      "test_edges": 26719,
      "test_hits@1": 0.05333333333333334,
      "test_hits@10": 0.25333333333333335,
      "test_hits@100": 0.5633333333333334,
      "test_hits@50": 0.455,
      "test_mrr": 0.1210194017537624,
      "test_ndcg": 0.8339523744219692,
      "train_align": 191.10871121085296,
      "train_edges": 3244,
      "train_eval_time_sec": 1857.5747776068747,
      "train_kl": 1004.3534166206748,
      "train_loss": 1.2143414079535246,
      "train_lp": 0.15584098149786488,
      "train_meta": 0.12407503708186982,
      "train_ood_reg": 0.208746859582804,
      "train_rank": 0.04824477420296677,
      "train_struct_aux": 1.6924047900572956,
      "train_weighted_align": 0.9555435380493922,
      "train_weighted_kl": 0.10043533976284504,
      "train_weighted_meta": 0.0006203751758306935,
      "train_weighted_ood_reg": 0.00020874686927881912,
      "train_weighted_rank": 4.8244776270493775e-05,
      "train_weighted_struct_aux": 0.0016924048647112258,
      "val_ap": 0.16039343895432925,
      "val_auc": 0.6123618477746704,
      "val_edges": 6738,
      "val_hits@1": 0.06666666666666667,
      "val_hits@10": 0.30666666666666664,
      "val_hits@100": 0.66,
      "val_hits@50": 0.5166666666666667,
      "val_mrr": 0.137481724357367,
      "val_ndcg": 0.8075797941735657
    }
  ]
}