{
  "best_candidate": {
    "model": {
      "adapter_rank": 24,
      "hidden_dim": 192,
      "relation_rank": 24,
      "temporal_layers": 2
    },
    "name": "all_losses_meta_001_ood_001",
    "train": {
      "lambda_align": 0.05,
      "lambda_kl": 0.0005,
      "lambda_meta": 0.01,
      "lambda_ood": 0.001,
      "lr": 0.0007
    }
  },
  "best_validation_mean": 0.8756597222222222,
  "dataset": "synthetic",
  "environment": {
    "cuda_available": true,
    "cuda_capability": [
      7,
      0
    ],
    "cuda_device": "Tesla V100-PCIE-32GB",
    "python": "3.10.8",
    "torch": "2.5.1+cu121"
  },
  "leakage_control": {
    "selection_uses": "validation metrics only",
    "temporal_split": "strict train < validation < test",
    "test_usage": "not evaluated by this script"
  },
  "rows": [
    {
      "candidate": "all_losses_meta_001_ood_001",
      "seed": 1,
      "train_align": 159.82854516165597,
      "train_kl": 1803.1433977399554,
      "train_loss": 9.405851355620793,
      "train_lp": 0.5076170561036893,
      "train_meta": 0.5017955846020153,
      "train_ood_reg": 0.21739164500364236,
      "val_ap": 0.20698057793469568,
      "val_auc": 0.8664791666666667,
      "val_ndcg": 0.7327332577207867
    },
    {
      "candidate": "all_losses_meta_001_ood_001",
      "seed": 2,
      "train_align": 161.24782603127616,
      "train_kl": 1806.6515633719307,
      "train_loss": 9.474949308804103,
      "train_lp": 0.5038823299109936,
      "train_meta": 0.5115491457815681,
      "train_ood_reg": 0.2343108244240284,
      "val_ap": 0.2059070922469511,
      "val_auc": 0.8850152777777779,
      "val_ndcg": 0.7104746206869981
    },
    {
      "candidate": "all_losses_meta_001_ood_001",
      "seed": 3,
      "train_align": 162.33870206560408,
      "train_kl": 1790.5943363734655,
      "train_loss": 9.545003507818494,
      "train_lp": 0.5272395605487483,
      "train_meta": 0.5298326513064759,
      "train_ood_reg": 0.2332483053739582,
      "val_ap": 0.1807809460509609,
      "val_auc": 0.8754847222222223,
      "val_ndcg": 0.6885903752086071
    },
    {
      "candidate": "all_losses_meta_001_ood_01",
      "seed": 1,
      "train_align": 159.82831001281738,
      "train_kl": 1803.1470358712334,
      "train_loss": 9.407777181693486,
      "train_lp": 0.5075969826430082,
      "train_meta": 0.5017702797693866,
      "train_ood_reg": 0.2173314836940595,
      "val_ap": 0.2069675689324557,
      "val_auc": 0.866475,
      "val_ndcg": 0.732721219098668
    },
    {
      "candidate": "all_losses_meta_001_ood_01",
      "seed": 2,
      "train_align": 161.24784428732735,
      "train_kl": 1806.6498413085938,
      "train_loss": 9.477057925292424,
      "train_lp": 0.5038824304938316,
      "train_meta": 0.5115417670458555,
      "train_ood_reg": 0.23427816028041498,
      "val_ap": 0.20593966567552943,
      "val_auc": 0.885023611111111,
      "val_ndcg": 0.7104831380570925
    },
    {
      "candidate": "all_losses_meta_001_ood_01",
      "seed": 3,
      "train_align": 162.33718926565987,
      "train_kl": 1790.6103733607702,
      "train_loss": 9.54700689656394,
      "train_lp": 0.5272116437554359,
      "train_meta": 0.5297983741121632,
      "train_ood_reg": 0.2332440015992948,
      "val_ap": 0.18068715178042286,
      "val_auc": 0.8754541666666668,
      "val_ndcg": 0.6884393253030344
    },
    {
      "candidate": "all_losses_meta_005_ood_001",
      "seed": 1,
      "train_align": 159.8239015851702,
      "train_kl": 1803.1987631661552,
      "train_loss": 9.403093593461174,
      "train_lp": 0.5075719188898802,
      "train_meta": 0.5019381336335625,
      "train_ood_reg": 0.21738800778985023,
      "val_ap": 0.2072325530497501,
      "val_auc": 0.8663805555555555,
      "val_ndcg": 0.7330315034216698
    },
    {
      "candidate": "all_losses_meta_005_ood_001",
      "seed": 2,
      "train_align": 161.24167796543665,
      "train_kl": 1806.743421282087,
      "train_loss": 9.472216929708209,
      "train_lp": 0.5039685549480575,
      "train_meta": 0.511675384693912,
      "train_ood_reg": 0.23431255961103098,
      "val_ap": 0.2059678941869134,
      "val_auc": 0.8849777777777779,
      "val_ndcg": 0.7102509602287002
    },
    {
      "candidate": "all_losses_meta_005_ood_001",
      "seed": 3,
      "train_align": 162.33695329938615,
      "train_kl": 1790.5746089390345,
      "train_loss": 9.542327531746455,
      "train_lp": 0.5273097237305981,
      "train_meta": 0.5298846877579179,
      "train_ood_reg": 0.2332846312118428,
      "val_ap": 0.18079684968058127,
      "val_auc": 0.8754701388888889,
      "val_ndcg": 0.6886548014912575
    }
  ],
  "scenario": {
    "name": "standard"
  },
  "selection_metric": "val_auc"
}