{
  "rows": [
    {
      "ablation": "baseline",
      "dataset": "icews05-15",
      "few_shot_ratio": 1.0,
      "method": "lm_mlp",
      "params_total": 147329,
      "params_trainable": 147329,
      "scenario": "standard",
      "seed": 1,
      "test_ap": 0.7593774053016301,
      "test_auc": 0.9149159393473737,
      "test_edges": 74087,
      "test_hits@1": 0.065,
      "test_hits@10": 0.3,
      "test_hits@100": 0.625,
      "test_hits@50": 0.53,
      "test_mrr": 0.14239003688879945,
      "test_ndcg": 0.9686865604638317,
      "train_edges": 326918,
      "train_eval_time_sec": 1622.0529193356633,
      "val_ap": 0.8291771233533699,
      "val_auc": 0.9482483962033263,
      "val_edges": 60324,
      "val_ndcg": 0.9791320382554044
    },
    {
      "ablation": "full",
      "allocated_mb": 72.60009765625,
      "dataset": "icews05-15",
      "few_shot_ratio": 1.0,
      "max_allocated_mb": 7450.70263671875,
      "method": "ssptgfm",
      "params_total": 5322768,
      "params_trainable": 5322768,
      "reserved_mb": 7824.0,
      "rough_forward_flops": 24506974208,
      "scenario": "standard",
      "seed": 1,
      "test_ap": 0.7960896546058447,
      "test_auc": 0.93157629685914,
      "test_edges": 74087,
      "test_hits@1": 0.06,
      "test_hits@10": 0.365,
      "test_hits@100": 0.785,
      "test_hits@50": 0.645,
      "test_mrr": 0.15340476735358946,
      "test_ndcg": 0.9747323329472474,
      "train_align": 382.40168856878967,
      "train_edges": 326918,
      "train_eval_time_sec": 23910.234705988318,
      "train_kl": 553.7672752752205,
      "train_loss": 19.588056357061255,
      "train_lp": 0.1890237839095366,
      "train_meta": 0.19053301752429974,
      "train_ood_reg": 0.1588092649621244,
      "train_weighted_align": 19.120084766761046,
      "train_weighted_kl": 0.27688365023780637,
      "train_weighted_meta": 0.0019053301328197125,
      "train_weighted_ood_reg": 0.00015880927252150012,
      "val_ap": 0.8368910720032146,
      "val_auc": 0.950065851164976,
      "val_edges": 60324,
      "val_ndcg": 0.9802464580676594
    },
    {
      "ablation": "baseline",
      "dataset": "icews05-15",
      "few_shot_ratio": 1.0,
      "method": "structure_mlp",
      "params_total": 49409,
      "params_trainable": 49409,
      "scenario": "standard",
      "seed": 1,
      "test_ap": 0.8385674310200966,
      "test_auc": 0.9392765663344681,
      "test_edges": 74087,
      "test_hits@1": 0.22,
      "test_hits@10": 0.63,
      "test_hits@100": 0.85,
      "test_hits@50": 0.82,
      "test_mrr": 0.3606774978292782,
      "test_ndcg": 0.9797262092108807,
      "train_edges": 326918,
      "train_eval_time_sec": 12167.669331647456,
      "val_ap": 0.8617391298327588,
      "val_auc": 0.9497434068136699,
      "val_edges": 60324,
      "val_ndcg": 0.982747437068291
    },
    {
      "ablation": "baseline",
      "dataset": "icews05-15",
      "few_shot_ratio": 1.0,
      "method": "lm_mlp",
      "params_total": 147329,
      "params_trainable": 147329,
      "scenario": "standard",
      "seed": 2,
      "test_ap": 0.7590762573675973,
      "test_auc": 0.9147965377802314,
      "test_edges": 74087,
      "test_hits@1": 0.055,
      "test_hits@10": 0.335,
      "test_hits@100": 0.625,
      "test_hits@50": 0.56,
      "test_mrr": 0.14126746181285302,
      "test_ndcg": 0.9690169556444729,
      "train_edges": 326918,
      "train_eval_time_sec": 1478.9596127197146,
      "val_ap": 0.8259776639835221,
      "val_auc": 0.9484424308598738,
      "val_edges": 60324,
      "val_ndcg": 0.9788961371551782
    },
    {
      "ablation": "full",
      "allocated_mb": 72.60009765625,
      "dataset": "icews05-15",
      "few_shot_ratio": 1.0,
      "max_allocated_mb": 7451.10302734375,
      "method": "ssptgfm",
      "params_total": 5322768,
      "params_trainable": 5322768,
      "reserved_mb": 7824.0,
      "rough_forward_flops": 24506974208,
      "scenario": "standard",
      "seed": 2,
      "test_ap": 0.7982992784346268,
      "test_auc": 0.929930034739274,
      "test_edges": 74087,
      "test_hits@1": 0.08,
      "test_hits@10": 0.38,
      "test_hits@100": 0.725,
      "test_hits@50": 0.65,
      "test_mrr": 0.18471026577395072,
      "test_ndcg": 0.9747075108306495,
      "train_align": 381.3918281183341,
      "train_edges": 326918,
      "train_eval_time_sec": 28694.210510514677,
      "train_kl": 460.79095105062976,
      "train_loss": 19.479661622608486,
      "train_lp": 0.1776795981512168,
      "train_meta": 0.18257621019082731,
      "train_ood_reg": 0.16903214350114806,
      "train_weighted_align": 19.069591729921278,
      "train_weighted_kl": 0.23039548691065287,
      "train_weighted_meta": 0.0018257620632367525,
      "train_weighted_ood_reg": 0.0001690321514615789,
      "val_ap": 0.8410070933142207,
      "val_auc": 0.9483941926832511,
      "val_edges": 60324,
      "val_ndcg": 0.9804373940898433
    },
    {
      "ablation": "baseline",
      "dataset": "icews05-15",
      "few_shot_ratio": 1.0,
      "method": "structure_mlp",
      "params_total": 49409,
      "params_trainable": 49409,
      "scenario": "standard",
      "seed": 2,
      "test_ap": 0.8327759057286237,
      "test_auc": 0.9353574515400692,
      "test_edges": 74087,
      "test_hits@1": 0.255,
      "test_hits@10": 0.615,
      "test_hits@100": 0.855,
      "test_hits@50": 0.82,
      "test_mrr": 0.37414665966629296,
      "test_ndcg": 0.9788591488527263,
      "train_edges": 326918,
      "train_eval_time_sec": 7771.877870809287,
      "val_ap": 0.8549432599238842,
      "val_auc": 0.9489391399592302,
      "val_edges": 60324,
      "val_ndcg": 0.9820400549190303
    },
    {
      "ablation": "baseline",
      "dataset": "icews05-15",
      "few_shot_ratio": 1.0,
      "method": "lm_mlp",
      "params_total": 147329,
      "params_trainable": 147329,
      "scenario": "standard",
      "seed": 3,
      "test_ap": 0.7633150686225186,
      "test_auc": 0.9163948103232211,
      "test_edges": 74087,
      "test_hits@1": 0.04,
      "test_hits@10": 0.275,
      "test_hits@100": 0.63,
      "test_hits@50": 0.55,
      "test_mrr": 0.13268846264056683,
      "test_ndcg": 0.9691337975611409,
      "train_edges": 326918,
      "train_eval_time_sec": 1443.2163498438895,
      "val_ap": 0.8274632653180147,
      "val_auc": 0.9486597154337908,
      "val_edges": 60324,
      "val_ndcg": 0.9791081278340915
    },
    {
      "ablation": "full",
      "allocated_mb": 72.60009765625,
      "dataset": "icews05-15",
      "few_shot_ratio": 1.0,
      "max_allocated_mb": 7450.98291015625,
      "method": "ssptgfm",
      "params_total": 5322768,
      "params_trainable": 5322768,
      "reserved_mb": 7824.0,
      "rough_forward_flops": 24506974208,
      "scenario": "standard",
      "seed": 3,
      "test_ap": 0.6768701465345831,
      "test_auc": 0.9071447335705,
      "test_edges": 74087,
      "test_hits@1": 0.03,
      "test_hits@10": 0.195,
      "test_hits@100": 0.56,
      "test_hits@50": 0.44,
      "test_mrr": 0.0927578724395875,
      "test_ndcg": 0.9597406123675518,
      "train_align": 381.69113187711883,
      "train_edges": 326918,
      "train_eval_time_sec": 24485.32331720367,
      "train_kl": 466.50656713026353,
      "train_loss": 19.546393087626097,
      "train_lp": 0.22608921515193117,
      "train_meta": 0.23001703420348799,
      "train_ood_reg": 0.19350976011626705,
      "train_weighted_align": 19.084556916098457,
      "train_weighted_kl": 0.2332532950284371,
      "train_weighted_meta": 0.0023001702896523076,
      "train_weighted_ood_reg": 0.00019350976941976046,
      "val_ap": 0.7446463084492755,
      "val_auc": 0.931311996848431,
      "val_edges": 60324,
      "val_ndcg": 0.9689577906655706
    },
    {
      "ablation": "baseline",
      "dataset": "icews05-15",
      "few_shot_ratio": 1.0,
      "method": "structure_mlp",
      "params_total": 49409,
      "params_trainable": 49409,