{
  "environment": {
    "cuda_available": true,
    "cuda_capability": [
      7,
      0
    ],
    "cuda_device": "Tesla V100-PCIE-32GB",
    "python": "3.10.8",
    "torch": "2.5.1+cu121"
  },
  "rows": [
    {
      "ablation": "full",
      "allocated_mb": 31.658203125,
      "dataset": "synthetic",
      "few_shot_ratio": 1.0,
      "max_allocated_mb": 157.96240234375,
      "method": "ssptgfm",
      "params_total": 1966288,
      "params_trainable": 1966288,
      "reserved_mb": 208.0,
      "rough_forward_flops": 403587072,
      "scenario": "standard",
      "seed": 1,
      "test_ap": 0.18940917176378022,
      "test_auc": 0.8659354166666666,
      "test_edges": 240,
      "test_hits@1": 0.02,
      "test_hits@10": 0.19,
      "test_hits@100": 0.82,
      "test_hits@50": 0.745,
      "test_mrr": 0.0835174145833764,
      "test_ndcg": 0.7064585763749072,
      "train_align": 190.4924417223249,
      "train_edges": 1120,
      "train_eval_time_sec": 82.9680871590972,
      "train_kl": 2228.7675279889786,
      "train_loss": 1.4830520983253206,
      "train_lp": 0.4168647900223732,
      "train_meta": 0.4123962671895112,
      "train_ood_reg": 0.22476887197366782,
      "train_weighted_align": 0.9524621857064111,
      "train_weighted_kl": 0.11143837336983,
      "train_weighted_meta": 0.002061981300357729,
      "train_weighted_ood_reg": 0.0002247688826173544,
      "val_ap": 0.21538957366049705,
      "val_auc": 0.8849756944444446,
      "val_edges": 240,
      "val_hits@1": 0.025,
      "val_hits@10": 0.27,
      "val_hits@100": 0.815,
      "val_hits@50": 0.745,
      "val_mrr": 0.10429991193052401,
      "val_ndcg": 0.7367278097711724
    },
    {
      "ablation": "baseline",
      "dataset": "synthetic",
      "few_shot_ratio": 1.0,
      "method": "lm_mlp",
      "params_total": 222721,
      "params_trainable": 222721,
      "scenario": "standard",
      "seed": 1,
      "test_ap": 0.19421654416335934,
      "test_auc": 0.8547496527777778,
      "test_edges": 240,
      "test_hits@1": 0.015,
      "test_hits@10": 0.215,
      "test_hits@100": 0.825,
      "test_hits@50": 0.725,
      "test_mrr": 0.09212333865744267,
      "test_ndcg": 0.723094016839305,
      "train_edges": 1120,
      "train_eval_time_sec": 7.027792330831289,
      "val_ap": 0.18560125718105694,
      "val_auc": 0.8484975694444444,
      "val_edges": 240,
      "val_ndcg": 0.7106291414554867
    },
    {
      "ablation": "baseline",
      "dataset": "synthetic",
      "few_shot_ratio": 1.0,
      "method": "structure_mlp",
      "params_total": 38977,
      "params_trainable": 38977,
      "scenario": "standard",
      "seed": 1,
      "test_ap": 0.19405222123398563,
      "test_auc": 0.8560812500000001,
      "test_edges": 240,
      "test_hits@1": 0.015,
      "test_hits@10": 0.29,
      "test_hits@100": 0.815,
      "test_hits@50": 0.76,
      "test_mrr": 0.10041028422189983,
      "test_ndcg": 0.6989641256581355,
      "train_edges": 1120,
      "train_eval_time_sec": 31.367665197700262,
      "val_ap": 0.17873765875181316,
      "val_auc": 0.8384472222222222,
      "val_edges": 240,
      "val_ndcg": 0.697389902928
    },
    {
      "ablation": "full",
      "allocated_mb": 31.9580078125,
      "dataset": "synthetic",
      "few_shot_ratio": 1.0,
      "max_allocated_mb": 158.26220703125,
      "method": "ssptgfm",
      "params_total": 1966288,
      "params_trainable": 1966288,
      "reserved_mb": 208.0,
      "rough_forward_flops": 403587072,
      "scenario": "standard",
      "seed": 2,
      "test_ap": 0.17995626312228472,
      "test_auc": 0.8594499999999999,
      "test_edges": 240,
      "test_hits@1": 0.005,
      "test_hits@10": 0.215,
      "test_hits@100": 0.815,
      "test_hits@50": 0.73,
      "test_mrr": 0.0732557873416098,
      "test_ndcg": 0.6936246421920844,
      "train_align": 184.42309951782227,
      "train_edges": 1120,
      "train_eval_time_sec": 82.86353880167007,
      "train_kl": 2314.7271466936386,
      "train_loss": 1.452059833066804,
      "train_lp": 0.4118446380432163,
      "train_meta": 0.4258597350812384,
      "train_ood_reg": 0.23406381239848478,
      "train_weighted_align": 0.922115476003715,
      "train_weighted_kl": 0.11573635520679611,
      "train_weighted_meta": 0.0021292986441819395,
      "train_weighted_ood_reg": 0.00023406382258274659,
      "val_ap": 0.2338001978021825,
      "val_auc": 0.8836784722222223,
      "val_edges": 240,
      "val_hits@1": 0.04,
      "val_hits@10": 0.265,
      "val_hits@100": 0.82,
      "val_hits@50": 0.765,
      "val_mrr": 0.11123024575746719,
      "val_ndcg": 0.7557668744669646
    },
    {
      "ablation": "baseline",
      "dataset": "synthetic",
      "few_shot_ratio": 1.0,
      "method": "lm_mlp",
      "params_total": 222721,
      "params_trainable": 222721,
      "scenario": "standard",
      "seed": 2,
      "test_ap": 0.18509277843059085,
      "test_auc": 0.8624090277777776,
      "test_edges": 240,
      "test_hits@1": 0.025,
      "test_hits@10": 0.205,
      "test_hits@100": 0.85,
      "test_hits@50": 0.73,
      "test_mrr": 0.08594840865077219,
      "test_ndcg": 0.7128372993802208,
      "train_edges": 1120,
      "train_eval_time_sec": 6.077421396970749,
      "val_ap": 0.1834024231311602,
      "val_auc": 0.8539458333333333,
      "val_edges": 240,
      "val_ndcg": 0.6901841767337229
    },
    {
      "ablation": "baseline",
      "dataset": "synthetic",
      "few_shot_ratio": 1.0,
      "method": "structure_mlp",
      "params_total": 38977,
      "params_trainable": 38977,
      "scenario": "standard",
      "seed": 2,
      "test_ap": 0.20480277861629154,
      "test_auc": 0.8592111111111111,
      "test_edges": 240,
      "test_hits@1": 0.02,
      "test_hits@10": 0.255,
      "test_hits@100": 0.825,
      "test_hits@50": 0.77,
      "test_mrr": 0.10670402720379706,
      "test_ndcg": 0.7092669675018707,
      "train_edges": 1120,
      "train_eval_time_sec": 18.850071649998426,
      "val_ap": 0.18655648858890317,
      "val_auc": 0.8379739583333332,
      "val_edges": 240,
      "val_ndcg": 0.7023185842760903
    },
    {
      "ablation": "full",
      "allocated_mb": 31.9580078125,
      "dataset": "synthetic",
      "few_shot_ratio": 1.0,
      "max_allocated_mb": 158.26220703125,
      "method": "ssptgfm",
      "params_total": 1966288,
      "params_trainable": 1966288,
      "reserved_mb": 208.0,
      "rough_forward_flops": 403587072,
      "scenario": "standard",
      "seed": 3,
      "test_ap": 0.1926503211779937,
      "test_auc": 0.8381659722222222,
      "test_edges": 240,
      "test_hits@1": 0.055,
      "test_hits@10": 0.255,
      "test_hits@100": 0.78,
      "test_hits@50": 0.735,
      "test_mrr": 0.12928498931225477,
      "test_ndcg": 0.7111149352043725,
      "train_align": 87.13719981057304,
      "train_edges": 1120,
      "train_eval_time_sec": 157.160747051239,
      "train_kl": 2247.1248713902064,
      "train_loss": 0.8545406822647367,
      "train_lp": 0.3046868169414146,
      "train_meta": 0.3145554166819368,
      "train_ood_reg": 0.23885780147143773,
      "train_weighted_align": 0.43568599064435276,
      "train_weighted_kl": 0.11235624072807175,
      "train_weighted_meta": 0.0015727770462815119,
      "train_weighted_ood_reg": 0.00023885781333124863,
      "val_ap": 0.21395261838551813,
      "val_auc": 0.8694159722222222,
      "val_edges": 240,
      "val_hits@1": 0.06,
      "val_hits@10": 0.275,
      "val_hits@100": 0.825,
      "val_hits@50": 0.755,
      "val_mrr": 0.13669677495485097,
      "val_ndcg": 0.7200671593502824
    },
    {
      "ablation": "baseline",
      "dataset": "synthetic",
      "few_shot_ratio": 1.0,
      "method": "lm_mlp",
      "params_total": 222721,
      "params_trainable": 222721,
      "scenario": "standard",
      "seed": 3,
      "test_ap": 0.18217167868288334,
      "test_auc": 0.854998263888889,
      "test_edges": 240,
      "test_hits@1": 0.03,