{
  "best_candidate": {
    "model": {
      "adapter_rank": 12,
      "hidden_dim": 96,
      "relation_rank": 12,
      "temporal_layers": 1
    },
    "name": "h96_lr7e4_meta01_ood001",
    "train": {
      "lambda_align": 0.05,
      "lambda_kl": 0.0005,
      "lambda_meta": 0.01,
      "lambda_ood": 0.001,
      "lr": 0.0007
    }
  },
  "best_validation_mean": 0.8936514988573707,
  "dataset": "icews14",
  "environment": {
    "cuda_available": true,
    "cuda_capability": [
      7,
      0
    ],
    "cuda_device": "Tesla V100-PCIE-32GB",
    "python": "3.10.8",
    "torch": "2.5.1+cu121"
  },
  "leakage_control": {
    "selection_uses": "validation metrics only",
    "temporal_split": "strict train < validation < test",
    "test_usage": "not evaluated by this script"
  },
  "rows": [
    {
      "candidate": "h96_lr1e3_meta005_ood001",
      "seed": 1,
      "train_align": 2013.9184115540747,
      "train_kl": 12397.80593213848,
      "train_loss": 107.30261252908146,
      "train_lp": 0.4055377497392542,
      "train_meta": 0.4063321089043337,
      "train_ood_reg": 0.21860929587308098,
      "val_ap": 0.5214296146140303,
      "val_auc": 0.8911918811557402,
      "val_ndcg": 0.9289167842976884
    },
    {
      "candidate": "h96_lr1e3_meta005_ood001",
      "seed": 2,
      "train_align": 1700.8824831495099,
      "train_kl": 13467.454001991422,
      "train_loss": 92.17488762350644,
      "train_lp": 0.39484123669418636,
      "train_meta": 0.3958705427307709,
      "train_ood_reg": 0.21490575086836722,
      "val_ap": 0.527681653244532,
      "val_auc": 0.8909893133340157,
      "val_ndcg": 0.9287081104945383
    },
    {
      "candidate": "h96_lr7e4_meta01_ood001",
      "seed": 1,
      "train_align": 1708.533787387025,
      "train_kl": 13172.742840456494,
      "train_loss": 92.39600678986194,
      "train_lp": 0.3789051235890856,
      "train_meta": 0.38257099129990035,
      "train_ood_reg": 0.2139043366207796,
      "val_ap": 0.5458540767484439,
      "val_auc": 0.8928954845650374,
      "val_ndcg": 0.9331027438653893
    },
    {
      "candidate": "h96_lr7e4_meta01_ood001",
      "seed": 2,
      "train_align": 1300.8330984078202,
      "train_kl": 8092.8091863894,
      "train_loss": 69.4648603626326,
      "train_lp": 0.3727682554254345,
      "train_meta": 0.38143971492262446,
      "train_ood_reg": 0.21687828203042347,
      "val_ap": 0.5673811547670908,
      "val_auc": 0.8944075131497041,
      "val_ndcg": 0.93690684953659
    },
    {
      "candidate": "h128_lr7e4_meta005_ood005",
      "seed": 1,
      "train_align": 1246.520027070887,
      "train_kl": 7700.835889629289,
      "train_loss": 132.72221028945026,
      "train_lp": 0.3664728521132002,
      "train_meta": 0.3615112058380071,
      "train_ood_reg": 0.2177421407956703,
      "val_ap": 0.5607427129382074,
      "val_auc": 0.8924104603080245,
      "val_ndcg": 0.9355565854115052
    },
    {
      "candidate": "h128_lr7e4_meta005_ood005",
      "seed": 2,
      "train_align": 1772.1335714901195,
      "train_kl": 15265.989851409313,
      "train_loss": 192.8805679620481,
      "train_lp": 0.39816285395154766,
      "train_meta": 0.39659659155443605,
      "train_ood_reg": 0.2142373116577373,
      "val_ap": 0.5239148971327312,
      "val_auc": 0.8927776469344835,
      "val_ndcg": 0.9263393975258272
    }
  ],
  "scenario": {
    "name": "standard"
  },
  "selection_metric": "val_auc"
}