{
  "environment": {
    "cuda_available": true,
    "cuda_capability": [
      7,
      0
    ],
    "cuda_device": "Tesla V100-PCIE-32GB",
    "python": "3.10.8",
    "torch": "2.5.1+cu121"
  },
  "rows": [
    {
      "ablation": "full",
      "allocated_mb": 72.73486328125,
      "dataset": "icews05-15",
      "few_shot_ratio": 1.0,
      "max_allocated_mb": 7451.86572265625,
      "method": "ssptgfm",
      "params_total": 5340063,
      "params_trainable": 5340050,
      "reserved_mb": 7826.0,
      "rough_forward_flops": 24506974208,
      "scenario": "standard",
      "seed": 5,
      "test_ap": 0.8468726291433782,
      "test_auc": 0.9430732864667183,
      "test_edges": 74087,
      "test_hits@1": 0.34,
      "test_hits@10": 0.6766666666666666,
      "test_hits@100": 0.8633333333333333,
      "test_hits@50": 0.8166666666666667,
      "test_mrr": 0.4618565881911236,
      "test_ndcg": 0.9808276751490445,
      "train_align": 383.10335571135715,
      "train_edges": 326918,
      "train_eval_time_sec": 21277.151659008116,
      "train_kl": 568.3560952383698,
      "train_loss": 19.62799926416512,
      "train_lp": 0.18615574723395195,
      "train_meta": 0.18641591129818058,
      "train_ood_reg": 0.21606911054097727,
      "train_rank": 0.06664330209789689,
      "train_struct_aux": 1.3492148735798029,
      "train_weighted_align": 19.155168100645515,
      "train_weighted_kl": 0.2841780615221061,
      "train_weighted_meta": 0.0009320795349215647,
      "train_weighted_ood_reg": 0.0002160691208640055,
      "train_weighted_rank": 6.664330525151347e-05,
      "train_weighted_struct_aux": 0.0013492149370034996,
      "val_ap": 0.8722202110580138,
      "val_auc": 0.9552417435427191,
      "val_edges": 60324,
      "val_hits@1": 0.37333333333333335,
      "val_hits@10": 0.6933333333333334,
      "val_hits@100": 0.8733333333333333,
      "val_hits@50": 0.8333333333333334,
      "val_mrr": 0.48880434402350414,
      "val_ndcg": 0.9841955993525203
    }
  ]
}