{
  "environment": {
    "cuda_available": true,
    "cuda_capability": [
      7,
      0
    ],
    "cuda_device": "Tesla V100-PCIE-32GB",
    "python": "3.10.8",
    "torch": "2.5.1+cu121"
  },
  "rows": [
    {
      "ablation": "full",
      "allocated_mb": 195.55908203125,
      "dataset": "tkgl-smallpedia",
      "few_shot_ratio": 1.0,
      "max_allocated_mb": 18239.798828125,
      "method": "ssptgfm",
      "params_total": 14285328,
      "params_trainable": 14285328,
      "reserved_mb": 18754.0,
      "rough_forward_flops": 58738917376,
      "scenario": "label_split",
      "seed": 3,
      "test_ap": 0.3864262117537875,
      "test_auc": 0.7189760997593193,
      "test_edges": 163172,
      "test_hits@1": 0.015,
      "test_hits@10": 0.0475,
      "test_hits@100": 0.115,
      "test_hits@50": 0.0925,
      "test_mrr": 0.0277995654798636,
      "test_ndcg": 0.8872432709056122,
      "train_align": 4638.040570570089,
      "train_edges": 775514,
      "train_eval_time_sec": 47708.40950938687,
      "train_kl": 16183.470592852984,
      "train_loss": 480.1567786307607,
      "train_lp": 0.1673171467313587,
      "train_meta": 0.16784120093134838,
      "train_ood_reg": 0.21734215964841935,
      "train_weighted_align": 463.80406374534226,
      "train_weighted_kl": 16.183471188607705,
      "train_weighted_meta": 0.000839205985726251,
      "train_weighted_ood_reg": 0.0010867107745905448,
      "val_ap": 0.4106741088380596,
      "val_auc": 0.7565962093897775,
      "val_edges": 162066,
      "val_ndcg": 0.8944043009131138
    },
    {
      "ablation": "baseline",
      "dataset": "tkgl-smallpedia",
      "few_shot_ratio": 1.0,
      "method": "lm_mlp",
      "params_total": 187649,
      "params_trainable": 187649,
      "scenario": "label_split",
      "seed": 3,
      "test_ap": 0.07705206136904688,
      "test_auc": 0.6115492121338905,
      "test_edges": 163172,
      "test_hits@1": 0.0,
      "test_hits@10": 0.0,
      "test_hits@100": 0.01,
      "test_hits@50": 0.0,
      "test_mrr": 0.0004126746906667944,
      "test_ndcg": 0.8045056456700339,
      "train_edges": 775514,
      "train_eval_time_sec": 2094.0425073467195,
      "val_ap": 0.13069354158558275,
      "val_auc": 0.7036168891688328,
      "val_edges": 162066,
      "val_ndcg": 0.8338344267406301
    },
    {
      "ablation": "baseline",
      "dataset": "tkgl-smallpedia",
      "few_shot_ratio": 1.0,
      "method": "structure_mlp",
      "params_total": 89729,
      "params_trainable": 89729,
      "scenario": "label_split",
      "seed": 3,
      "test_ap": 0.4446677661982539,
      "test_auc": 0.7909728040435184,
      "test_edges": 163172,
      "test_hits@1": 0.03,
      "test_hits@10": 0.095,
      "test_hits@100": 0.1225,
      "test_hits@50": 0.11,
      "test_mrr": 0.05219249659105329,
      "test_ndcg": 0.9041351490765387,
      "train_edges": 775514,
      "train_eval_time_sec": 21483.151873316616,
      "val_ap": 0.44255213715874103,
      "val_auc": 0.7939175989642847,
      "val_edges": 162066,
      "val_ndcg": 0.9039801172601816
    }
  ]
}