{
  "datasets": {
    "icews14": {
      "existing": {
        "detail": {
          "ap": {
            "baseline": 0.6395419317158659,
            "value": 0.44147111002253875,
            "win": false
          },
          "auc": {
            "baseline": 0.9098328388870797,
            "value": 0.8898559839174086,
            "win": false
          },
          "hits@10": {
            "baseline": 0.5549999999999999,
            "value": 0.23049999999999998,
            "win": false
          },
          "mrr": {
            "baseline": 0.3121606555171064,
            "value": 0.13286738860028183,
            "win": false
          },
          "ndcg": {
            "baseline": 0.9302301758904522,
            "value": 0.905249244966055,
            "win": false
          }
        },
        "path": "results/optimization_attempts/ssptgfm_icews14_formula_rank_best/all_results.json",
        "wins": 0
      }
    }
  }
}