{
  "environment": {
    "cuda_available": true,
    "cuda_capability": [
      7,
      0
    ],
    "cuda_device": "Tesla V100-PCIE-32GB",
    "python": "3.10.8",
    "torch": "2.5.1+cu121"
  },
  "rows": [
    {
      "ablation": "full",
      "allocated_mb": 195.55908203125,
      "dataset": "tkgl-smallpedia",
      "few_shot_ratio": 1.0,
      "max_allocated_mb": 18239.798828125,
      "method": "ssptgfm",
      "params_total": 14285328,
      "params_trainable": 14285328,
      "reserved_mb": 18732.0,
      "rough_forward_flops": 58738917376,
      "scenario": "label_split",
      "seed": 1,
      "test_ap": 0.4032968815531004,
      "test_auc": 0.7333148264979027,
      "test_edges": 163172,
      "test_hits@1": 0.035,
      "test_hits@10": 0.09,
      "test_hits@100": 0.105,
      "test_hits@50": 0.1025,
      "test_mrr": 0.051443702157799934,
      "test_ndcg": 0.8902058828883287,
      "train_align": 5664.601071102724,
      "train_edges": 775514,
      "train_eval_time_sec": 20099.168097984046,
      "train_kl": 31325.322066510947,
      "train_loss": 597.97179913711,
      "train_lp": 0.18448114597928622,
      "train_meta": 0.17829848921203412,
      "train_ood_reg": 0.19514581204487705,
      "train_weighted_align": 566.4601188157118,
      "train_weighted_kl": 31.325323577777702,
      "train_weighted_meta": 0.0008914924256710521,
      "train_weighted_ood_reg": 0.0009757290398075002,
      "val_ap": 0.35319472027911475,
      "val_auc": 0.7505844884618463,
      "val_edges": 162066,
      "val_ndcg": 0.8828896192661603
    },
    {
      "ablation": "baseline",
      "dataset": "tkgl-smallpedia",
      "few_shot_ratio": 1.0,
      "method": "lm_mlp",
      "params_total": 187649,
      "params_trainable": 187649,
      "scenario": "label_split",
      "seed": 1,
      "test_ap": 0.07592616870801701,
      "test_auc": 0.611235317007758,
      "test_edges": 163172,
      "test_hits@1": 0.0,
      "test_hits@10": 0.0,
      "test_hits@100": 0.005,
      "test_hits@50": 0.0,
      "test_mrr": 0.00027022397149001635,
      "test_ndcg": 0.8038368258604399,
      "train_edges": 775514,
      "train_eval_time_sec": 2235.7516964823008,
      "val_ap": 0.1281194585405211,
      "val_auc": 0.7042866877022319,
      "val_edges": 162066,
      "val_ndcg": 0.8329936801193044
    },
    {
      "ablation": "baseline",
      "dataset": "tkgl-smallpedia",
      "few_shot_ratio": 1.0,
      "method": "structure_mlp",
      "params_total": 89729,
      "params_trainable": 89729,
      "scenario": "label_split",
      "seed": 1,
      "test_ap": 0.4477186158007022,
      "test_auc": 0.7856164877353882,
      "test_edges": 163172,
      "test_hits@1": 0.035,
      "test_hits@10": 0.095,
      "test_hits@100": 0.1175,
      "test_hits@50": 0.1075,
      "test_mrr": 0.05382866268117003,
      "test_ndcg": 0.9037658063196357,
      "train_edges": 775514,
      "train_eval_time_sec": 17239.316304620355,
      "val_ap": 0.44772234181593945,
      "val_auc": 0.7894888003162942,
      "val_edges": 162066,
      "val_ndcg": 0.9036823759486879
    }
  ]
}