{
  "environment": {
    "cuda_available": true,
    "cuda_capability": [
      7,
      0
    ],
    "cuda_device": "Tesla V100-PCIE-32GB",
    "python": "3.10.8",
    "torch": "2.5.1+cu121"
  },
  "rows": [
    {
      "ablation": "full",
      "allocated_mb": 33.1123046875,
      "dataset": "yago15k-temporal",
      "few_shot_ratio": 1.0,
      "max_allocated_mb": 261.0927734375,
      "method": "ssptgfm",
      "params_total": 1399440,
      "params_trainable": 1399440,
      "reserved_mb": 354.0,
      "rough_forward_flops": 384237568,
      "scenario": "standard",
      "seed": 3,
      "test_ap": 0.15438736077198514,
      "test_auc": 0.6657719116900772,
      "test_edges": 26719,
      "test_hits@1": 0.0125,
      "test_hits@10": 0.085,
      "test_hits@100": 0.4875,
      "test_hits@50": 0.275,
      "test_mrr": 0.041376828273259995,
      "test_ndcg": 0.8273706807512334,
      "train_align": 231.27338208182383,
      "train_edges": 3244,
      "train_eval_time_sec": 3579.307329043746,
      "train_kl": 1751.9622155205677,
      "train_loss": 12.799905802675728,
      "train_lp": 0.3569630990816715,
      "train_meta": 0.30554682401825783,
      "train_ood_reg": 0.2366336908633426,
      "train_weighted_align": 11.563669356375428,
      "train_weighted_kl": 0.8759811458383071,
      "train_weighted_meta": 0.0030554681633426276,
      "train_weighted_ood_reg": 0.000236633701360453,
      "val_ap": 0.17720692405910493,
      "val_auc": 0.6958023436848164,
      "val_edges": 6738,
      "val_ndcg": 0.8151437174751244
    },
    {
      "ablation": "baseline",
      "dataset": "yago15k-temporal",
      "few_shot_ratio": 1.0,
      "method": "lm_mlp",
      "params_total": 117633,
      "params_trainable": 117633,
      "scenario": "standard",
      "seed": 3,
      "test_ap": 0.1556088411398612,
      "test_auc": 0.7188625612450394,
      "test_edges": 26719,
      "test_hits@1": 0.005,
      "test_hits@10": 0.0325,
      "test_hits@100": 0.2575,
      "test_hits@50": 0.135,
      "test_mrr": 0.018257847746836017,
      "test_ndcg": 0.8245776734251855,
      "train_edges": 3244,
      "train_eval_time_sec": 52.08410818502307,
      "val_ap": 0.20236540311457504,
      "val_auc": 0.7682441288718282,
      "val_edges": 6738,
      "val_ndcg": 0.8241807462983872
    },
    {
      "ablation": "baseline",
      "dataset": "yago15k-temporal",
      "few_shot_ratio": 1.0,
      "method": "structure_mlp",
      "params_total": 19713,
      "params_trainable": 19713,
      "scenario": "standard",
      "seed": 3,
      "test_ap": 0.14219044909660183,
      "test_auc": 0.6563636626696588,
      "test_edges": 26719,
      "test_hits@1": 0.08,
      "test_hits@10": 0.2225,
      "test_hits@100": 0.6,
      "test_hits@50": 0.41,
      "test_mrr": 0.1443698730480481,
      "test_ndcg": 0.8190249497912216,
      "train_edges": 3244,
      "train_eval_time_sec": 3718.6350374035537,
      "val_ap": 0.14629692420102772,
      "val_auc": 0.6159365845118848,
      "val_edges": 6738,
      "val_ndcg": 0.7993112077375241
    }
  ]
}