{
  "environment": {
    "cuda_available": true,
    "cuda_capability": [
      7,
      0
    ],
    "cuda_device": "Tesla V100-PCIE-32GB",
    "python": "3.10.8",
    "torch": "2.5.1+cu121"
  },
  "rows": [
    {
      "ablation": "full",
      "allocated_mb": 48.94677734375,
      "dataset": "tkgl-yago",
      "few_shot_ratio": 1.0,
      "max_allocated_mb": 7877.58740234375,
      "method": "ssptgfm",
      "params_total": 2247839,
      "params_trainable": 2247826,
      "reserved_mb": 7970.0,
      "rough_forward_flops": 24174428160,
      "scenario": "label_split",
      "seed": 1,
      "test_ap": 0.9122050880198265,
      "test_auc": 0.9621929076466049,
      "test_edges": 40052,
      "test_ndcg": 0.9879671121703677,
      "test_tgb_hits@10": 0.9140625,
      "test_tgb_mrr": 0.9024756985644258,
      "train_align": 6694.917447788635,
      "train_candidate_rank": 0.46892638753766175,
      "train_edges": 323080,
      "train_eval_time_sec": 15002.518864076585,
      "train_kl": 32694.15449275678,
      "train_loss": 70.3049137061799,
      "train_lp": 0.08529175127362561,
      "train_meta": 0.17488161275193376,
      "train_ood_reg": 0.1580513360025491,
      "train_rank": 0.0723319592403345,
      "train_struct_aux": 0.0,
      "train_weighted_align": 66.94917283173972,
      "train_weighted_candidate_rank": 0.02344631976799827,
      "train_weighted_kl": 3.2694153451360113,
      "train_weighted_meta": 0.0008744080452203157,
      "train_weighted_ood_reg": 0.00015805134357846262,
      "train_weighted_rank": 0.0007233195753774987,
      "train_weighted_struct_aux": 0.0,
      "val_ap": 0.8707569762381562,
      "val_auc": 0.950384521484375,
      "val_edges": 39046,
      "val_ndcg": 0.9725535293422595,
      "val_tgb_hits@10": 0.7421875,
      "val_tgb_mrr": 0.7050281758906141
    }
  ]
}