{
  "rows": [
    {
      "ablation": "full",
      "allocated_mb": 49.5400390625,
      "dataset": "icews14",
      "few_shot_ratio": 1.0,
      "max_allocated_mb": 1292.0283203125,
      "method": "ssptgfm",
      "params_total": 2947300,
      "params_trainable": 2947251,
      "reserved_mb": 1546.0,
      "rough_forward_flops": 2792030208,
      "scenario": "standard",
      "seed": 1,
      "test_ap": 0.7229191053517929,
      "test_auc": 0.9350498578598031,
      "test_edges": 14378,
      "test_hits@1": 0.286,
      "test_hits@10": 0.654,
      "test_hits@100": 0.844,
      "test_hits@50": 0.792,
      "test_mrr": 0.41448440659767494,
      "test_ndcg": 0.9566949444493975,
      "train_align": 2107.176462689568,
      "train_edges": 61760,
      "train_eval_time_sec": 2513.352843295783,
      "train_kl": 6741.559963809743,
      "train_loss": 11.570224169188855,
      "train_lp": 0.35722103586383896,
      "train_meta": 0.35460532103099074,
      "train_ood_reg": 0.22338139736184887,
      "train_rank": 0.16796366937604604,
      "train_struct_aux": 0.9686894003082724,
      "train_weighted_align": 10.535882054123224,
      "train_weighted_kl": 0.6741559792967403,
      "train_weighted_meta": 0.0017730265670894262,
      "train_weighted_ood_reg": 0.0002233814076616374,
      "train_weighted_rank": 0.000167963677328468,
      "train_weighted_struct_aux": 0.0009686894462599109,
      "val_ap": 0.7076697402996039,
      "val_auc": 0.9224260943909726,
      "val_edges": 14592,
      "val_hits@1": 0.245,
      "val_hits@10": 0.555,
      "val_hits@100": 0.81,
      "val_hits@50": 0.77,
      "val_mrr": 0.345453907513712,
      "val_ndcg": 0.952652652044657
    },
    {
      "ablation": "full",
      "allocated_mb": 49.5400390625,
      "dataset": "icews14",
      "few_shot_ratio": 1.0,
      "max_allocated_mb": 1292.0556640625,
      "method": "ssptgfm",
      "params_total": 2947300,
      "params_trainable": 2947251,
      "reserved_mb": 1546.0,
      "rough_forward_flops": 2792030208,
      "scenario": "standard",
      "seed": 2,
      "test_ap": 0.7217637839208487,
      "test_auc": 0.9327819004905041,
      "test_edges": 14378,
      "test_hits@1": 0.294,
      "test_hits@10": 0.662,
      "test_hits@100": 0.852,
      "test_hits@50": 0.81,
      "test_mrr": 0.4248737623809682,
      "test_ndcg": 0.9562926794038957,
      "train_align": 2083.8803509880513,
      "train_edges": 61760,
      "train_eval_time_sec": 2498.745646432042,
      "train_kl": 7217.25388805913,
      "train_loss": 11.501839897679348,
      "train_lp": 0.3581982925826428,
      "train_meta": 0.3515319128246868,
      "train_ood_reg": 0.19745175020367492,
      "train_rank": 0.16503326859252127,
      "train_struct_aux": 0.5595635753051907,
      "train_weighted_align": 10.419401516633876,
      "train_weighted_kl": 0.7217253707203211,
      "train_weighted_meta": 0.0017576595250170166,
      "train_weighted_ood_reg": 0.00019745175931009228,
      "train_weighted_rank": 0.00016503327662540672,
      "train_weighted_struct_aux": 0.0005595636026198775,
      "val_ap": 0.7018617216408785,
      "val_auc": 0.9209703194995997,
      "val_edges": 14592,
      "val_hits@1": 0.25,
      "val_hits@10": 0.57,
      "val_hits@100": 0.81,
      "val_hits@50": 0.75,
      "val_mrr": 0.34941123703574917,
      "val_ndcg": 0.9515612525452206
    },
    {
      "ablation": "full",
      "allocated_mb": 49.5400390625,
      "dataset": "icews14",
      "few_shot_ratio": 1.0,
      "max_allocated_mb": 1292.0830078125,
      "method": "ssptgfm",
      "params_total": 2947300,
      "params_trainable": 2947251,
      "reserved_mb": 1526.0,
      "rough_forward_flops": 2792030208,
      "scenario": "standard",
      "seed": 3,
      "test_ap": 0.730501992658323,
      "test_auc": 0.9366403993202935,
      "test_edges": 14378,
      "test_hits@1": 0.294,
      "test_hits@10": 0.66,
      "test_hits@100": 0.858,
      "test_hits@50": 0.8,
      "test_mrr": 0.4234702242620458,
      "test_ndcg": 0.9580877023248427,
      "train_align": 1792.6433773265167,
      "train_edges": 61760,
      "train_eval_time_sec": 2670.9566788710654,
      "train_kl": 7619.05632276348,
      "train_loss": 10.04823216643988,
      "train_lp": 0.3203508559395285,
      "train_meta": 0.32355296613246787,
      "train_ood_reg": 0.2151626676905389,
      "train_rank": 0.15444419942065782,
      "train_struct_aux": 0.9261238750289468,
      "train_weighted_align": 8.963216708688176,
      "train_weighted_kl": 0.7619056124313205,
      "train_weighted_meta": 0.001617764798107137,
      "train_weighted_ood_reg": 0.0002151626781400695,
      "train_weighted_rank": 0.00015444420688949965,
      "train_weighted_struct_aux": 0.0009261239208189734,
      "val_ap": 0.712772655147818,
      "val_auc": 0.9255604206154479,
      "val_edges": 14592,
      "val_hits@1": 0.24,
      "val_hits@10": 0.57,
      "val_hits@100": 0.82,
      "val_hits@50": 0.765,
      "val_mrr": 0.3423340648169265,
      "val_ndcg": 0.9538570482784223
    },
    {
      "ablation": "full",
      "allocated_mb": 49.5400390625,
      "dataset": "icews14",
      "few_shot_ratio": 1.0,
      "max_allocated_mb": 1292.0283203125,
      "method": "ssptgfm",
      "params_total": 2947300,
      "params_trainable": 2947251,
      "reserved_mb": 1524.0,
      "rough_forward_flops": 2792030208,
      "scenario": "standard",
      "seed": 4,
      "test_ap": 0.7231057375654868,
      "test_auc": 0.9330132381814453,
      "test_edges": 14378,
      "test_hits@1": 0.288,
      "test_hits@10": 0.654,
      "test_hits@100": 0.85,
      "test_hits@50": 0.808,
      "test_mrr": 0.417711511028059,
      "test_ndcg": 0.9563975561071988,
      "train_align": 2093.662562231924,
      "train_edges": 61760,
      "train_eval_time_sec": 2462.8474986366928,
      "train_kl": 6922.566300934436,
      "train_loss": 11.52319844937792,
      "train_lp": 0.36013082721654105,
      "train_meta": 0.35204515071476206,
      "train_ood_reg": 0.1970788034738279,
      "train_rank": 0.16776652907331785,
      "train_struct_aux": 0.5411170951291626,
      "train_weighted_align": 10.468312565485636,
      "train_weighted_kl": 0.6922566138061823,
      "train_weighted_meta": 0.0017602257085872779,
      "train_weighted_ood_reg": 0.00019707881306827652,
      "train_weighted_rank": 0.00016776653674063639,
      "train_weighted_struct_aux": 0.0005411171212828919,
      "val_ap": 0.6999619395473875,
      "val_auc": 0.9214884643930404,
      "val_edges": 14592,
      "val_hits@1": 0.235,
      "val_hits@10": 0.575,
      "val_hits@100": 0.8,
      "val_hits@50": 0.74,
      "val_mrr": 0.3364210623270329,
      "val_ndcg": 0.951341288141175
    },
    {
      "ablation": "full",
      "allocated_mb": 49.5400390625,
      "dataset": "icews14",
      "few_shot_ratio": 1.0,
      "max_allocated_mb": 1291.9462890625,
      "method": "ssptgfm",
      "params_total": 2947300,
      "params_trainable": 2947251,
      "reserved_mb": 1526.0,
      "rough_forward_flops": 2792030208,
      "scenario": "standard",
      "seed": 5,
      "test_ap": 0.7175553408414512,
      "test_auc": 0.9322283561338834,
      "test_edges": 14378,
      "test_hits@1": 0.294,
      "test_hits@10": 0.66,
      "test_hits@100": 0.844,
      "test_hits@50": 0.81,
      "test_mrr": 0.4242822443017858,
      "test_ndcg": 0.9554917055834057,
      "train_align": 2094.963794663373,
      "train_edges": 61760,
      "train_eval_time_sec": 1948.8938672430813,
      "train_kl": 7046.268337354473,
      "train_loss": 11.543621833651674,
      "train_lp": 0.3615525086136425,
      "train_meta": 0.36033105952482597,
      "train_ood_reg": 0.19715841728098252,
      "train_rank": 0.16634625814416829,
      "train_struct_aux": 0.6249306409966712,
      "train_weighted_align": 10.474818744846418,
      "train_weighted_kl": 0.7046268146412046,
      "train_weighted_meta": 0.0018016552594809921,