,,,,,test_ap,test_ap,test_ap,test_ap,test_auc,test_auc,test_auc,test_auc,test_edges,test_edges,test_edges,test_edges,test_hits@1,test_hits@1,test_hits@1,test_hits@1,test_hits@10,test_hits@10,test_hits@10,test_hits@10,test_hits@100,test_hits@100,test_hits@100,test_hits@100,test_hits@50,test_hits@50,test_hits@50,test_hits@50,test_mrr,test_mrr,test_mrr,test_mrr,test_ndcg,test_ndcg,test_ndcg,test_ndcg,val_ap,val_ap,val_ap,val_ap,val_auc,val_auc,val_auc,val_auc,val_edges,val_edges,val_edges,val_edges,val_hits@1,val_hits@1,val_hits@1,val_hits@1,val_hits@10,val_hits@10,val_hits@10,val_hits@10,val_hits@100,val_hits@100,val_hits@100,val_hits@100,val_hits@50,val_hits@50,val_hits@50,val_hits@50,val_mrr,val_mrr,val_mrr,val_mrr,val_ndcg,val_ndcg,val_ndcg,val_ndcg
,,,,,ci95,count,mean,std,ci95,count,mean,std,ci95,count,mean,std,ci95,count,mean,std,ci95,count,mean,std,ci95,count,mean,std,ci95,count,mean,std,ci95,count,mean,std,ci95,count,mean,std,ci95,count,mean,std,ci95,count,mean,std,ci95,count,mean,std,ci95,count,mean,std,ci95,count,mean,std,ci95,count,mean,std,ci95,count,mean,std,ci95,count,mean,std,ci95,count,mean,std
dataset,method,ablation,scenario,few_shot_ratio,,,,,,,,,,,,,,,,,,,,,,,,,,,,,,,,,,,,,,,,,,,,,,,,,,,,,,,,,,,,,,,,,,,,,,,,
icews14,ssptgfm,full,standard,1.0,0.004095580093808895,5,0.7231691920675806,0.004672446682169212,0.0016194457627902409,5,0.9339427503971859,0.0018475463323841727,0.0,5,14378.0,0.0,0.0034173767717358924,5,0.2912,0.0038987177379235906,0.003279707304013585,5,0.658,0.0037416573867739516,0.005170835135643001,5,0.8496,0.0058991524815010694,0.006901872209770324,5,0.804,0.007874007874011803,0.00404401631426206,5,0.42096442971410675,0.004613620092249041,0.0008299122167729403,5,0.956592917573748,0.0009468061898274673,0.004480783556211342,5,0.7051767977547829,0.005111906440893782,0.0018031974919850086,5,0.9221507401729078,0.002057179678028373,0.0,5,14592.0,0.0,0.0057143328569483984,5,0.24100000000000002,0.006519202405202654,0.01262641675219063,5,0.573,0.014404860290887944,0.01329336676692548,5,0.8160000000000001,0.01516575088810305,0.013997199719943983,5,0.761,0.01596871942267131,0.004236594588555281,5,0.3438081101135849,0.004833323210774163,0.0009543202363732542,5,0.952160834170982,0.0010887372045072776
